RBC,HCT,HGB,WBC,MCH,MCHC,MCV,RDW-SD,PLT,NEUT,LYMPH,MONO,EOS,BASO,count,percent,percent_cumulative
2,2,2,2,2,2,2,2,2,2,2,2,2,2,307391,42.225082,42.225082
2,2,2,2,2,2,2,2,2,1,2,2,2,2,13549,1.861172,44.086255
2,2,2,2,2,2,2,2,2,2,3,2,2,2,10827,1.487262,45.573517
2,2,2,2,3,2,2,2,2,2,2,2,2,2,10654,1.463498,47.037015
2,2,2,2,2,2,2,2,2,2,4,2,2,2,10438,1.433827,48.470841
2,2,2,2,2,2,2,4,2,2,2,2,2,2,10341,1.420502,49.891343
1,2,2,2,2,2,2,2,2,2,2,2,2,2,9678,1.329428,51.220772
2,2,2,2,2,2,2,3,2,2,2,2,2,2,8961,1.230937,52.451709
2,2,2,2,2,2,2,2,2,2,1,2,2,2,8314,1.142061,53.593770
2,2,2,1,2,2,2,2,2,1,2,2,2,2,6442,0.884912,54.478682
2,2,2,2,2,2,2,2,2,2,2,2,2,1,6421,0.882027,55.360709
2,2,2,2,2,3,2,2,2,2,2,2,2,2,6404,0.879692,56.240402
2,2,2,2,2,2,2,2,2,2,2,2,4,2,5483,0.753178,56.993580
2,2,2,4,2,2,2,2,2,4,2,2,2,2,5185,0.712243,57.705822
2,2,2,2,2,2,2,2,1,2,2,2,2,2,4412,0.606059,58.311881
2,2,2,2,2,2,2,2,2,2,2,2,1,2,4215,0.578998,58.890879
1,1,2,2,2,2,2,2,2,2,2,2,2,2,3877,0.532568,59.423447
2,2,2,2,2,4,2,2,2,2,2,2,2,2,3289,0.451797,59.875244
2,2,2,2,4,2,2,2,2,2,2,2,2,2,3249,0.446302,60.321546
2,2,2,2,2,2,3,2,2,2,2,2,2,2,3218,0.442044,60.763590
2,2,2,2,2,2,2,1,2,2,2,2,2,2,3179,0.436687,61.200277
2,2,2,3,2,2,2,2,2,2,2,2,2,2,3135,0.430643,61.630919
2,2,2,2,2,2,2,2,3,2,2,2,2,2,2944,0.404406,62.035325
0,0,0,2,2,2,2,2,2,2,2,2,2,2,2866,0.393691,62.429016
2,2,2,2,2,2,2,2,2,2,2,2,3,2,2734,0.375559,62.804575
2,2,2,2,2,1,2,2,2,2,2,2,2,2,2581,0.354542,63.159117
2,2,2,2,3,2,3,2,2,2,2,2,2,2,2360,0.324184,63.483300
2,1,2,2,2,2,2,2,2,2,2,2,2,2,2238,0.307425,63.790726
0,1,2,2,2,2,2,2,2,2,2,2,2,2,2208,0.303304,64.094030
2,2,2,2,2,2,2,2,2,2,2,3,2,2,2208,0.303304,64.397334
0,0,1,2,2,2,2,2,2,2,2,2,2,2,2168,0.297810,64.695144
2,2,2,2,2,2,2,2,4,2,2,2,2,2,2000,0.274732,64.969876
2,3,2,2,2,2,2,2,2,2,2,2,2,2,1997,0.274320,65.244196
1,2,2,2,3,2,2,2,2,2,2,2,2,2,1918,0.263468,65.507664
2,2,2,3,2,2,2,2,2,3,2,2,2,2,1890,0.259622,65.767285
2,2,2,1,2,2,2,2,2,2,2,2,2,2,1884,0.258798,66.026083
0,0,0,2,2,2,2,4,2,2,2,2,2,2,1548,0.212643,66.238726
2,2,2,4,2,2,2,2,2,2,4,2,2,2,1516,0.208247,66.446973
2,2,2,2,2,2,2,2,0,2,2,2,2,2,1461,0.200692,66.647664
2,2,2,3,2,2,2,2,2,2,4,2,2,2,1460,0.200554,66.848219
2,2,2,2,3,3,2,2,2,2,2,2,2,2,1377,0.189153,67.037372
2,2,2,2,2,2,1,2,2,2,2,2,2,2,1306,0.179400,67.216772
2,2,2,2,2,2,2,2,2,3,2,2,2,2,1229,0.168823,67.385595
2,2,2,2,2,2,2,2,2,2,2,4,2,2,1192,0.163740,67.549335
2,2,2,2,3,4,2,2,2,2,2,2,2,2,1182,0.162367,67.711702
1,2,2,2,4,2,2,2,2,2,2,2,2,2,1180,0.162092,67.873794
2,2,2,2,2,2,3,4,2,2,2,2,2,2,1166,0.160169,68.033962
2,2,2,2,4,2,3,2,2,2,2,2,2,2,1165,0.160031,68.193994
2,2,2,2,2,2,2,2,2,2,2,2,2,3,1151,0.158108,68.352102
2,2,2,2,2,2,2,2,2,2,2,2,2,4,1127,0.154812,68.506914
2,2,2,4,2,2,2,2,2,4,2,4,2,2,1112,0.152751,68.659665
2,2,2,2,2,2,2,2,2,2,0,2,2,2,1053,0.144646,68.804311
0,2,2,2,4,2,4,4,2,2,2,2,2,2,1048,0.143960,68.948271
2,2,2,2,2,0,2,2,2,2,2,2,2,2,1045,0.143548,69.091818
2,2,2,4,2,2,2,2,2,3,2,2,2,2,1029,0.141350,69.233168
1,2,2,2,2,2,2,4,2,2,2,2,2,2,1006,0.138190,69.371358
2,2,2,3,2,2,2,2,2,4,2,2,2,2,972,0.133520,69.504878
2,2,2,2,4,2,4,2,2,2,2,2,2,2,935,0.128437,69.633315
1,1,1,2,2,2,2,2,2,2,2,2,2,2,932,0.128025,69.761340
2,0,0,2,0,0,0,2,2,2,2,2,2,2,914,0.125553,69.886893
3,2,2,2,2,2,2,2,2,2,2,2,2,2,890,0.122256,70.009149
0,0,2,2,2,2,2,2,2,2,2,2,2,2,873,0.119921,70.129069
0,1,1,2,2,2,2,2,2,2,2,2,2,2,872,0.119783,70.248852
2,2,2,2,2,2,3,3,2,2,2,2,2,2,862,0.118410,70.367262
2,2,2,4,2,2,2,2,2,2,2,2,2,2,836,0.114838,70.482100
2,2,2,2,4,2,4,4,2,2,2,2,2,2,809,0.111129,70.593229
2,2,2,2,3,2,4,2,2,2,2,2,2,2,801,0.110030,70.703259
2,2,2,1,2,2,2,2,2,2,1,2,2,2,790,0.108519,70.811778
2,2,2,2,1,2,2,2,2,2,2,2,2,2,783,0.107558,70.919336
2,2,2,2,2,2,2,2,2,2,1,2,1,2,760,0.104398,71.023734
2,2,2,4,2,2,2,2,2,4,2,3,2,2,731,0.100415,71.124149
2,1,1,2,2,2,2,2,2,2,2,2,2,2,729,0.100140,71.224289
1,2,2,2,2,2,2,3,2,2,2,2,2,2,725,0.099590,71.323879
2,2,2,2,3,2,4,4,2,2,2,2,2,2,711,0.097667,71.421546
2,2,2,1,2,2,2,2,2,0,2,2,2,2,705,0.096843,71.518389
2,2,3,2,2,2,2,2,2,2,2,2,2,2,698,0.095881,71.614271
2,2,2,3,2,2,2,2,2,2,3,2,2,2,695,0.095469,71.709740
2,2,2,2,2,1,2,4,2,2,2,2,2,2,693,0.095195,71.804935
2,2,2,1,2,2,2,2,2,1,1,2,2,2,692,0.095057,71.899992
0,2,2,2,2,2,2,2,2,2,2,2,2,2,677,0.092997,71.992989
0,1,2,2,3,2,2,2,2,2,2,2,2,2,632,0.086815,72.079804
2,3,3,2,2,2,2,2,2,2,2,2,2,2,629,0.086403,72.166207
1,2,2,2,2,2,3,2,2,2,2,2,2,2,621,0.085304,72.251512
2,2,2,2,4,4,2,2,2,2,2,2,2,2,599,0.082282,72.333794
1,2,2,4,2,2,2,2,2,4,2,2,2,2,597,0.082008,72.415801
1,2,2,2,4,2,4,4,2,2,2,2,2,2,574,0.078848,72.494650
1,2,2,2,2,2,2,2,2,2,1,2,2,2,570,0.078299,72.572948
2,2,2,2,2,2,4,4,2,2,2,2,2,2,566,0.077749,72.650697
1,2,2,2,3,2,3,2,2,2,2,2,2,2,556,0.076376,72.727073
2,2,2,1,2,2,2,2,2,1,2,2,2,1,548,0.075277,72.802350
2,2,2,2,3,2,2,2,2,2,1,2,2,2,543,0.074590,72.876939
1,0,1,2,2,2,2,2,2,2,2,2,2,2,542,0.074452,72.951392
0,0,0,2,4,2,4,4,2,2,2,2,2,2,539,0.074040,73.025432
0,0,0,2,2,2,2,3,2,2,2,2,2,2,528,0.072529,73.097961
2,2,2,2,3,2,2,2,2,1,2,2,2,2,518,0.071156,73.169117
1,2,2,2,2,2,2,2,2,1,2,2,2,2,514,0.070606,73.239723
2,2,2,2,2,0,2,4,2,2,2,2,2,2,514,0.070606,73.310329
2,2,2,2,2,2,2,4,2,2,4,2,2,2,503,0.069095,73.379424
2,2,2,2,3,2,3,4,2,2,2,2,2,2,491,0.067447,73.446871
2,2,2,0,2,2,2,2,2,1,2,2,2,2,484,0.066485,73.513356
2,2,1,2,2,2,2,2,2,2,2,2,2,2,473,0.064974,73.578330
3,3,2,2,2,2,2,2,2,2,2,2,2,2,462,0.063463,73.641793
2,2,2,2,2,2,2,2,2,1,2,2,2,1,461,0.063326,73.705119
2,2,2,2,3,2,2,3,2,2,2,2,2,2,452,0.062089,73.767209
2,2,2,2,2,2,2,2,2,1,4,2,2,2,449,0.061677,73.828886
0,2,2,2,4,2,2,2,2,2,2,2,2,2,447,0.061403,73.890288
2,2,2,2,2,2,4,2,2,2,2,2,2,2,445,0.061128,73.951416
2,2,2,2,2,2,2,2,2,2,2,2,1,1,442,0.060716,74.012132
2,2,2,2,2,2,2,4,2,2,3,2,2,2,440,0.060441,74.072573
2,2,2,0,2,2,2,2,2,0,2,2,2,2,437,0.060029,74.132602
2,2,2,2,4,3,2,2,2,2,2,2,2,2,432,0.059342,74.191944
2,2,2,2,2,2,2,3,2,2,4,2,2,2,428,0.058793,74.250737
1,2,2,2,4,2,4,2,2,2,2,2,2,2,413,0.056732,74.307469
1,2,2,2,4,2,3,2,2,2,2,2,2,2,409,0.056183,74.363652
2,2,2,2,3,2,2,4,2,2,2,2,2,2,397,0.054534,74.418186
2,2,2,2,2,2,2,2,2,1,3,2,2,2,394,0.054122,74.472308
1,1,2,4,2,2,2,2,2,4,2,2,2,2,392,0.053847,74.526156
2,2,2,2,2,2,2,4,1,2,2,2,2,2,391,0.053710,74.579866
2,2,2,2,3,2,3,3,2,2,2,2,2,2,385,0.052886,74.632752
0,2,2,2,3,2,2,2,2,2,2,2,2,2,383,0.052611,74.685363
1,0,2,2,2,2,2,2,2,2,2,2,2,2,377,0.051787,74.737150
2,2,2,2,1,2,1,2,2,2,2,2,2,2,377,0.051787,74.788937
2,2,2,2,2,2,2,4,2,2,1,2,2,2,372,0.051100,74.840037
2,2,2,4,2,2,2,4,2,4,2,2,2,2,371,0.050963,74.891000
0,0,0,2,2,2,2,2,2,2,1,2,2,2,359,0.049314,74.940314
1,0,0,2,2,2,2,2,2,2,2,2,2,2,358,0.049177,74.989491
1,2,2,2,2,2,3,4,2,2,2,2,2,2,357,0.049040,75.038531
2,2,2,2,2,2,2,3,2,2,3,2,2,2,356,0.048902,75.087433
0,0,0,2,3,2,4,4,2,2,2,2,2,2,351,0.048215,75.135649
2,2,2,4,2,2,2,2,2,2,3,2,2,2,347,0.047666,75.183315
0,2,2,2,4,2,4,2,2,2,2,2,2,2,343,0.047117,75.230432
2,2,2,4,2,2,2,2,2,4,4,2,2,2,342,0.046979,75.277411
2,2,2,2,2,2,2,2,2,2,4,2,4,2,340,0.046704,75.324115
2,2,2,2,4,2,4,3,2,2,2,2,2,2,338,0.046430,75.370545
0,2,2,2,3,2,4,4,2,2,2,2,2,2,338,0.046430,75.416975
2,2,2,1,2,2,2,2,1,1,2,2,2,2,336,0.046155,75.463130
1,2,2,1,2,2,2,2,2,1,2,2,2,2,335,0.046018,75.509147
1,2,2,2,3,2,4,4,2,2,2,2,2,2,332,0.045606,75.554753
0,0,0,2,2,2,3,4,2,2,2,2,2,2,327,0.044919,75.599671
0,0,0,2,2,2,4,4,2,2,2,2,2,2,326,0.044781,75.644453
2,2,2,2,4,2,2,2,2,2,1,2,2,2,324,0.044507,75.688959
2,2,2,2,0,2,0,2,2,2,2,2,2,2,324,0.044507,75.733466
2,1,0,2,0,0,0,2,2,2,2,2,2,2,323,0.044369,75.777835
2,2,2,2,2,2,2,0,2,2,2,2,2,2,323,0.044369,75.822204
2,2,2,2,3,2,4,3,2,2,2,2,2,2,320,0.043957,75.866162
2,2,2,2,2,2,2,2,2,2,3,2,4,2,319,0.043820,75.909981
2,2,2,2,2,1,2,3,2,2,2,2,2,2,318,0.043682,75.953664
2,2,2,2,2,2,2,4,2,1,2,2,2,2,317,0.043545,75.997209
0,1,2,2,4,2,2,2,2,2,2,2,2,2,310,0.042583,76.039792
2,2,2,2,0,2,1,2,2,2,2,2,2,2,305,0.041897,76.081689
2,2,2,2,2,2,2,2,1,1,2,2,2,2,303,0.041622,76.123311
2,2,2,2,2,4,2,1,2,2,2,2,2,2,302,0.041485,76.164795
1,2,1,2,2,2,2,2,2,2,2,2,2,2,300,0.041210,76.206005
2,2,2,2,1,2,0,2,2,2,2,2,2,2,293,0.040248,76.246253
0,0,1,4,2,2,2,2,2,4,2,2,2,2,291,0.039974,76.286227
2,2,2,3,2,2,2,2,2,2,2,3,2,2,291,0.039974,76.326200
0,1,2,4,2,2,2,2,2,4,2,2,2,2,290,0.039836,76.366037
1,1,2,2,2,2,2,2,2,2,1,2,2,2,289,0.039699,76.405735
2,2,2,2,2,2,2,2,2,2,2,2,4,4,287,0.039424,76.445159
2,2,2,2,3,2,2,2,2,2,3,2,2,2,285,0.039149,76.484309
2,2,2,2,2,2,2,3,2,1,2,2,2,2,283,0.038875,76.523183
0,1,1,2,2,2,2,4,2,2,2,2,2,2,283,0.038875,76.562058
2,2,2,2,2,3,2,2,2,1,2,2,2,2,282,0.038737,76.600795
2,2,2,1,3,2,2,2,2,1,2,2,2,2,281,0.038600,76.639395
2,2,1,2,0,0,0,2,2,2,2,2,2,2,280,0.038462,76.677857
2,2,2,2,3,2,2,2,2,2,4,2,2,2,279,0.038325,76.716183
2,2,2,2,2,3,2,1,2,2,2,2,2,2,277,0.038050,76.754233
2,2,2,2,2,2,2,2,1,2,1,2,2,2,273,0.037501,76.791734
0,2,2,2,4,2,3,2,2,2,2,2,2,2,269,0.036951,76.828685
2,2,2,3,2,2,2,2,2,2,2,4,2,2,266,0.036539,76.865225
2,2,2,2,2,3,2,2,2,2,2,2,2,1,266,0.036539,76.901764
0,0,0,2,2,2,2,4,2,2,1,2,2,2,262,0.035990,76.937754
1,2,2,2,3,2,4,2,2,2,2,2,2,2,261,0.035853,76.973606
1,2,2,2,2,2,2,2,1,2,2,2,2,2,260,0.035715,77.009322
2,2,2,1,2,2,2,2,2,2,0,2,2,2,259,0.035578,77.044899
1,2,2,2,2,2,2,2,2,2,2,2,2,1,258,0.035440,77.080340
2,0,0,2,0,2,0,2,2,2,2,2,2,2,250,0.034342,77.114681
2,4,3,2,2,2,2,2,2,2,2,2,2,2,244,0.033517,77.148199
2,2,2,2,0,0,0,2,2,2,2,2,2,2,243,0.033380,77.181579
2,2,2,4,2,2,2,2,2,4,2,2,1,2,242,0.033243,77.214821
0,0,0,4,2,2,2,2,2,4,2,2,2,2,242,0.033243,77.248064
2,2,2,2,0,2,2,2,2,2,2,2,2,2,242,0.033243,77.281306
2,2,2,2,2,2,2,4,2,2,2,2,4,2,238,0.032693,77.314000
0,0,2,2,3,2,2,2,2,2,2,2,2,2,238,0.032693,77.346693
2,2,2,2,2,2,2,3,2,2,1,2,2,2,238,0.032693,77.379386
2,2,2,2,2,2,2,2,2,0,2,2,2,2,237,0.032556,77.411942
2,2,2,2,3,2,2,2,1,2,2,2,2,2,236,0.032418,77.444360
2,2,2,2,2,2,2,2,2,1,2,2,4,2,235,0.032281,77.476641
2,2,2,2,2,2,2,3,1,2,2,2,2,2,233,0.032006,77.508647
2,2,2,3,2,2,2,2,2,2,2,2,4,2,232,0.031869,77.540516
2,2,2,2,4,2,3,4,2,2,2,2,2,2,231,0.031732,77.572248
2,2,2,4,2,2,2,2,2,4,3,2,2,2,231,0.031732,77.603979
4,4,4,2,2,2,2,2,2,2,2,2,2,2,230,0.031594,77.635573
2,2,2,1,2,2,2,2,2,2,2,2,2,1,229,0.031457,77.667030
2,2,2,2,2,2,4,3,2,2,2,2,2,2,229,0.031457,77.698487
2,2,2,3,2,2,2,4,2,2,2,2,2,2,229,0.031457,77.729944
0,0,1,2,2,2,2,4,2,2,2,2,2,2,228,0.031319,77.761263
0,0,0,2,2,0,2,4,2,2,2,2,2,2,228,0.031319,77.792583
2,2,2,2,2,2,2,2,2,2,2,2,1,0,228,0.031319,77.823902
2,2,2,4,2,2,2,3,2,4,2,2,2,2,227,0.031182,77.855084
2,2,2,2,2,3,2,2,2,2,3,2,2,2,227,0.031182,77.886266
0,0,1,2,2,2,2,2,2,2,1,2,2,2,227,0.031182,77.917449
2,2,2,2,2,2,2,2,1,2,2,2,2,1,226,0.031045,77.948493
2,2,2,2,2,3,2,2,2,2,4,2,2,2,225,0.030907,77.979401
2,2,2,2,2,2,2,2,2,2,2,2,2,0,223,0.030633,78.010033
0,2,2,2,3,2,3,2,2,2,2,2,2,2,223,0.030633,78.040666
2,2,2,2,2,2,2,4,2,2,2,2,2,1,222,0.030495,78.071161
2,2,2,4,2,2,2,4,2,2,4,2,2,2,222,0.030495,78.101656
2,0,0,2,0,0,0,4,2,2,2,2,2,2,220,0.030221,78.131877
2,2,2,2,2,2,2,3,2,2,2,2,4,2,211,0.028984,78.160861
2,2,2,4,2,2,2,2,2,3,4,2,2,2,210,0.028847,78.189708
1,2,2,2,2,2,4,4,2,2,2,2,2,2,207,0.028435,78.218143
0,1,2,2,2,2,2,4,2,2,2,2,2,2,206,0.028297,78.246440
2,2,2,2,3,2,2,2,2,2,2,2,1,2,205,0.028160,78.274600
2,2,2,4,2,2,2,2,2,2,2,4,2,2,204,0.028023,78.302623
1,2,2,2,2,2,3,3,2,2,2,2,2,2,204,0.028023,78.330646
2,2,2,2,2,2,2,2,3,2,4,2,2,2,203,0.027885,78.358531
2,2,2,4,3,2,2,2,2,4,2,2,2,2,202,0.027748,78.386279
2,2,2,2,2,2,2,2,3,2,3,2,2,2,201,0.027611,78.413889
0,2,2,2,2,2,3,2,2,2,2,2,2,2,197,0.027061,78.440950
2,2,2,1,2,2,2,4,2,1,2,2,2,2,197,0.027061,78.468012
2,2,2,4,2,2,2,2,2,2,4,4,2,2,194,0.026649,78.494661
1,2,2,2,2,2,2,2,2,2,2,2,1,2,194,0.026649,78.521310
0,2,2,2,4,2,4,3,2,2,2,2,2,2,193,0.026512,78.547821
2,2,2,2,2,2,2,4,4,2,2,2,2,2,192,0.026374,78.574196
1,2,2,3,2,2,2,2,2,3,2,2,2,2,190,0.026100,78.600295
0,0,1,2,3,2,2,2,2,2,2,2,2,2,190,0.026100,78.626395
2,2,2,2,2,2,2,2,2,2,2,2,4,3,190,0.026100,78.652494
2,4,4,2,2,2,2,2,2,2,2,2,2,2,188,0.025825,78.678319
0,0,0,2,2,1,2,4,2,2,2,2,2,2,187,0.025687,78.704006
2,2,2,0,2,2,2,2,2,1,1,2,2,2,186,0.025550,78.729557
0,0,2,2,4,2,2,2,2,2,2,2,2,2,185,0.025413,78.754969
3,4,3,2,2,2,2,2,2,2,2,2,2,2,182,0.025001,78.779970
2,2,2,4,2,2,2,2,2,2,4,3,2,2,182,0.025001,78.804970
2,2,2,4,2,2,2,2,2,3,3,2,2,2,182,0.025001,78.829971
2,2,2,2,2,2,2,2,2,2,0,2,1,2,182,0.025001,78.854972
2,2,2,2,2,2,0,2,2,2,2,2,2,2,181,0.024863,78.879835
2,2,2,2,1,0,2,2,2,2,2,2,2,2,181,0.024863,78.904698
1,1,2,2,2,3,2,2,2,2,2,2,2,2,180,0.024726,78.929424
2,2,2,2,2,2,2,3,2,2,2,2,2,1,180,0.024726,78.954150
0,1,2,2,4,2,4,4,2,2,2,2,2,2,179,0.024589,78.978738
2,2,2,2,3,2,2,2,2,2,2,2,2,1,178,0.024451,79.003190
0,2,2,2,3,2,4,2,2,2,2,2,2,2,178,0.024451,79.027641
2,2,2,2,2,2,2,2,2,2,4,2,3,2,178,0.024451,79.052092
1,1,2,2,2,2,2,2,2,1,2,2,2,2,176,0.024176,79.076268
2,4,2,2,2,2,2,2,2,2,2,2,2,2,175,0.024039,79.100307
2,2,2,2,2,2,2,4,2,2,2,3,2,2,175,0.024039,79.124346
1,2,2,2,2,2,2,2,2,2,3,2,2,2,173,0.023764,79.148111
2,2,2,2,2,2,2,2,4,2,4,2,2,2,172,0.023627,79.171738
4,4,3,2,2,2,2,2,2,2,2,2,2,2,172,0.023627,79.195365
2,2,2,4,2,2,2,2,2,3,2,4,2,2,169,0.023215,79.218580
2,2,2,2,2,2,2,1,2,1,2,2,2,2,168,0.023077,79.241657
2,2,2,2,2,2,3,2,2,2,3,2,2,2,168,0.023077,79.264735
1,2,2,2,3,2,2,2,2,2,1,2,2,2,168,0.023077,79.287812
2,1,2,2,2,2,2,2,2,2,1,2,2,2,168,0.023077,79.310890
2,2,2,2,2,2,2,2,2,1,2,2,1,2,167,0.022940,79.333830
2,2,2,2,3,2,2,2,2,2,2,2,4,2,166,0.022803,79.356632
0,0,0,2,2,2,2,4,1,2,2,2,2,2,165,0.022665,79.379298
2,2,2,2,4,2,3,3,2,2,2,2,2,2,165,0.022665,79.401963
0,2,2,2,2,2,2,4,2,2,2,2,2,2,164,0.022528,79.424491
1,2,2,2,2,2,2,2,2,2,2,2,4,2,164,0.022528,79.447019
2,2,2,2,2,0,2,3,2,2,2,2,2,2,163,0.022391,79.469410
1,2,2,2,4,2,4,3,2,2,2,2,2,2,163,0.022391,79.491801
2,2,2,2,2,2,2,2,2,2,3,2,3,2,163,0.022391,79.514191
1,2,2,2,2,2,4,2,2,2,2,2,2,2,161,0.022116,79.536307
2,2,2,4,2,2,2,2,2,3,2,3,2,2,161,0.022116,79.558423
2,2,2,2,2,4,2,2,2,2,2,2,2,1,160,0.021979,79.580402
2,2,2,3,2,2,2,3,2,2,2,2,2,2,160,0.021979,79.602380
1,2,2,2,2,2,2,2,2,3,2,2,2,2,160,0.021979,79.624359
2,0,0,2,0,1,0,2,2,2,2,2,2,2,159,0.021841,79.646200
2,2,2,2,2,2,3,2,2,2,4,2,2,2,159,0.021841,79.668041
2,3,2,2,2,2,2,4,2,2,2,2,2,2,159,0.021841,79.689882
3,3,3,2,2,2,2,2,2,2,2,2,2,2,158,0.021704,79.711586
4,3,2,2,2,2,2,2,2,2,2,2,2,2,158,0.021704,79.733290
2,3,2,2,2,2,2,2,2,2,4,2,2,2,157,0.021566,79.754857
2,2,2,4,2,3,2,2,2,4,2,2,2,2,157,0.021566,79.776423
1,2,2,2,2,2,2,2,2,2,4,2,2,2,157,0.021566,79.797990
1,1,1,2,2,2,2,4,2,2,2,2,2,2,156,0.021429,79.819419
2,0,0,2,0,0,0,2,4,2,2,2,2,2,156,0.021429,79.840848
2,2,2,1,2,3,2,2,2,1,2,2,2,2,155,0.021292,79.862139
2,2,2,2,1,1,1,2,2,2,2,2,2,2,155,0.021292,79.883431
0,1,2,2,2,2,2,3,2,2,2,2,2,2,155,0.021292,79.904723
1,2,2,2,3,3,2,2,2,2,2,2,2,2,154,0.021154,79.925877
0,0,1,2,2,2,2,3,2,2,2,2,2,2,152,0.020880,79.946757
2,0,1,2,2,2,2,2,2,2,2,2,2,2,152,0.020880,79.967637
2,2,2,2,2,2,3,2,2,1,2,2,2,2,152,0.020880,79.988516
2,2,2,4,2,2,2,2,2,2,2,3,2,2,151,0.020742,80.009258
1,2,2,2,4,2,2,2,2,2,1,2,2,2,150,0.020605,80.029863
0,0,0,2,2,2,2,2,1,2,2,2,2,2,148,0.020330,80.050194
1,2,2,2,3,2,3,4,2,2,2,2,2,2,147,0.020193,80.070386
2,3,4,2,2,2,2,2,2,2,2,2,2,2,147,0.020193,80.090579
2,2,2,2,2,2,2,4,3,2,2,2,2,2,147,0.020193,80.110772
0,0,0,2,2,2,2,4,2,2,0,2,2,2,146,0.020055,80.130827
1,2,2,3,2,2,2,2,2,4,2,2,2,2,146,0.020055,80.150883
0,1,1,2,2,2,2,3,2,2,2,2,2,2,146,0.020055,80.170938
2,2,2,4,2,2,2,2,2,2,4,2,4,2,145,0.019918,80.190856
0,1,2,2,2,2,2,2,2,2,1,2,2,2,144,0.019781,80.210637
3,4,4,2,2,2,2,2,2,2,2,2,2,2,144,0.019781,80.230418
2,2,2,2,4,2,2,2,2,2,2,2,1,2,144,0.019781,80.250198
1,1,2,2,2,4,2,2,2,2,2,2,2,2,143,0.019643,80.269842
1,1,2,2,2,2,2,4,2,2,2,2,2,2,141,0.019369,80.289210
0,0,2,4,2,2,2,2,2,4,2,2,2,2,141,0.019369,80.308579
2,2,2,2,4,2,2,3,2,2,2,2,2,2,140,0.019231,80.327810
2,2,2,1,2,2,2,2,2,1,2,2,1,2,139,0.019094,80.346904
2,2,2,4,2,2,2,3,2,2,4,2,2,2,139,0.019094,80.365998
3,4,2,2,2,2,2,2,2,2,2,2,2,2,137,0.018819,80.384817
1,1,0,2,2,2,2,2,2,2,2,2,2,2,137,0.018819,80.403636
1,2,1,2,2,2,2,4,2,2,2,2,2,2,137,0.018819,80.422456
2,2,2,2,2,3,2,2,1,2,2,2,2,2,136,0.018682,80.441137
2,2,2,2,0,1,0,2,2,2,2,2,2,2,136,0.018682,80.459819
0,0,0,2,3,2,2,2,2,2,2,2,2,2,136,0.018682,80.478501
1,2,2,2,4,4,2,2,2,2,2,2,2,2,135,0.018544,80.497045
2,2,2,4,2,2,2,2,2,4,4,4,2,2,134,0.018407,80.515452
1,1,2,3,2,2,2,2,2,3,2,2,2,2,134,0.018407,80.533859
0,2,2,2,2,2,3,4,2,2,2,2,2,2,133,0.018270,80.552129
0,1,0,2,2,2,2,2,2,2,2,2,2,2,133,0.018270,80.570399
0,0,1,3,2,2,2,2,2,3,2,2,2,2,132,0.018132,80.588531
2,2,2,2,2,2,2,4,0,2,2,2,2,2,132,0.018132,80.606663
2,2,2,2,2,2,2,4,2,2,2,2,1,2,131,0.017995,80.624658
0,2,2,2,2,2,4,4,2,2,2,2,2,2,131,0.017995,80.642653
2,2,2,1,2,2,2,3,2,1,2,2,2,2,131,0.017995,80.660648
1,2,2,2,3,2,2,3,2,2,2,2,2,2,130,0.017858,80.678506
2,0,0,2,0,0,0,2,3,2,2,2,2,2,130,0.017858,80.696363
2,2,2,2,4,2,2,2,2,1,2,2,2,2,130,0.017858,80.714221
2,2,2,4,2,4,2,2,2,4,2,2,2,2,129,0.017720,80.731941
1,2,2,2,3,2,2,2,2,1,2,2,2,2,128,0.017583,80.749524
0,0,0,2,2,0,4,4,2,2,2,2,2,2,128,0.017583,80.767107
0,0,1,2,4,2,2,2,2,2,2,2,2,2,127,0.017445,80.784552
2,1,1,2,2,2,2,4,2,2,2,2,2,2,127,0.017445,80.801998
2,3,2,2,2,2,2,3,2,2,2,2,2,2,127,0.017445,80.819443
2,2,2,2,2,1,2,2,2,2,3,2,2,2,127,0.017445,80.836889
2,2,2,2,2,2,2,4,2,2,2,4,2,2,127,0.017445,80.854334
2,2,2,2,2,4,2,2,2,1,2,2,2,2,126,0.017308,80.871642
1,1,2,2,2,2,2,2,2,2,2,2,2,1,126,0.017308,80.888951
2,2,2,2,2,2,1,4,2,2,2,2,2,2,126,0.017308,80.906259
2,2,2,4,2,2,2,2,3,4,2,2,2,2,125,0.017171,80.923429
2,2,2,2,4,2,2,4,2,2,2,2,2,2,123,0.016896,80.940325
2,1,2,4,2,2,2,2,2,4,2,2,2,2,123,0.016896,80.957221
2,2,2,4,2,2,2,2,4,4,2,2,2,2,123,0.016896,80.974117
0,0,2,2,2,2,2,2,2,2,1,2,2,2,123,0.016896,80.991014
2,2,2,2,4,3,3,2,2,2,2,2,2,2,123,0.016896,81.007910
2,2,2,2,2,2,2,3,4,2,2,2,2,2,122,0.016759,81.024668
2,2,2,2,2,4,2,2,2,2,3,2,2,2,122,0.016759,81.041427
1,1,2,2,2,2,2,3,2,2,2,2,2,2,121,0.016621,81.058048
2,2,2,2,2,1,2,2,2,1,2,2,2,2,120,0.016484,81.074532
2,2,2,2,2,2,2,3,3,2,2,2,2,2,120,0.016484,81.091016
2,2,2,2,3,2,3,2,2,1,2,2,2,2,119,0.016347,81.107363
2,2,2,2,2,2,2,2,2,2,4,2,2,4,119,0.016347,81.123709
2,2,2,2,2,1,2,2,2,2,4,2,2,2,119,0.016347,81.140056
1,2,2,2,3,2,3,3,2,2,2,2,2,2,118,0.016209,81.156265
0,0,0,2,4,2,4,4,1,2,2,2,2,2,118,0.016209,81.172474
1,1,2,2,2,2,2,2,2,2,2,2,1,2,118,0.016209,81.188683
1,2,2,2,3,4,2,2,2,2,2,2,2,2,118,0.016209,81.204892
2,2,2,2,2,2,2,2,2,2,4,2,2,3,118,0.016209,81.221102
2,2,2,2,2,2,2,3,2,2,2,3,2,2,117,0.016072,81.237173
1,1,2,1,2,2,2,2,2,1,2,2,2,2,117,0.016072,81.253245
2,2,2,2,2,2,2,2,2,2,4,3,2,2,117,0.016072,81.269317
2,2,2,2,3,2,3,2,2,2,4,2,2,2,117,0.016072,81.285389
2,2,2,3,2,2,2,4,2,2,4,2,2,2,117,0.016072,81.301461
2,2,2,2,2,2,2,2,2,2,1,2,2,1,116,0.015934,81.317395
2,2,2,3,3,2,2,2,2,2,2,2,2,2,115,0.015797,81.333192
2,2,1,2,2,1,2,2,2,2,2,2,2,2,115,0.015797,81.348989
2,2,2,4,2,2,2,2,2,2,2,2,4,2,115,0.015797,81.364786
0,2,2,2,4,2,4,4,1,2,2,2,2,2,115,0.015797,81.380584
0,2,2,2,4,2,3,4,2,2,2,2,2,2,115,0.015797,81.396381
2,3,2,2,2,2,2,2,2,2,3,2,2,2,114,0.015660,81.412040
2,2,2,2,3,2,2,2,2,2,2,3,2,2,114,0.015660,81.427700
2,2,2,2,2,2,2,2,2,2,3,2,2,1,113,0.015522,81.443222
2,2,2,2,2,2,2,2,2,2,1,2,4,2,113,0.015522,81.458745
2,2,2,2,2,2,2,1,2,2,1,2,2,2,113,0.015522,81.474267
2,2,2,2,2,2,2,2,4,2,3,2,2,2,112,0.015385,81.489652
0,0,0,2,2,2,2,2,2,2,0,2,2,2,111,0.015248,81.504900
2,1,1,2,0,2,0,2,2,2,2,2,2,2,111,0.015248,81.520147
1,2,2,2,3,2,2,4,2,2,2,2,2,2,110,0.015110,81.535258
2,2,2,2,2,2,2,3,2,2,2,2,3,2,110,0.015110,81.550368
2,0,0,2,0,2,1,2,2,2,2,2,2,2,110,0.015110,81.565478
1,2,2,3,2,2,2,2,2,2,2,2,2,2,110,0.015110,81.580589
2,2,3,2,3,2,2,2,2,2,2,2,2,2,109,0.014973,81.595561
2,2,2,3,2,2,2,3,2,2,4,2,2,2,109,0.014973,81.610534
2,2,2,1,2,2,2,2,1,2,2,2,2,2,108,0.014836,81.625370
2,2,2,2,2,2,2,2,2,2,2,3,4,2,108,0.014836,81.640205
2,2,2,2,2,4,2,2,2,2,4,2,2,2,108,0.014836,81.655041
1,2,2,2,3,2,4,3,2,2,2,2,2,2,107,0.014698,81.669739
4,2,2,2,2,2,2,2,2,2,2,2,2,2,107,0.014698,81.684437
2,2,2,2,0,0,1,2,2,2,2,2,2,2,107,0.014698,81.699135
0,2,2,2,3,2,3,4,2,2,2,2,2,2,106,0.014561,81.713696
2,2,2,3,2,2,2,2,2,3,2,3,2,2,106,0.014561,81.728257
2,2,2,2,2,2,2,1,2,2,4,2,2,2,105,0.014423,81.742680
2,2,2,2,2,2,2,4,2,2,2,2,3,2,105,0.014423,81.757104
1,2,2,2,4,2,3,4,2,2,2,2,2,2,104,0.014286,81.771390
0,1,1,2,4,2,4,4,2,2,2,2,2,2,104,0.014286,81.785676
2,2,2,2,2,2,2,2,1,2,2,2,1,2,104,0.014286,81.799962
2,2,2,2,2,2,2,2,2,1,2,2,3,2,103,0.014149,81.814111
2,0,0,2,0,0,0,3,2,2,2,2,2,2,103,0.014149,81.828259
2,1,2,2,2,2,2,2,2,1,2,2,2,2,103,0.014149,81.842408
0,1,2,3,2,2,2,2,2,3,2,2,2,2,103,0.014149,81.856557
2,2,2,1,2,2,2,2,2,2,1,2,1,2,102,0.014011,81.870568
2,1,2,2,2,3,2,2,2,2,2,2,2,2,102,0.014011,81.884580
0,1,2,2,4,2,3,2,2,2,2,2,2,2,102,0.014011,81.898591
0,0,1,2,4,2,4,4,2,2,2,2,2,2,102,0.014011,81.912602
2,2,2,2,2,2,1,1,2,2,2,2,2,2,102,0.014011,81.926614
2,2,2,0,2,2,2,2,2,1,0,2,2,2,102,0.014011,81.940625
1,2,2,2,2,3,2,2,2,2,2,2,2,2,102,0.014011,81.954636
2,2,2,4,2,2,2,2,2,4,1,2,2,2,102,0.014011,81.968648
1,1,2,2,2,2,2,2,2,3,2,2,2,2,102,0.014011,81.982659
1,2,2,2,4,3,2,2,2,2,2,2,2,2,101,0.013874,81.996533
0,0,0,2,2,2,2,4,0,2,2,2,2,2,101,0.013874,82.010407
2,2,2,2,3,2,3,2,2,2,3,2,2,2,101,0.013874,82.024281
2,2,2,2,1,0,2,4,2,2,2,2,2,2,101,0.013874,82.038155
0,2,2,2,2,2,2,3,2,2,2,2,2,2,101,0.013874,82.052029
2,2,2,4,2,2,2,4,2,4,2,4,2,2,100,0.013737,82.065765
4,4,2,2,2,2,2,2,2,2,2,2,2,2,100,0.013737,82.079502
1,2,2,4,3,2,2,2,2,4,2,2,2,2,100,0.013737,82.093239
0,0,1,2,2,2,2,2,2,3,2,2,2,2,100,0.013737,82.106975
2,2,2,3,2,2,2,2,3,2,2,2,2,2,100,0.013737,82.120712
2,2,1,2,2,2,2,4,2,2,2,2,2,2,100,0.013737,82.134448
2,2,2,2,2,2,2,2,2,2,3,2,2,4,99,0.013599,82.148048
2,2,2,4,2,2,2,2,2,4,2,2,4,2,99,0.013599,82.161647
0,1,2,2,2,2,2,2,2,3,2,2,2,2,99,0.013599,82.175246
2,2,2,2,2,2,2,3,2,2,2,2,1,2,99,0.013599,82.188845
2,2,2,2,2,2,2,1,2,2,3,2,2,2,99,0.013599,82.202445
2,2,2,2,4,2,2,2,1,2,2,2,2,2,98,0.013462,82.215906
0,1,2,2,3,2,3,2,2,2,2,2,2,2,98,0.013462,82.229368
2,2,2,3,2,2,2,4,2,3,2,2,2,2,98,0.013462,82.242830
0,0,0,2,4,2,4,4,0,2,2,2,2,2,98,0.013462,82.256292
1,0,0,2,2,2,2,4,2,2,2,2,2,2,97,0.013325,82.269617
0,0,2,2,2,3,2,2,2,2,2,2,2,2,97,0.013325,82.282941
0,0,0,2,2,2,3,2,2,2,2,2,2,2,96,0.013187,82.296128
2,2,3,2,2,3,2,2,2,2,2,2,2,2,96,0.013187,82.309315
2,2,2,1,2,2,3,2,2,1,2,2,2,2,96,0.013187,82.322502
2,2,2,2,2,2,2,2,2,3,1,2,2,2,96,0.013187,82.335690
0,0,0,2,2,2,2,2,2,2,2,2,2,1,96,0.013187,82.348877
0,2,2,2,3,2,4,3,2,2,2,2,2,2,95,0.013050,82.361927
2,2,2,4,2,2,2,2,2,4,2,4,1,2,95,0.013050,82.374976
1,2,2,4,2,2,2,2,2,4,2,4,2,2,95,0.013050,82.388026
0,0,0,2,4,2,2,2,2,2,2,2,2,2,95,0.013050,82.401076
2,2,1,2,0,0,1,2,2,2,2,2,2,2,95,0.013050,82.414126
3,2,2,2,2,2,1,2,2,2,2,2,2,2,95,0.013050,82.427175
2,2,1,2,2,0,2,4,2,2,2,2,2,2,95,0.013050,82.440225
0,0,0,3,2,2,2,2,2,3,2,2,2,2,94,0.012912,82.453138
0,1,1,2,2,2,3,4,2,2,2,2,2,2,94,0.012912,82.466050
2,1,2,2,2,2,2,4,2,2,2,2,2,2,93,0.012775,82.478825
0,1,1,2,3,2,4,4,2,2,2,2,2,2,93,0.012775,82.491600
2,2,2,2,2,2,2,2,0,2,1,2,2,2,93,0.012775,82.504375
0,0,1,2,2,2,2,2,2,2,2,2,2,1,93,0.012775,82.517150
1,2,2,2,2,2,2,2,2,2,0,2,2,2,92,0.012638,82.529788
1,1,2,2,3,2,2,2,2,2,2,2,2,2,91,0.012500,82.542288
2,2,2,3,2,2,2,2,2,2,4,2,4,2,91,0.012500,82.554788
0,2,2,2,4,2,2,2,2,2,1,2,2,2,91,0.012500,82.567289
1,2,2,2,2,2,2,2,2,2,2,3,2,2,91,0.012500,82.579789
0,1,0,2,2,2,2,4,2,2,2,2,2,2,90,0.012363,82.592152
2,2,2,4,2,2,2,2,2,2,4,2,2,4,90,0.012363,82.604515
2,2,2,2,2,2,2,2,2,2,1,3,2,2,90,0.012363,82.616878
2,2,1,2,0,0,0,4,2,2,2,2,2,2,90,0.012363,82.629241
2,2,2,2,2,2,2,4,2,3,2,2,2,2,90,0.012363,82.641604
2,2,1,2,2,0,2,2,2,2,2,2,2,2,89,0.012226,82.653829
2,2,2,2,2,2,2,2,2,2,3,2,2,3,89,0.012226,82.666055
1,1,1,2,2,2,2,3,2,2,2,2,2,2,89,0.012226,82.678281
2,1,0,2,0,0,0,4,2,2,2,2,2,2,89,0.012226,82.690506
2,2,2,2,2,3,2,2,2,2,2,2,4,2,89,0.012226,82.702732
2,2,0,2,0,0,0,2,2,2,2,2,2,2,89,0.012226,82.714957
0,0,0,2,4,2,4,4,2,2,1,2,2,2,89,0.012226,82.727183
0,0,2,2,3,4,2,2,2,2,2,2,2,2,89,0.012226,82.739408
0,0,0,2,2,2,2,3,2,2,1,2,2,2,89,0.012226,82.751634
2,2,2,4,2,2,2,4,2,3,2,2,2,2,87,0.011951,82.763585
2,2,2,2,2,2,2,2,2,2,1,4,2,2,87,0.011951,82.775536
2,2,2,2,2,2,2,2,2,2,4,2,2,1,87,0.011951,82.787487
0,0,0,4,2,2,2,2,2,4,2,4,2,2,87,0.011951,82.799437
2,1,2,2,2,4,2,2,2,2,2,2,2,2,87,0.011951,82.811388
1,2,2,1,2,2,2,2,2,2,2,2,2,2,87,0.011951,82.823339
1,1,2,2,2,2,2,2,1,2,2,2,2,2,87,0.011951,82.835290
0,0,1,2,2,2,2,2,2,2,2,2,1,2,86,0.011813,82.847103
2,2,2,3,2,2,2,3,2,3,2,2,2,2,86,0.011813,82.858917
2,2,2,3,2,2,2,2,4,2,2,2,2,2,86,0.011813,82.870730
0,0,0,4,2,2,2,4,2,4,2,2,2,2,85,0.011676,82.882406
2,2,2,1,2,4,2,2,2,1,2,2,2,2,85,0.011676,82.894083
0,0,1,3,2,2,2,2,2,4,2,2,2,2,84,0.011539,82.905621
1,2,2,2,4,2,2,3,2,2,2,2,2,2,84,0.011539,82.917160
0,0,0,2,3,2,3,4,2,2,2,2,2,2,83,0.011401,82.928561
2,2,2,2,2,2,3,2,1,2,2,2,2,2,83,0.011401,82.939963
2,2,2,4,2,2,2,2,2,4,2,2,2,4,83,0.011401,82.951364
2,1,2,2,2,2,2,2,2,2,2,2,1,2,82,0.011264,82.962628
2,2,2,2,2,2,2,2,2,4,2,2,2,2,82,0.011264,82.973892
2,2,2,3,2,2,2,2,2,2,4,3,2,2,82,0.011264,82.985156
2,2,2,2,2,2,3,2,2,2,2,2,2,1,82,0.011264,82.996420
1,2,2,2,4,2,3,3,2,2,2,2,2,2,82,0.011264,83.007684
2,2,2,1,2,2,2,2,2,1,1,2,1,2,81,0.011127,83.018811
2,2,2,2,3,2,2,2,2,2,2,2,3,2,80,0.010989,83.029800
2,2,2,3,2,2,2,2,2,2,2,2,3,2,80,0.010989,83.040789
2,2,2,2,2,2,3,4,2,2,4,2,2,2,80,0.010989,83.051779
2,2,2,2,2,2,2,1,2,2,2,2,2,1,80,0.010989,83.062768
0,1,2,2,3,3,2,2,2,2,2,2,2,2,80,0.010989,83.073757
0,0,2,2,2,4,2,2,2,2,2,2,2,2,80,0.010989,83.084747
0,0,0,2,2,2,2,2,2,2,2,2,4,2,80,0.010989,83.095736
0,2,2,2,3,2,3,3,2,2,2,2,2,2,79,0.010852,83.106588
0,0,1,2,2,2,2,2,1,2,2,2,2,2,79,0.010852,83.117440
1,1,2,3,2,2,2,2,2,4,2,2,2,2,79,0.010852,83.128292
2,2,2,2,2,2,2,3,0,2,2,2,2,2,79,0.010852,83.139144
2,2,2,2,2,2,2,3,2,2,2,4,2,2,79,0.010852,83.149995
2,2,2,2,2,2,2,2,1,2,3,2,2,2,79,0.010852,83.160847
2,2,2,1,3,2,3,2,2,1,2,2,2,2,78,0.010715,83.171562
0,0,0,2,2,2,2,2,2,1,2,2,2,2,78,0.010715,83.182276
0,1,2,2,4,4,2,2,2,2,2,2,2,2,78,0.010715,83.192991
2,2,2,2,0,0,0,4,2,2,2,2,2,2,78,0.010715,83.203706
2,0,0,2,2,2,2,2,2,2,2,2,2,2,78,0.010715,83.214420
2,2,2,2,2,2,2,2,3,2,2,2,4,2,77,0.010577,83.224997
2,1,1,2,1,2,2,2,2,2,2,2,2,2,77,0.010577,83.235575
2,2,2,2,2,2,2,4,2,2,0,2,2,2,77,0.010577,83.246152
0,1,2,2,2,2,2,2,2,2,2,2,2,1,77,0.010577,83.256729
1,2,2,2,2,2,4,3,2,2,2,2,2,2,76,0.010440,83.267169
2,2,2,4,2,2,2,3,2,4,2,4,2,2,76,0.010440,83.277609
2,2,2,0,2,2,2,2,2,0,1,2,2,2,76,0.010440,83.288048
0,1,2,2,2,2,2,2,1,2,2,2,2,2,76,0.010440,83.298488
0,1,2,2,4,2,4,2,2,2,2,2,2,2,76,0.010440,83.308928
2,2,2,4,2,2,2,4,2,2,2,2,2,2,76,0.010440,83.319368
0,2,1,2,2,2,4,4,2,2,2,2,2,2,76,0.010440,83.329808
2,2,2,3,3,2,2,2,2,3,2,2,2,2,75,0.010302,83.340110
1,2,2,2,2,2,2,2,3,2,2,2,2,2,75,0.010302,83.350413
2,2,2,2,1,2,2,4,2,2,2,2,2,2,75,0.010302,83.360715
0,1,2,2,2,2,2,2,2,1,2,2,2,2,75,0.010302,83.371017
2,2,2,4,2,2,2,4,2,4,2,3,2,2,75,0.010302,83.381320
0,1,2,3,2,2,2,2,2,4,2,2,2,2,75,0.010302,83.391622
1,2,2,2,2,2,2,4,1,2,2,2,2,2,74,0.010165,83.401787
2,2,2,3,2,2,2,4,2,4,2,2,2,2,74,0.010165,83.411952
2,2,2,2,1,0,1,2,2,2,2,2,2,2,74,0.010165,83.422118
1,2,2,2,2,2,2,2,2,2,2,2,3,2,74,0.010165,83.432283
2,2,2,0,2,2,2,2,2,0,2,2,2,1,74,0.010165,83.442448
2,2,2,2,2,4,2,2,1,2,2,2,2,2,74,0.010165,83.452613
2,2,2,2,3,3,2,2,2,1,2,2,2,2,74,0.010165,83.462778
2,2,2,2,2,2,2,2,2,2,2,2,3,3,74,0.010165,83.472943
2,2,2,2,3,2,2,2,0,2,2,2,2,2,73,0.010028,83.482971
2,2,2,2,2,2,2,4,2,2,2,2,2,3,73,0.010028,83.492998
2,2,2,2,2,2,2,4,2,2,2,2,2,4,73,0.010028,83.503026
2,2,3,2,2,4,2,2,2,2,2,2,2,2,73,0.010028,83.513054
2,2,4,2,2,2,2,2,2,2,2,2,2,2,73,0.010028,83.523082
2,2,2,4,2,2,2,2,2,4,2,4,2,4,73,0.010028,83.533109
2,1,2,1,2,2,2,2,2,1,2,2,2,2,72,0.009890,83.543000
1,1,2,3,2,2,2,2,2,2,2,2,2,2,72,0.009890,83.552890
0,0,0,2,2,2,2,4,2,2,2,2,4,2,72,0.009890,83.562780
2,2,2,2,2,2,3,4,1,2,2,2,2,2,72,0.009890,83.572671
2,2,2,2,2,2,2,2,1,2,0,2,2,2,71,0.009753,83.582424
2,1,0,2,2,2,2,2,2,2,2,2,2,2,70,0.009616,83.592039
0,0,0,2,0,0,0,4,2,2,2,2,2,2,70,0.009616,83.601655
1,2,2,4,2,2,2,2,2,4,2,3,2,2,70,0.009616,83.611271
2,2,2,2,2,2,2,2,2,2,3,3,2,2,70,0.009616,83.620886
2,3,3,2,3,2,2,2,2,2,2,2,2,2,70,0.009616,83.630502
2,2,2,1,2,2,2,1,2,1,2,2,2,2,70,0.009616,83.640117
2,2,2,2,1,1,2,2,2,2,2,2,2,2,70,0.009616,83.649733
0,1,2,4,3,2,2,2,2,4,2,2,2,2,69,0.009478,83.659211
2,2,2,2,2,1,2,2,3,2,2,2,2,2,69,0.009478,83.668690
2,2,2,3,2,3,2,2,2,2,2,2,2,2,69,0.009478,83.678168
2,2,2,2,2,2,2,2,1,2,4,2,2,2,69,0.009478,83.687646
2,1,2,2,2,2,1,2,2,2,2,2,2,2,69,0.009478,83.697124
1,2,2,2,3,2,2,2,1,2,2,2,2,2,69,0.009478,83.706603
2,2,2,4,2,2,2,3,2,2,2,2,2,2,69,0.009478,83.716081
2,2,2,0,2,2,2,2,2,1,2,2,2,1,68,0.009341,83.725422
2,2,2,3,2,3,2,2,2,3,2,2,2,2,68,0.009341,83.734763
0,0,0,2,2,2,2,2,2,2,2,2,1,2,67,0.009204,83.743966
2,2,2,4,2,2,2,3,2,3,2,2,2,2,67,0.009204,83.753170
2,2,2,4,2,2,2,2,2,4,4,3,2,2,67,0.009204,83.762373
2,2,2,2,4,2,2,2,2,2,2,3,2,2,67,0.009204,83.771577
2,2,2,2,4,2,2,2,2,2,2,2,4,2,67,0.009204,83.780780
0,1,2,2,2,2,2,2,2,2,2,2,1,2,67,0.009204,83.789984
1,2,2,4,2,2,2,4,2,4,2,2,2,2,66,0.009066,83.799050
2,0,2,2,2,2,2,2,2,2,2,2,2,2,66,0.009066,83.808116
1,2,2,1,2,2,2,2,2,1,1,2,2,2,66,0.009066,83.817182
2,2,2,2,2,2,3,4,2,2,3,2,2,2,66,0.009066,83.826248
2,1,1,2,2,2,1,2,2,2,2,2,2,2,66,0.009066,83.835315
0,0,1,2,2,3,2,2,2,2,2,2,2,2,66,0.009066,83.844381
0,1,1,2,2,2,3,2,2,2,2,2,2,2,66,0.009066,83.853447
1,2,2,2,4,2,2,4,2,2,2,2,2,2,66,0.009066,83.862513
0,0,0,1,2,2,2,2,2,1,2,2,2,2,66,0.009066,83.871579
0,0,2,2,4,4,2,2,2,2,2,2,2,2,66,0.009066,83.880645
0,1,2,2,2,3,2,2,2,2,2,2,2,2,66,0.009066,83.889712
2,2,2,2,2,2,2,3,2,2,2,2,2,4,66,0.009066,83.898778
0,0,0,2,2,1,4,4,2,2,2,2,2,2,66,0.009066,83.907844
0,2,2,4,2,2,2,2,2,4,2,2,2,2,66,0.009066,83.916910
3,2,2,2,2,2,2,2,2,2,4,2,2,2,66,0.009066,83.925976
2,2,2,2,2,4,2,0,2,2,2,2,2,2,65,0.008929,83.934905
2,2,2,2,2,0,2,2,2,2,4,2,2,2,65,0.008929,83.943834
1,2,2,2,4,2,2,2,2,1,2,2,2,2,65,0.008929,83.952763
2,2,2,4,2,2,2,2,2,4,3,4,2,2,65,0.008929,83.961691
0,0,0,2,3,2,4,4,1,2,2,2,2,2,65,0.008929,83.970620
0,2,2,2,2,2,4,2,2,2,2,2,2,2,65,0.008929,83.979549
2,1,2,2,2,2,2,2,2,2,2,2,2,1,64,0.008791,83.988340
0,0,0,3,2,2,2,2,2,2,2,2,2,2,64,0.008791,83.997132
2,2,2,4,2,2,2,2,1,4,2,2,2,2,64,0.008791,84.005923
2,2,2,2,2,3,2,2,2,3,2,2,2,2,64,0.008791,84.014715
0,0,1,2,3,2,3,2,2,2,2,2,2,2,64,0.008791,84.023506
0,2,2,2,3,2,2,4,2,2,2,2,2,2,64,0.008791,84.032298
2,2,2,2,2,2,2,1,2,2,2,2,1,2,64,0.008791,84.041089
0,0,0,2,2,2,2,2,4,2,2,2,2,2,64,0.008791,84.049880
1,1,1,2,2,2,2,2,2,2,1,2,2,2,64,0.008791,84.058672
0,0,0,2,4,2,4,4,2,2,0,2,2,2,64,0.008791,84.067463
2,2,2,2,4,4,3,2,2,2,2,2,2,2,63,0.008654,84.076117
0,0,0,2,2,2,2,2,2,2,2,3,2,2,63,0.008654,84.084771
0,0,1,2,2,2,2,2,2,1,2,2,2,2,63,0.008654,84.093425
0,1,2,2,3,2,2,3,2,2,2,2,2,2,63,0.008654,84.102079
2,2,2,4,2,2,2,2,2,3,2,2,4,2,63,0.008654,84.110734
2,2,2,2,2,1,3,2,2,2,2,2,2,2,63,0.008654,84.119388
0,0,0,2,2,2,2,2,2,3,2,2,2,2,63,0.008654,84.128042
0,1,2,2,3,2,2,4,2,2,2,2,2,2,63,0.008654,84.136696
0,1,2,2,3,4,2,2,2,2,2,2,2,2,63,0.008654,84.145350
0,1,1,4,2,2,2,2,2,4,2,2,2,2,62,0.008517,84.153866
0,0,0,2,0,0,0,2,2,2,2,2,2,2,62,0.008517,84.162383
2,2,2,2,2,2,2,2,2,2,2,2,3,4,62,0.008517,84.170900
2,2,2,2,3,2,3,2,2,2,2,2,2,1,62,0.008517,84.179417
2,2,2,2,1,2,2,2,2,2,1,2,2,2,62,0.008517,84.187933
2,2,1,2,2,1,2,4,2,2,2,2,2,2,62,0.008517,84.196450
0,1,2,2,3,2,2,2,2,2,1,2,2,2,62,0.008517,84.204967
2,2,2,4,2,2,2,2,4,2,4,2,2,2,62,0.008517,84.213483
0,0,0,2,2,2,3,3,2,2,2,2,2,2,61,0.008379,84.221863
2,2,2,1,2,2,2,2,2,2,1,2,2,1,61,0.008379,84.230242
0,2,2,2,4,2,2,4,2,2,2,2,2,2,61,0.008379,84.238621
2,2,2,2,2,2,2,2,0,1,2,2,2,2,61,0.008379,84.247001
1,2,2,2,2,2,2,2,2,2,2,4,2,2,61,0.008379,84.255380
2,2,2,0,2,2,2,2,1,1,2,2,2,2,61,0.008379,84.263759
2,2,2,2,2,1,3,4,2,2,2,2,2,2,61,0.008379,84.272139
2,2,2,3,2,2,2,2,3,2,4,2,2,2,61,0.008379,84.280518
1,2,2,2,3,2,2,2,2,2,2,2,1,2,61,0.008379,84.288897
2,2,2,2,2,2,2,2,2,3,2,2,1,2,61,0.008379,84.297277
2,2,2,1,2,2,2,2,2,1,0,2,2,2,61,0.008379,84.305656
0,2,2,2,2,2,3,3,2,2,2,2,2,2,61,0.008379,84.314035
4,2,2,2,0,0,0,2,2,2,2,2,2,2,60,0.008242,84.322277
1,2,2,1,3,2,2,2,2,1,2,2,2,2,60,0.008242,84.330519
1,2,2,4,2,2,2,2,2,3,2,2,2,2,60,0.008242,84.338761
2,2,2,0,2,2,2,2,1,0,2,2,2,2,60,0.008242,84.347003
2,2,2,2,0,0,1,4,2,2,2,2,2,2,60,0.008242,84.355245
2,2,2,2,2,2,2,2,4,2,2,2,2,4,59,0.008105,84.363350
2,1,2,2,2,2,2,3,2,2,2,2,2,2,59,0.008105,84.371454
1,2,2,2,2,2,2,2,4,2,2,2,2,2,59,0.008105,84.379559
2,2,2,2,2,1,2,2,2,2,2,2,2,1,58,0.007967,84.387526
0,2,2,2,4,2,3,3,2,2,2,2,2,2,58,0.007967,84.395493
1,2,2,2,2,2,2,4,2,2,1,2,2,2,58,0.007967,84.403461
2,2,2,2,2,2,2,1,2,2,2,2,4,2,58,0.007967,84.411428
1,2,2,2,2,2,2,2,2,2,1,2,1,2,58,0.007967,84.419395
0,1,0,2,2,2,4,4,2,2,2,2,2,2,58,0.007967,84.427362
0,1,2,2,4,2,2,2,2,2,1,2,2,2,58,0.007967,84.435329
2,1,1,2,1,2,0,2,2,2,2,2,2,2,58,0.007967,84.443297
2,2,2,4,2,2,2,2,3,2,4,2,2,2,58,0.007967,84.451264
2,2,2,4,2,2,2,2,2,2,4,2,3,2,58,0.007967,84.459231
0,0,0,2,2,2,3,4,1,2,2,2,2,2,58,0.007967,84.467198
2,2,2,1,3,2,2,2,2,2,2,2,2,2,58,0.007967,84.475166
0,0,0,2,3,2,2,4,2,2,2,2,2,2,58,0.007967,84.483133
1,1,0,2,2,2,2,4,2,2,2,2,2,2,57,0.007830,84.490963
2,2,3,2,4,2,2,2,2,2,2,2,2,2,57,0.007830,84.498793
2,2,2,3,2,2,2,2,2,4,1,2,2,2,57,0.007830,84.506622
2,2,2,2,3,2,3,2,1,2,2,2,2,2,57,0.007830,84.514452
0,0,0,2,3,2,4,2,2,2,2,2,2,2,57,0.007830,84.522282
2,2,2,2,3,2,2,2,2,2,2,4,2,2,57,0.007830,84.530112
1,2,2,1,2,2,2,2,2,2,1,2,2,2,56,0.007692,84.537805
2,2,1,2,1,0,2,2,2,2,2,2,2,2,56,0.007692,84.545497
2,2,2,2,4,2,4,4,2,2,3,2,2,2,56,0.007692,84.553190
2,2,2,4,2,2,2,2,2,4,2,2,2,3,56,0.007692,84.560882
2,2,2,2,2,2,1,2,2,2,3,2,2,2,56,0.007692,84.568574
2,2,2,2,1,2,1,4,2,2,2,2,2,2,56,0.007692,84.576267
0,1,2,1,2,2,2,2,2,1,2,2,2,2,56,0.007692,84.583959
0,0,0,2,2,2,2,4,2,2,2,2,2,1,56,0.007692,84.591652
1,2,1,2,2,2,2,3,2,2,2,2,2,2,56,0.007692,84.599344
2,0,0,2,0,0,0,4,4,2,2,2,2,2,56,0.007692,84.607037
2,2,2,4,2,2,2,2,2,2,4,2,2,3,56,0.007692,84.614729
0,2,2,2,4,2,4,4,2,2,1,2,2,2,56,0.007692,84.622422
2,2,2,2,2,2,2,3,2,3,2,2,2,2,55,0.007555,84.629977
2,2,2,2,2,2,2,3,2,2,2,2,2,3,55,0.007555,84.637532
0,0,1,4,2,2,2,2,2,4,2,4,2,2,55,0.007555,84.645087
2,2,2,1,2,2,2,3,2,2,2,2,2,2,55,0.007555,84.652643
2,2,1,2,0,1,0,2,2,2,2,2,2,2,55,0.007555,84.660198
2,1,1,2,0,1,0,2,2,2,2,2,2,2,55,0.007555,84.667753
2,2,2,2,0,2,0,4,2,2,2,2,2,2,55,0.007555,84.675308
0,0,0,2,2,2,2,4,4,2,2,2,2,2,55,0.007555,84.682863
2,0,0,2,0,2,2,2,2,2,2,2,2,2,54,0.007418,84.690281
2,2,2,2,2,1,4,4,2,2,2,2,2,2,54,0.007418,84.697699
2,2,2,2,3,3,2,2,2,2,2,2,2,1,54,0.007418,84.705116
2,2,2,2,2,2,2,2,4,2,2,2,4,2,54,0.007418,84.712534
1,2,2,2,4,2,2,2,2,2,2,2,1,2,54,0.007418,84.719952
2,2,2,1,2,2,2,2,2,0,2,2,2,1,54,0.007418,84.727370
2,2,2,2,0,2,1,4,2,2,2,2,2,2,53,0.007280,84.734650
0,1,1,2,2,2,3,3,2,2,2,2,2,2,53,0.007280,84.741930
1,0,0,2,0,0,0,2,2,2,2,2,2,2,53,0.007280,84.749211
2,2,2,2,2,2,2,2,1,2,2,2,4,2,53,0.007280,84.756491
1,1,2,2,2,2,2,2,2,2,2,2,4,2,53,0.007280,84.763772
2,2,2,2,3,4,2,2,2,2,2,2,2,1,53,0.007280,84.771052
2,2,2,2,2,2,2,2,2,2,2,4,4,2,53,0.007280,84.778332
0,0,0,2,4,2,3,4,2,2,2,2,2,2,53,0.007280,84.785613
0,0,0,2,2,2,2,2,2,2,2,4,2,2,53,0.007280,84.792893
0,1,2,2,4,2,4,3,2,2,2,2,2,2,53,0.007280,84.800174
0,0,2,2,3,3,2,2,2,2,2,2,2,2,53,0.007280,84.807454
3,2,2,2,2,2,2,2,2,2,3,2,2,2,53,0.007280,84.814734
2,2,2,2,2,2,3,2,2,2,2,2,4,2,52,0.007143,84.821877
2,2,2,2,1,2,0,4,2,2,2,2,2,2,52,0.007143,84.829020
2,2,2,2,2,3,2,2,0,2,2,2,2,2,52,0.007143,84.836164
2,2,1,2,1,0,2,4,2,2,2,2,2,2,52,0.007143,84.843307
0,1,1,2,2,2,4,4,2,2,2,2,2,2,52,0.007143,84.850450
2,2,2,3,2,2,2,2,2,3,2,4,2,2,52,0.007143,84.857593
2,2,2,4,3,2,2,2,2,4,2,4,2,2,52,0.007143,84.864736
2,2,2,3,2,2,2,2,2,2,2,2,2,4,52,0.007143,84.871879
1,1,2,2,3,4,2,2,2,2,2,2,2,2,52,0.007143,84.879022
2,2,2,1,2,2,2,4,2,2,2,2,2,2,52,0.007143,84.886165
1,0,1,4,2,2,2,2,2,4,2,2,2,2,52,0.007143,84.893308
0,0,2,2,4,2,2,2,2,2,1,2,2,2,52,0.007143,84.900451
0,2,2,2,4,2,2,3,2,2,2,2,2,2,52,0.007143,84.907594
2,1,1,2,2,1,2,2,2,2,2,2,2,2,51,0.007006,84.914600
2,2,2,4,2,2,2,4,2,2,4,4,2,2,51,0.007006,84.921605
0,2,1,2,2,2,2,2,2,2,2,2,2,2,51,0.007006,84.928611
2,1,1,2,0,2,1,2,2,2,2,2,2,2,51,0.007006,84.935617
2,0,0,1,0,0,0,2,2,1,2,2,2,2,51,0.007006,84.942622
2,1,2,2,2,2,2,1,2,2,2,2,2,2,51,0.007006,84.949628
2,2,2,4,2,2,2,2,2,2,3,3,2,2,51,0.007006,84.956634
0,0,1,4,2,2,2,2,2,4,2,3,2,2,51,0.007006,84.963639
0,0,0,2,2,1,2,2,2,2,2,2,2,2,51,0.007006,84.970645
2,2,2,2,4,2,3,2,2,1,2,2,2,2,51,0.007006,84.977651
2,3,2,2,2,2,3,2,2,2,2,2,2,2,51,0.007006,84.984656
2,2,2,2,2,2,1,2,2,2,4,2,2,2,51,0.007006,84.991662
4,2,2,2,2,2,1,2,2,2,2,2,2,2,51,0.007006,84.998668
2,2,2,2,2,1,2,2,2,2,2,2,4,2,51,0.007006,85.005673
2,2,2,2,2,2,1,3,2,2,2,2,2,2,50,0.006868,85.012542
2,2,2,1,2,2,2,2,0,1,2,2,2,2,50,0.006868,85.019410
2,2,2,3,2,2,2,2,4,2,4,2,2,2,50,0.006868,85.026278
2,2,1,2,2,2,2,3,2,2,2,2,2,2,50,0.006868,85.033146
1,2,2,2,2,2,2,2,0,2,2,2,2,2,50,0.006868,85.040015
2,2,2,1,2,1,2,2,2,1,2,2,2,2,50,0.006868,85.046883
2,2,2,2,3,3,2,2,2,2,4,2,2,2,50,0.006868,85.053751
2,2,2,2,2,2,3,3,2,2,4,2,2,2,50,0.006868,85.060620
1,0,0,2,1,2,2,2,2,2,2,2,2,2,50,0.006868,85.067488
2,2,0,2,0,0,0,4,2,2,2,2,2,2,50,0.006868,85.074356
1,1,2,4,2,2,2,2,2,4,2,3,2,2,50,0.006868,85.081225
2,2,1,2,0,0,1,4,2,2,2,2,2,2,50,0.006868,85.088093
2,2,2,2,4,2,4,2,2,1,2,2,2,2,50,0.006868,85.094961
2,2,2,2,0,2,2,4,2,2,2,2,2,2,50,0.006868,85.101829
2,1,1,2,2,2,2,3,2,2,2,2,2,2,50,0.006868,85.108698
2,2,2,1,2,2,2,2,1,2,1,2,2,2,50,0.006868,85.115566
2,2,2,4,2,2,2,2,3,4,2,4,2,2,50,0.006868,85.122434
2,2,2,1,2,3,2,2,2,2,2,2,2,2,49,0.006731,85.129165
3,2,2,2,0,0,0,2,2,2,2,2,2,2,49,0.006731,85.135896
2,2,2,3,2,2,3,2,2,2,2,2,2,2,49,0.006731,85.142627
2,2,2,2,3,3,2,2,2,2,3,2,2,2,49,0.006731,85.149358
2,2,3,2,3,4,2,2,2,2,2,2,2,2,49,0.006731,85.156089
0,0,0,2,4,2,4,2,2,2,2,2,2,2,49,0.006731,85.162820
2,2,2,1,2,2,2,2,2,2,0,2,1,2,49,0.006731,85.169551
2,1,0,2,0,2,0,2,2,2,2,2,2,2,49,0.006731,85.176282
2,2,2,2,3,4,2,2,2,1,2,2,2,2,49,0.006731,85.183013
2,3,2,2,2,2,2,2,2,1,2,2,2,2,48,0.006594,85.189606
1,1,2,2,2,2,2,2,2,2,3,2,2,2,48,0.006594,85.196200
2,2,2,2,2,3,2,0,2,2,2,2,2,2,48,0.006594,85.202793
2,2,2,1,2,2,2,2,1,1,1,2,2,2,48,0.006594,85.209387
2,2,2,4,2,2,2,2,4,4,2,4,2,2,48,0.006594,85.215981
1,1,1,2,2,2,2,2,2,1,2,2,2,2,48,0.006594,85.222574
1,2,2,2,4,2,4,4,1,2,2,2,2,2,48,0.006594,85.229168
0,1,2,2,3,2,3,4,2,2,2,2,2,2,48,0.006594,85.235761
2,0,0,2,0,2,0,4,2,2,2,2,2,2,48,0.006594,85.242355
2,2,2,2,4,2,3,2,2,2,3,2,2,2,48,0.006594,85.248948
2,2,2,2,2,1,2,2,4,2,2,2,2,2,48,0.006594,85.255542
4,3,3,2,2,2,2,2,2,2,2,2,2,2,48,0.006594,85.262136
2,2,2,3,2,4,2,2,2,3,2,2,2,2,48,0.006594,85.268729
0,0,0,4,2,2,2,4,2,4,2,4,2,2,48,0.006594,85.275323
0,0,0,2,3,2,4,3,2,2,2,2,2,2,48,0.006594,85.281916
2,2,2,2,2,2,4,4,1,2,2,2,2,2,48,0.006594,85.288510
2,2,2,2,3,4,2,2,2,2,4,2,2,2,47,0.006456,85.294966
2,2,2,1,4,2,2,2,2,1,2,2,2,2,47,0.006456,85.301422
2,2,1,2,0,2,0,2,2,2,2,2,2,2,47,0.006456,85.307878
1,1,1,4,2,2,2,2,2,4,2,2,2,2,47,0.006456,85.314335
2,2,2,4,2,2,2,2,2,4,2,4,4,2,47,0.006456,85.320791
0,0,0,2,2,2,2,4,2,2,2,4,2,2,47,0.006456,85.327247
0,0,0,2,2,2,4,4,1,2,2,2,2,2,47,0.006456,85.333703
2,1,2,3,2,2,2,2,2,3,2,2,2,2,47,0.006456,85.340160
3,2,2,2,2,2,2,1,2,2,2,2,2,2,47,0.006456,85.346616
0,0,0,2,2,2,3,4,2,2,1,2,2,2,47,0.006456,85.353072
2,2,2,4,2,2,2,2,2,4,3,3,2,2,47,0.006456,85.359528
2,2,2,4,2,2,2,2,2,4,1,2,1,2,47,0.006456,85.365984
2,2,2,2,2,2,2,2,0,2,2,2,2,1,47,0.006456,85.372441
1,1,2,2,2,2,2,2,2,2,0,2,2,2,47,0.006456,85.378897
2,2,2,2,2,2,2,2,3,2,1,2,2,2,47,0.006456,85.385353
0,0,0,2,2,0,3,4,2,2,2,2,2,2,47,0.006456,85.391809
2,2,2,2,4,2,3,2,2,2,4,2,2,2,47,0.006456,85.398265
2,2,2,3,2,2,2,2,2,4,2,2,1,2,47,0.006456,85.404722
2,2,2,2,4,2,4,2,2,2,4,2,2,2,46,0.006319,85.411040
0,0,0,2,2,2,2,4,2,2,2,3,2,2,46,0.006319,85.417359
2,2,2,2,4,2,4,4,2,2,4,2,2,2,46,0.006319,85.423678
2,2,2,2,3,2,4,4,2,2,3,2,2,2,46,0.006319,85.429997
0,2,2,2,4,2,4,4,0,2,2,2,2,2,46,0.006319,85.436316
0,0,0,1,2,2,2,4,2,1,2,2,2,2,46,0.006319,85.442635
0,0,0,2,2,2,2,2,3,2,2,2,2,2,46,0.006319,85.448953
2,2,2,2,2,2,2,2,2,2,2,4,1,2,46,0.006319,85.455272
0,2,2,2,4,2,4,4,2,2,4,2,2,2,46,0.006319,85.461591
0,0,0,3,2,2,2,2,2,4,2,2,2,2,46,0.006319,85.467910
0,0,2,3,2,2,2,2,2,3,2,2,2,2,46,0.006319,85.474229
2,2,2,2,2,2,2,2,4,2,2,2,2,3,46,0.006319,85.480548
2,3,2,2,2,2,3,4,2,2,2,2,2,2,46,0.006319,85.486866
0,2,1,2,3,2,4,4,2,2,2,2,2,2,45,0.006181,85.493048
2,2,2,2,2,2,2,2,2,2,2,3,3,2,45,0.006181,85.499229
0,0,0,2,2,2,2,4,2,2,2,2,1,2,45,0.006181,85.505411
2,2,2,2,2,3,2,2,2,2,2,2,3,2,45,0.006181,85.511592
2,2,2,4,2,2,2,4,2,2,3,2,2,2,45,0.006181,85.517774
2,2,2,2,3,2,2,2,2,2,0,2,2,2,45,0.006181,85.523955
2,2,2,3,2,2,2,2,2,2,2,2,2,3,45,0.006181,85.530137
0,0,1,3,2,2,2,2,2,2,2,2,2,2,45,0.006181,85.536318
0,0,0,2,1,0,2,4,2,2,2,2,2,2,45,0.006181,85.542500
2,2,2,2,4,2,2,2,2,2,2,4,2,2,44,0.006044,85.548544
2,2,2,2,3,2,2,2,2,3,2,2,2,2,44,0.006044,85.554588
2,2,2,4,4,2,2,2,2,4,2,2,2,2,44,0.006044,85.560632
2,0,0,2,0,2,0,2,2,2,1,2,2,2,44,0.006044,85.566676
1,2,2,2,4,3,3,2,2,2,2,2,2,2,44,0.006044,85.572720
1,0,2,2,2,4,2,2,2,2,2,2,2,2,44,0.006044,85.578764
0,0,0,3,2,2,2,4,2,2,2,2,2,2,44,0.006044,85.584808
0,2,2,4,3,2,2,2,2,4,2,2,2,2,44,0.006044,85.590853
2,2,2,1,3,2,2,2,2,1,1,2,2,2,44,0.006044,85.596897
0,0,0,4,2,2,2,2,2,4,2,3,2,2,44,0.006044,85.602941
2,2,2,4,2,2,2,2,2,4,1,4,2,2,44,0.006044,85.608985
0,1,0,2,2,2,3,4,2,2,2,2,2,2,44,0.006044,85.615029
0,1,0,2,2,2,2,3,2,2,2,2,2,2,44,0.006044,85.621073
0,0,1,2,4,2,4,2,2,2,2,2,2,2,44,0.006044,85.627117
2,2,2,2,2,2,2,2,3,1,2,2,2,2,44,0.006044,85.633161
2,2,2,4,2,2,3,4,2,4,2,2,2,2,44,0.006044,85.639205
0,1,2,4,2,2,2,2,2,4,2,3,2,2,44,0.006044,85.645249
2,1,2,2,2,2,2,2,2,3,2,2,2,2,43,0.005907,85.651156
4,2,2,2,0,2,0,2,2,2,2,2,2,2,43,0.005907,85.657063
1,1,2,2,2,2,2,2,2,2,1,2,1,2,43,0.005907,85.662970
2,2,2,4,2,2,3,2,2,4,2,2,2,2,43,0.005907,85.668876
2,1,1,2,0,0,0,2,2,2,2,2,2,2,43,0.005907,85.674783
2,2,2,2,2,2,2,2,2,2,2,3,1,2,43,0.005907,85.680690
2,3,2,2,2,2,2,2,2,2,2,2,4,2,43,0.005907,85.686597
0,0,0,2,2,2,2,2,2,2,1,2,1,2,43,0.005907,85.692503
2,2,2,2,2,2,1,2,2,1,2,2,2,2,43,0.005907,85.698410
1,0,2,2,2,2,2,2,2,2,1,2,2,2,43,0.005907,85.704317
0,2,2,2,3,2,2,3,2,2,2,2,2,2,43,0.005907,85.710224
0,0,0,2,2,2,2,2,0,2,2,2,2,2,43,0.005907,85.716130
2,0,0,2,0,0,0,2,2,1,2,2,2,2,43,0.005907,85.722037
2,2,2,4,2,2,2,2,2,4,4,4,2,4,43,0.005907,85.727944
2,2,2,3,2,2,2,4,2,2,3,2,2,2,43,0.005907,85.733851
2,2,2,2,2,0,2,2,2,2,3,2,2,2,43,0.005907,85.739757
1,0,1,2,2,2,2,2,2,2,1,2,2,2,42,0.005769,85.745527
2,2,2,2,3,2,2,2,2,2,2,2,2,3,42,0.005769,85.751296
1,0,1,2,2,2,2,4,2,2,2,2,2,2,42,0.005769,85.757065
2,2,2,2,4,2,4,4,1,2,2,2,2,2,42,0.005769,85.762835
0,1,2,2,4,2,3,4,2,2,2,2,2,2,42,0.005769,85.768604
2,2,2,1,2,2,3,2,2,2,2,2,2,2,42,0.005769,85.774374
2,2,2,3,2,2,3,4,2,2,2,2,2,2,42,0.005769,85.780143
2,2,2,1,3,3,2,2,2,1,2,2,2,2,42,0.005769,85.785912
3,2,2,2,2,1,2,2,2,2,2,2,2,2,42,0.005769,85.791682
2,2,2,2,3,2,2,2,2,2,1,2,1,2,42,0.005769,85.797451
2,2,2,4,3,2,2,2,2,2,4,2,2,2,42,0.005769,85.803220
1,1,2,1,2,2,2,2,2,2,2,2,2,2,42,0.005769,85.808990
0,2,1,2,2,2,3,4,2,2,2,2,2,2,42,0.005769,85.814759
0,2,2,2,3,2,4,4,1,2,2,2,2,2,42,0.005769,85.820529
2,2,2,2,3,2,2,2,3,2,2,2,2,2,42,0.005769,85.826298
2,1,1,2,2,2,2,2,2,2,1,2,2,2,42,0.005769,85.832067
2,2,2,2,2,2,1,2,2,2,2,2,2,1,42,0.005769,85.837837
2,2,2,1,3,4,2,2,2,1,2,2,2,2,41,0.005632,85.843469
2,2,2,2,4,2,4,2,2,2,3,2,2,2,41,0.005632,85.849101
0,2,2,2,3,2,2,2,2,2,1,2,2,2,41,0.005632,85.854733
2,2,2,2,2,4,2,2,2,3,2,2,2,2,41,0.005632,85.860365
1,2,2,2,2,2,2,3,2,2,1,2,2,2,41,0.005632,85.865997
2,2,2,3,2,2,2,2,2,2,4,2,3,2,41,0.005632,85.871629
1,0,0,2,0,0,0,4,2,2,2,2,2,2,41,0.005632,85.877261
0,2,2,2,4,2,4,4,2,1,2,2,2,2,41,0.005632,85.882893
0,0,0,2,4,2,4,3,2,2,2,2,2,2,41,0.005632,85.888525
2,2,2,3,2,2,2,3,2,4,2,2,2,2,41,0.005632,85.894157
2,2,2,2,3,2,4,2,2,2,3,2,2,2,41,0.005632,85.899789
0,0,2,2,2,2,2,2,2,2,2,2,1,2,41,0.005632,85.905421
0,0,0,2,2,0,2,4,2,2,1,2,2,2,41,0.005632,85.911053
1,2,2,2,4,2,4,2,2,1,2,2,2,2,41,0.005632,85.916685
2,1,0,2,0,0,0,2,4,2,2,2,2,2,41,0.005632,85.922317
2,2,2,2,2,2,2,1,3,2,2,2,2,2,41,0.005632,85.927949
2,2,2,2,2,0,4,4,2,2,2,2,2,2,41,0.005632,85.933581
2,2,2,4,2,1,2,2,2,4,2,2,2,2,41,0.005632,85.939213
0,0,0,2,2,2,4,4,2,2,1,2,2,2,41,0.005632,85.944845
2,2,2,2,2,3,2,2,2,2,1,2,2,2,41,0.005632,85.950477
2,1,1,4,2,2,2,2,2,4,2,2,2,2,40,0.005495,85.955971
2,2,2,3,3,2,2,2,2,4,2,2,2,2,40,0.005495,85.961466
0,0,0,1,2,2,2,2,2,2,2,2,2,2,40,0.005495,85.966961
2,2,2,4,2,2,2,2,2,4,0,2,1,2,40,0.005495,85.972455
2,2,2,2,2,2,3,3,2,2,3,2,2,2,40,0.005495,85.977950
0,0,1,2,3,2,2,4,2,2,2,2,2,2,40,0.005495,85.983445
2,2,2,2,3,2,2,2,2,2,2,2,2,4,40,0.005495,85.988939
3,3,2,2,2,2,2,2,2,2,4,2,2,2,40,0.005495,85.994434
2,2,2,2,2,2,2,2,3,2,2,2,2,3,40,0.005495,85.999929
1,2,2,4,2,2,2,3,2,4,2,2,2,2,40,0.005495,86.005423
0,1,2,2,4,3,2,2,2,2,2,2,2,2,40,0.005495,86.010918
2,2,2,3,2,2,2,3,2,2,3,2,2,2,39,0.005357,86.016275
2,2,2,2,3,2,3,2,2,2,2,2,4,2,39,0.005357,86.021632
1,1,2,4,2,2,2,2,2,4,2,4,2,2,39,0.005357,86.026990
0,0,1,2,2,2,2,2,2,2,1,2,1,2,39,0.005357,86.032347
2,2,2,2,2,2,2,2,3,2,2,2,2,4,39,0.005357,86.037704
2,2,2,2,2,2,2,2,1,2,1,2,1,2,39,0.005357,86.043062
2,2,2,2,2,2,2,2,2,2,1,2,3,2,39,0.005357,86.048419
0,0,0,2,2,2,2,2,2,2,4,2,2,2,39,0.005357,86.053776
0,0,1,1,2,2,2,2,2,1,2,2,2,2,39,0.005357,86.059133
2,2,2,2,2,2,2,2,2,2,4,2,1,2,39,0.005357,86.064491
0,1,2,3,2,2,2,2,2,2,2,2,2,2,39,0.005357,86.069848
2,2,2,4,2,2,2,2,2,2,3,4,2,2,39,0.005357,86.075205
0,1,1,2,2,2,2,2,2,1,2,2,2,2,39,0.005357,86.080562
4,4,4,2,2,2,2,4,2,2,2,2,2,2,39,0.005357,86.085920
2,1,1,2,0,2,2,2,2,2,2,2,2,2,39,0.005357,86.091277
2,2,2,4,2,2,2,4,2,4,4,4,2,2,39,0.005357,86.096634
2,2,2,2,1,2,2,2,2,2,2,2,1,2,39,0.005357,86.101992
2,3,2,2,2,2,2,2,2,2,1,2,2,2,39,0.005357,86.107349
0,2,2,2,2,2,2,2,2,2,1,2,2,2,39,0.005357,86.112706
2,0,0,2,0,0,1,4,2,2,2,2,2,2,39,0.005357,86.118063
0,0,0,2,2,1,3,4,2,2,2,2,2,2,39,0.005357,86.123421
2,1,0,2,0,0,0,2,3,2,2,2,2,2,38,0.005220,86.128641
1,0,2,2,2,3,2,2,2,2,2,2,2,2,38,0.005220,86.133860
2,2,2,2,4,4,2,2,2,1,2,2,2,2,38,0.005220,86.139080
0,0,2,2,2,2,2,2,2,3,2,2,2,2,38,0.005220,86.144300
2,2,2,4,2,2,2,2,4,3,2,2,2,2,38,0.005220,86.149520
1,0,2,4,2,2,2,2,2,4,2,2,2,2,38,0.005220,86.154740
2,2,2,3,3,2,2,2,2,2,4,2,2,2,38,0.005220,86.159960
2,2,2,2,2,2,4,4,2,2,3,2,2,2,38,0.005220,86.165180
2,2,2,1,2,2,2,2,2,2,2,2,1,2,38,0.005220,86.170400
2,2,2,3,2,2,2,2,2,2,4,2,2,4,38,0.005220,86.175620
0,2,2,2,4,4,2,2,2,2,2,2,2,2,38,0.005220,86.180840
2,1,2,2,2,2,2,2,1,2,2,2,2,2,38,0.005220,86.186060
2,2,2,3,2,2,2,2,3,3,2,2,2,2,38,0.005220,86.191279
1,2,2,4,2,2,2,2,2,2,4,2,2,2,38,0.005220,86.196499
2,2,2,2,2,2,2,2,3,2,2,2,1,2,38,0.005220,86.201719
2,2,2,2,2,2,2,2,0,2,3,2,2,2,38,0.005220,86.206939
2,2,2,2,4,3,4,2,2,2,2,2,2,2,38,0.005220,86.212159
2,2,2,2,2,2,2,2,3,2,2,3,2,2,38,0.005220,86.217379
2,3,2,2,2,1,2,2,2,2,2,2,2,2,38,0.005220,86.222599
0,2,2,4,4,2,4,4,2,4,2,2,2,2,38,0.005220,86.227819
0,0,0,2,2,0,2,2,2,2,2,2,2,2,38,0.005220,86.233039
2,2,2,2,2,2,2,2,3,2,2,2,3,2,38,0.005220,86.238259
2,2,2,4,2,2,2,2,2,4,2,3,1,2,38,0.005220,86.243479
0,0,0,2,2,2,2,2,2,2,2,2,3,2,37,0.005083,86.248561
2,2,2,2,1,1,1,4,2,2,2,2,2,2,37,0.005083,86.253644
2,3,3,2,2,2,2,3,2,2,2,2,2,2,37,0.005083,86.258726
0,1,1,2,2,2,2,2,1,2,2,2,2,2,37,0.005083,86.263809
0,0,1,2,3,2,2,2,2,2,1,2,2,2,37,0.005083,86.268891
2,0,1,2,2,2,1,2,2,2,2,2,2,2,37,0.005083,86.273974
2,2,2,4,2,2,2,2,2,3,4,4,2,2,37,0.005083,86.279056
0,0,0,4,2,2,2,2,2,3,2,2,2,2,37,0.005083,86.284139
0,1,1,2,2,2,2,2,2,2,1,2,2,2,37,0.005083,86.289221
2,2,2,2,2,2,2,2,2,2,4,2,4,4,37,0.005083,86.294304
0,0,2,4,3,2,2,2,2,4,2,2,2,2,37,0.005083,86.299387
2,1,1,2,1,2,1,2,2,2,2,2,2,2,37,0.005083,86.304469
2,2,2,2,2,2,2,2,2,2,0,2,2,1,37,0.005083,86.309552
2,4,2,2,2,2,2,4,2,2,2,2,2,2,37,0.005083,86.314634
2,2,2,3,2,3,2,2,2,4,2,2,2,2,37,0.005083,86.319717
2,2,2,2,2,2,2,2,2,0,4,2,2,2,37,0.005083,86.324799
2,2,2,4,2,2,2,2,2,2,4,2,4,4,37,0.005083,86.329882
1,2,2,1,2,2,3,2,2,1,2,2,2,2,37,0.005083,86.334964
0,0,0,2,3,2,2,2,2,2,1,2,2,2,37,0.005083,86.340047
2,0,0,2,1,2,1,2,2,2,2,2,2,2,37,0.005083,86.345129
0,0,1,2,4,2,2,2,2,2,1,2,2,2,37,0.005083,86.350212
2,2,2,3,4,2,2,2,2,2,2,2,2,2,37,0.005083,86.355294
2,2,2,1,2,2,2,2,1,0,2,2,2,2,37,0.005083,86.360377
2,2,2,4,2,2,2,2,2,4,2,2,1,1,37,0.005083,86.365460
2,2,2,4,2,2,2,2,2,4,2,2,3,2,37,0.005083,86.370542
1,1,2,2,2,2,2,2,2,2,4,2,2,2,37,0.005083,86.375625
2,2,2,2,2,2,3,4,2,1,2,2,2,2,36,0.004945,86.380570
2,3,2,2,3,2,3,2,2,2,2,2,2,2,36,0.004945,86.385515
2,2,2,4,2,2,2,2,2,2,2,2,4,4,36,0.004945,86.390460
2,1,2,2,2,2,2,2,2,2,2,2,4,2,36,0.004945,86.395405
2,2,2,2,0,1,0,4,2,2,2,2,2,2,36,0.004945,86.400351
0,2,2,2,2,2,4,3,2,2,2,2,2,2,36,0.004945,86.405296
2,2,2,3,2,4,2,2,2,2,2,2,2,2,36,0.004945,86.410241
2,2,2,1,2,2,2,2,1,1,2,2,2,1,36,0.004945,86.415186
1,2,2,3,3,2,2,2,2,3,2,2,2,2,36,0.004945,86.420131
2,4,4,2,3,2,2,2,2,2,2,2,2,2,36,0.004945,86.425076
2,2,2,1,2,2,2,2,0,2,2,2,2,2,36,0.004945,86.430022
0,0,0,2,2,2,2,4,2,1,2,2,2,2,36,0.004945,86.434967
2,2,2,4,3,4,2,2,2,4,2,2,2,2,36,0.004945,86.439912
3,2,3,2,2,2,2,2,2,2,2,2,2,2,36,0.004945,86.444857
2,1,2,3,2,2,2,2,2,2,2,2,2,2,36,0.004945,86.449802
2,2,2,3,2,2,2,2,2,2,4,2,2,3,36,0.004945,86.454748
2,0,0,2,0,2,0,3,2,2,2,2,2,2,36,0.004945,86.459693
2,2,2,3,2,4,2,2,2,4,2,2,2,2,36,0.004945,86.464638
2,2,2,2,2,2,2,3,2,2,0,2,2,2,36,0.004945,86.469583
2,2,2,1,3,2,2,2,2,2,1,2,2,2,36,0.004945,86.474528
2,2,1,2,0,2,2,2,2,2,2,2,2,2,35,0.004808,86.479336
2,2,2,4,2,2,2,4,2,3,4,2,2,2,35,0.004808,86.484144
2,2,2,2,3,3,2,3,2,2,2,2,2,2,35,0.004808,86.488952
2,2,2,2,4,2,2,2,2,2,1,2,1,2,35,0.004808,86.493759
2,1,2,2,2,2,2,2,2,2,3,2,2,2,35,0.004808,86.498567
2,1,1,1,2,2,2,2,2,1,2,2,2,2,35,0.004808,86.503375
2,2,2,2,0,2,1,2,2,2,1,2,2,2,35,0.004808,86.508183
0,0,0,2,2,2,2,4,2,2,4,2,2,2,35,0.004808,86.512991
2,2,2,2,2,2,2,2,2,2,4,4,2,2,35,0.004808,86.517799
2,2,2,2,2,2,2,2,2,2,3,2,1,2,35,0.004808,86.522606
2,0,0,2,0,1,0,4,2,2,2,2,2,2,35,0.004808,86.527414
2,2,2,2,4,2,2,2,2,2,0,2,2,2,35,0.004808,86.532222
3,3,2,2,2,2,2,2,2,2,3,2,2,2,35,0.004808,86.537030
2,2,2,2,3,4,2,2,1,2,2,2,2,2,35,0.004808,86.541838
0,0,1,2,2,4,2,2,2,2,2,2,2,2,35,0.004808,86.546645
2,2,2,2,4,2,2,2,2,2,2,2,3,2,35,0.004808,86.551453
1,2,2,2,2,4,2,2,2,2,2,2,2,2,35,0.004808,86.556261
2,0,0,2,1,2,2,2,2,2,2,2,2,2,35,0.004808,86.561069
0,0,0,2,3,2,4,4,2,2,1,2,2,2,35,0.004808,86.565877
1,1,2,2,2,2,2,2,2,2,2,3,2,2,35,0.004808,86.570684
1,0,0,2,2,2,2,3,2,2,2,2,2,2,34,0.004670,86.575355
2,2,2,2,2,2,3,4,2,2,2,2,4,2,34,0.004670,86.580025
0,2,2,2,4,3,4,4,2,2,2,2,2,2,34,0.004670,86.584696
2,2,2,2,2,2,2,2,1,2,2,3,2,2,34,0.004670,86.589366
0,0,1,2,3,2,3,4,2,2,2,2,2,2,34,0.004670,86.594037
2,2,2,4,2,2,2,2,4,2,2,2,2,2,34,0.004670,86.598707
2,2,2,2,2,2,2,2,2,2,2,1,2,2,34,0.004670,86.603378
2,2,2,4,2,2,3,4,2,2,4,2,2,2,34,0.004670,86.608048
2,2,2,3,2,2,2,2,2,2,3,2,4,2,34,0.004670,86.612718
2,2,2,2,3,3,2,2,1,2,2,2,2,2,34,0.004670,86.617389
2,2,3,2,2,2,2,2,2,2,3,2,2,2,34,0.004670,86.622059
0,0,0,2,0,0,2,4,2,2,2,2,2,2,34,0.004670,86.626730
2,1,0,2,0,1,0,2,2,2,2,2,2,2,34,0.004670,86.631400
1,2,2,1,2,2,2,2,2,0,2,2,2,2,34,0.004670,86.636071
2,2,2,2,3,2,4,4,1,2,2,2,2,2,34,0.004670,86.640741
2,3,2,4,2,2,2,2,2,2,4,2,2,2,34,0.004670,86.645412
0,2,1,2,2,2,2,4,2,2,2,2,2,2,34,0.004670,86.650082
2,3,3,2,2,2,2,2,2,2,3,2,2,2,34,0.004670,86.654752
0,2,2,2,4,2,4,4,2,2,2,3,2,2,34,0.004670,86.659423
1,2,2,2,2,2,3,4,1,2,2,2,2,2,34,0.004670,86.664093
2,2,2,0,2,2,2,2,2,1,1,2,2,1,33,0.004533,86.668626
2,2,2,2,1,2,2,3,2,2,2,2,2,2,33,0.004533,86.673160
3,2,2,2,0,2,0,2,2,2,2,2,2,2,33,0.004533,86.677693
2,1,0,2,1,0,2,2,2,2,2,2,2,2,33,0.004533,86.682226
2,2,2,4,2,2,2,4,2,2,4,3,2,2,33,0.004533,86.686759
2,2,2,2,2,2,2,2,0,2,2,2,1,2,33,0.004533,86.691292
2,2,3,2,3,3,2,2,2,2,2,2,2,2,33,0.004533,86.695825
2,2,2,2,2,2,2,2,4,2,2,3,2,2,33,0.004533,86.700358
0,0,0,2,2,2,2,3,1,2,2,2,2,2,33,0.004533,86.704891
2,1,2,2,2,2,2,2,2,2,4,2,2,2,33,0.004533,86.709424
2,2,2,2,3,2,3,4,2,2,4,2,2,2,33,0.004533,86.713957
2,2,2,2,1,0,2,3,2,2,2,2,2,2,33,0.004533,86.718490
2,2,2,2,2,2,2,2,4,2,1,2,2,2,33,0.004533,86.723023
2,0,0,2,0,0,0,2,2,2,1,2,2,2,33,0.004533,86.727556
0,0,0,2,2,2,2,4,2,2,2,2,3,2,33,0.004533,86.732090
0,0,1,2,4,2,2,4,2,2,2,2,2,2,33,0.004533,86.736623
0,0,1,2,2,2,2,2,2,2,0,2,2,2,33,0.004533,86.741156
2,2,2,4,2,2,2,2,2,4,2,2,2,1,33,0.004533,86.745689
0,1,2,4,2,2,2,2,2,4,2,4,2,2,33,0.004533,86.750222
1,2,2,2,4,2,2,2,1,2,2,2,2,2,33,0.004533,86.754755
1,1,1,2,2,2,2,2,2,2,2,2,2,1,33,0.004533,86.759288
2,3,2,2,2,2,2,2,2,2,2,2,2,1,33,0.004533,86.763821
2,2,2,3,2,2,2,2,1,3,2,2,2,2,33,0.004533,86.768354
1,2,1,2,2,0,2,4,2,2,2,2,2,2,33,0.004533,86.772887
0,0,2,2,4,2,3,2,2,2,2,2,2,2,33,0.004533,86.777420
0,0,0,2,3,2,3,2,2,2,2,2,2,2,33,0.004533,86.781953
2,2,2,3,2,2,2,2,2,2,2,2,1,2,33,0.004533,86.786486
0,0,1,2,2,2,2,4,2,2,1,2,2,2,32,0.004396,86.790882
0,2,2,3,4,2,4,4,2,2,2,2,2,2,32,0.004396,86.795278
0,0,0,2,4,2,4,4,2,2,2,2,4,2,32,0.004396,86.799674
1,1,2,1,2,2,2,2,2,1,1,2,2,2,32,0.004396,86.804069
2,2,2,4,2,2,2,3,2,4,2,3,2,2,32,0.004396,86.808465
2,2,2,4,2,2,2,3,2,2,4,4,2,2,32,0.004396,86.812861
1,1,2,2,2,2,2,2,2,2,2,2,3,2,32,0.004396,86.817256
2,2,2,2,2,2,1,0,2,2,2,2,2,2,32,0.004396,86.821652
0,1,2,2,4,2,2,4,2,2,2,2,2,2,32,0.004396,86.826048
2,2,2,1,4,2,3,2,2,1,2,2,2,2,32,0.004396,86.830444
0,0,0,4,2,2,2,3,2,4,2,2,2,2,32,0.004396,86.834839
2,2,2,3,2,2,3,2,2,2,4,2,2,2,32,0.004396,86.839235
1,2,2,2,2,2,2,2,2,2,2,2,2,3,32,0.004396,86.843631
2,2,2,2,2,0,2,2,3,2,2,2,2,2,32,0.004396,86.848026
1,2,2,2,2,2,3,2,2,2,4,2,2,2,32,0.004396,86.852422
1,1,2,4,2,2,2,2,2,3,2,2,2,2,32,0.004396,86.856818
2,3,2,2,2,2,2,2,3,2,2,2,2,2,32,0.004396,86.861214
0,1,1,1,2,2,2,2,2,1,2,2,2,2,32,0.004396,86.865609
2,2,2,2,2,0,2,2,2,1,2,2,2,2,32,0.004396,86.870005
1,1,1,1,2,2,2,2,2,1,2,2,2,2,32,0.004396,86.874401
0,1,2,2,2,2,3,2,2,2,2,2,2,2,32,0.004396,86.878796
0,0,0,2,4,2,4,4,2,2,2,2,2,1,32,0.004396,86.883192
1,2,2,2,4,2,4,4,2,2,4,2,2,2,32,0.004396,86.887588
2,2,2,2,3,2,4,2,2,2,4,2,2,2,32,0.004396,86.891984
2,2,2,4,4,2,4,4,2,4,2,2,2,2,32,0.004396,86.896379
1,1,1,2,2,2,2,2,1,2,2,2,2,2,32,0.004396,86.900775
2,3,2,3,2,2,2,2,2,2,2,2,2,2,32,0.004396,86.905171
0,2,1,2,2,2,3,2,2,2,2,2,2,2,32,0.004396,86.909566
0,1,2,2,3,2,3,3,2,2,2,2,2,2,32,0.004396,86.913962
2,2,2,4,2,2,2,2,2,3,4,3,2,2,31,0.004258,86.918221
2,0,0,2,2,2,1,2,2,2,2,2,2,2,31,0.004258,86.922479
0,0,0,2,2,2,4,2,2,2,2,2,2,2,31,0.004258,86.926737
0,2,2,2,4,2,4,2,2,1,2,2,2,2,31,0.004258,86.930996
2,2,2,1,4,2,2,2,2,1,1,2,2,2,31,0.004258,86.935254
2,2,2,3,2,2,2,4,2,2,2,4,2,2,31,0.004258,86.939512
3,3,4,2,2,2,2,2,2,2,2,2,2,2,31,0.004258,86.943771
2,2,2,2,2,3,2,2,2,2,2,2,1,2,31,0.004258,86.948029
2,2,2,4,2,2,2,2,2,2,3,2,4,2,31,0.004258,86.952287
2,2,2,3,2,2,2,2,2,2,3,3,2,2,31,0.004258,86.956546
2,2,2,4,2,2,1,2,2,4,2,2,2,2,31,0.004258,86.960804
1,2,2,2,2,2,2,3,2,1,2,2,2,2,31,0.004258,86.965062
2,2,2,3,2,2,2,2,2,2,2,2,4,4,31,0.004258,86.969321
2,2,2,4,2,2,2,2,2,2,2,2,3,2,31,0.004258,86.973579
0,0,1,2,4,2,3,2,2,2,2,2,2,2,31,0.004258,86.977837
0,1,2,4,4,2,2,2,2,4,2,2,2,2,31,0.004258,86.982096
2,3,3,2,2,2,2,2,2,2,4,2,2,2,31,0.004258,86.986354
0,1,0,2,2,0,2,4,2,2,2,2,2,2,31,0.004258,86.990612
0,2,2,2,4,2,4,4,2,2,2,2,2,1,31,0.004258,86.994871
2,2,3,2,2,2,2,2,2,2,4,2,2,2,31,0.004258,86.999129
3,2,2,2,2,2,2,4,2,2,2,2,2,2,31,0.004258,87.003387
2,2,2,2,2,2,2,2,1,3,2,2,2,2,31,0.004258,87.007646
1,2,2,0,2,2,2,2,2,1,2,2,2,2,31,0.004258,87.011904
2,2,2,4,2,2,2,2,0,4,2,2,2,2,31,0.004258,87.016162
2,2,2,3,2,2,2,2,2,3,2,2,1,2,31,0.004258,87.020421
2,2,2,2,2,2,2,2,1,2,2,2,3,2,30,0.004121,87.024542
0,0,2,2,3,2,2,2,2,2,1,2,2,2,30,0.004121,87.028663
2,2,2,2,3,2,4,4,2,2,4,2,2,2,30,0.004121,87.032784
2,2,2,0,2,2,2,2,2,0,0,2,2,2,30,0.004121,87.036905
0,0,0,2,2,2,2,4,3,2,2,2,2,2,30,0.004121,87.041026
2,2,2,2,2,2,3,3,1,2,2,2,2,2,30,0.004121,87.045147
2,2,1,2,0,0,0,3,2,2,2,2,2,2,30,0.004121,87.049268
2,1,0,2,0,0,1,2,2,2,2,2,2,2,30,0.004121,87.053389
0,2,2,2,4,2,4,4,2,2,3,2,2,2,30,0.004121,87.057510
2,3,2,2,2,2,3,3,2,2,2,2,2,2,30,0.004121,87.061631
0,2,2,2,4,3,2,2,2,2,2,2,2,2,30,0.004121,87.065752
2,2,2,2,1,2,1,3,2,2,2,2,2,2,30,0.004121,87.069873
2,0,0,2,0,0,0,2,2,2,2,2,2,1,30,0.004121,87.073994
2,2,2,4,3,2,2,2,2,4,2,3,2,2,30,0.004121,87.078115
2,2,2,2,2,2,2,2,0,2,4,2,2,2,30,0.004121,87.082236
0,0,2,4,4,2,2,2,2,4,2,2,2,2,30,0.004121,87.086357
2,2,2,3,2,2,4,4,2,2,2,2,2,2,30,0.004121,87.090478
2,2,2,4,2,2,2,3,2,2,3,2,2,2,30,0.004121,87.094598
2,2,2,4,2,2,2,2,2,4,2,4,2,3,30,0.004121,87.098719
2,2,2,3,3,2,3,2,2,2,2,2,2,2,30,0.004121,87.102840
2,2,2,2,2,2,2,1,2,2,2,2,3,2,30,0.004121,87.106961
0,1,2,2,3,2,2,2,2,1,2,2,2,2,30,0.004121,87.111082
1,2,2,2,2,2,2,4,2,2,3,2,2,2,30,0.004121,87.115203
2,2,2,4,2,2,2,4,2,2,2,4,2,2,30,0.004121,87.119324
2,3,2,2,2,2,2,2,1,2,2,2,2,2,29,0.003984,87.123308
1,2,2,2,3,2,2,2,2,2,2,2,2,1,29,0.003984,87.127292
2,2,2,2,2,2,2,2,2,3,0,2,2,2,29,0.003984,87.131275
0,1,2,2,2,2,2,2,2,2,2,2,4,2,29,0.003984,87.135259
2,2,2,2,2,0,2,4,2,2,4,2,2,2,29,0.003984,87.139242
2,1,0,2,0,0,1,4,2,2,2,2,2,2,29,0.003984,87.143226
1,2,2,2,2,2,2,4,2,2,2,2,2,1,29,0.003984,87.147210
2,0,0,2,0,0,0,4,3,2,2,2,2,2,29,0.003984,87.151193
2,2,2,4,2,2,2,2,3,4,2,3,2,2,29,0.003984,87.155177
1,2,2,0,2,2,2,2,2,0,2,2,2,2,29,0.003984,87.159161
0,0,1,2,3,2,4,4,2,2,2,2,2,2,29,0.003984,87.163144
0,1,2,2,4,2,2,2,2,2,2,2,1,2,29,0.003984,87.167128
0,2,2,2,2,2,2,2,2,1,2,2,2,2,29,0.003984,87.171111
2,2,2,1,3,2,3,2,2,2,2,2,2,2,29,0.003984,87.175095
1,1,2,1,2,2,2,2,2,2,1,2,2,2,29,0.003984,87.179079
2,2,2,2,2,2,2,2,2,2,3,4,2,2,29,0.003984,87.183062
2,2,2,2,2,2,2,2,2,2,3,2,4,4,29,0.003984,87.187046
2,2,2,2,3,4,2,2,2,2,3,2,2,2,29,0.003984,87.191029
2,2,2,1,3,2,2,2,2,0,2,2,2,2,29,0.003984,87.195013
0,1,2,2,3,2,2,2,1,2,2,2,2,2,29,0.003984,87.198997
2,1,0,2,0,0,0,3,2,2,2,2,2,2,29,0.003984,87.202980
2,2,2,2,2,1,2,2,2,2,2,2,3,2,29,0.003984,87.206964
2,2,2,0,2,2,2,2,2,0,2,2,1,2,29,0.003984,87.210948
2,2,2,2,4,3,2,2,2,1,2,2,2,2,29,0.003984,87.214931
2,4,2,2,2,2,2,3,2,2,2,2,2,2,29,0.003984,87.218915
2,2,2,2,2,2,2,2,2,3,2,2,2,1,29,0.003984,87.222898
0,0,1,2,2,2,2,2,2,2,2,2,4,2,29,0.003984,87.226882
0,0,0,2,0,0,0,2,4,2,2,2,2,2,29,0.003984,87.230866
2,2,2,2,3,2,4,2,1,2,2,2,2,2,29,0.003984,87.234849
0,2,1,2,2,2,4,3,2,2,2,2,2,2,29,0.003984,87.238833
2,2,2,2,2,0,2,2,2,2,2,2,4,2,29,0.003984,87.242816
2,1,2,2,1,2,2,2,2,2,2,2,2,2,29,0.003984,87.246800
2,2,2,3,4,2,4,4,2,2,2,2,2,2,29,0.003984,87.250784
1,2,2,2,3,2,2,2,2,2,3,2,2,2,29,0.003984,87.254767
2,2,2,2,2,2,3,3,2,2,2,2,2,1,28,0.003846,87.258614
2,2,1,2,2,2,2,2,2,1,2,2,2,2,28,0.003846,87.262460
0,2,2,4,4,2,4,4,2,2,4,2,2,2,28,0.003846,87.266306
0,2,2,2,2,2,4,4,1,2,2,2,2,2,28,0.003846,87.270152
0,2,1,2,2,2,3,3,2,2,2,2,2,2,28,0.003846,87.273999
2,2,2,2,2,2,2,2,2,1,2,2,2,3,28,0.003846,87.277845
1,1,0,2,2,0,2,4,2,2,2,2,2,2,28,0.003846,87.281691
2,2,2,2,2,0,3,4,2,2,2,2,2,2,28,0.003846,87.285537
2,2,2,4,2,2,2,4,2,4,4,2,2,2,28,0.003846,87.289384
2,2,2,2,2,0,2,2,4,2,2,2,2,2,28,0.003846,87.293230
2,2,2,2,1,0,1,4,2,2,2,2,2,2,28,0.003846,87.297076
2,2,2,2,4,4,4,2,2,2,2,2,2,2,28,0.003846,87.300922
3,2,2,2,0,0,0,4,2,2,2,2,2,2,28,0.003846,87.304769
0,0,1,4,2,2,2,2,2,3,2,2,2,2,28,0.003846,87.308615
0,0,2,3,2,2,2,2,2,4,2,2,2,2,28,0.003846,87.312461
2,2,2,4,2,2,2,2,2,2,2,2,2,4,28,0.003846,87.316307
1,0,0,2,2,2,2,2,2,2,1,2,2,2,28,0.003846,87.320154
1,2,2,2,2,0,4,4,2,2,2,2,2,2,28,0.003846,87.324000
2,2,2,2,2,2,3,4,0,2,2,2,2,2,28,0.003846,87.327846
2,2,2,2,2,2,2,2,2,4,1,2,2,2,28,0.003846,87.331692
1,2,2,2,2,2,2,3,1,2,2,2,2,2,28,0.003846,87.335539
1,1,2,2,2,2,2,2,4,2,2,2,2,2,28,0.003846,87.339385
2,2,2,2,0,2,2,2,2,2,1,2,2,2,28,0.003846,87.343231
4,2,2,2,0,1,0,2,2,2,2,2,2,2,28,0.003846,87.347077
4,4,4,2,2,2,2,2,2,2,4,2,2,2,28,0.003846,87.350924
2,2,2,4,2,2,2,2,2,2,2,3,4,2,28,0.003846,87.354770
2,1,1,2,1,1,1,2,2,2,2,2,2,2,28,0.003846,87.358616
0,0,1,2,3,2,2,3,2,2,2,2,2,2,28,0.003846,87.362462
2,1,1,2,2,2,2,2,2,1,2,2,2,2,28,0.003846,87.366309
1,1,2,2,2,2,2,2,3,2,2,2,2,2,28,0.003846,87.370155
2,2,2,4,2,1,2,2,2,2,4,2,2,2,28,0.003846,87.374001
0,0,0,2,4,2,2,2,2,2,1,2,2,2,28,0.003846,87.377847
2,3,2,2,3,2,4,4,2,2,2,2,2,2,28,0.003846,87.381694
0,2,1,2,2,0,4,4,2,2,2,2,2,2,28,0.003846,87.385540
2,2,2,3,2,2,2,4,2,2,2,3,2,2,28,0.003846,87.389386
2,2,2,2,4,2,3,2,2,2,2,2,2,1,27,0.003709,87.393095
0,0,0,2,4,2,4,4,2,1,2,2,2,2,27,0.003709,87.396804
2,2,2,2,2,4,2,2,2,2,2,2,4,2,27,0.003709,87.400513
2,2,2,2,3,2,2,2,4,2,2,2,2,2,27,0.003709,87.404222
2,2,2,3,2,2,2,2,1,4,2,2,2,2,27,0.003709,87.407930
2,2,2,0,2,2,2,2,2,1,1,2,1,2,27,0.003709,87.411639
0,1,2,2,2,2,3,4,2,2,2,2,2,2,27,0.003709,87.415348
2,2,2,1,2,2,2,2,2,1,2,2,1,1,27,0.003709,87.419057
2,2,2,2,2,2,3,2,2,2,2,2,3,2,27,0.003709,87.422766
2,2,2,2,2,2,2,1,4,2,2,2,2,2,27,0.003709,87.426475
2,2,2,4,2,2,2,2,3,3,2,2,2,2,27,0.003709,87.430184
2,2,2,2,2,2,3,3,2,2,2,2,4,2,27,0.003709,87.433893
0,2,2,2,4,2,2,2,2,2,2,2,1,2,27,0.003709,87.437601
2,3,2,2,2,2,2,2,2,2,2,2,3,2,27,0.003709,87.441310
0,0,1,2,4,2,4,4,1,2,2,2,2,2,27,0.003709,87.445019
2,2,2,2,2,2,2,2,1,2,2,4,2,2,27,0.003709,87.448728
2,2,2,2,4,2,3,2,2,2,1,2,2,2,27,0.003709,87.452437
1,2,2,2,4,2,4,4,0,2,2,2,2,2,27,0.003709,87.456146
1,2,2,2,2,2,3,2,2,1,2,2,2,2,27,0.003709,87.459855
1,2,2,2,3,2,2,2,2,2,2,2,4,2,27,0.003709,87.463564
2,2,2,4,3,2,2,2,2,2,2,2,2,2,27,0.003709,87.467273
2,2,2,2,3,2,3,2,2,2,2,2,3,2,27,0.003709,87.470981
2,2,2,2,2,2,2,2,2,2,1,2,1,1,27,0.003709,87.474690
2,2,2,1,4,2,4,2,2,1,2,2,2,2,27,0.003709,87.478399
2,2,2,2,2,2,1,2,3,2,2,2,2,2,27,0.003709,87.482108
0,0,0,2,3,2,4,4,2,2,2,2,4,2,27,0.003709,87.485817
2,2,1,2,0,2,1,2,2,2,2,2,2,2,27,0.003709,87.489526
2,2,2,2,2,2,4,4,2,2,4,2,2,2,27,0.003709,87.493235
2,2,3,2,2,2,2,2,2,1,2,2,2,2,27,0.003709,87.496944
2,2,2,2,2,2,2,4,2,2,2,2,1,1,27,0.003709,87.500652
2,2,2,1,2,2,2,2,1,2,2,2,2,1,26,0.003572,87.504224
0,0,0,4,2,2,2,4,2,2,2,2,2,2,26,0.003572,87.507796
0,0,0,2,4,2,4,4,1,2,1,2,2,2,26,0.003572,87.511367
1,2,2,2,2,2,2,2,2,2,2,2,2,4,26,0.003572,87.514939
2,3,2,4,2,2,2,2,2,4,2,2,2,2,26,0.003572,87.518510
2,2,2,4,2,2,2,2,2,4,1,4,1,2,26,0.003572,87.522082
0,0,0,2,2,2,2,2,2,2,3,2,2,2,26,0.003572,87.525653
2,2,2,4,3,2,3,2,2,4,2,2,2,2,26,0.003572,87.529225
2,2,2,2,2,3,2,4,2,2,2,2,2,2,26,0.003572,87.532796
2,2,2,3,2,2,2,3,2,2,2,3,2,2,26,0.003572,87.536368
0,0,0,2,2,2,2,4,1,2,1,2,2,2,26,0.003572,87.539939
0,2,2,2,2,2,2,2,1,2,2,2,2,2,26,0.003572,87.543511
0,2,2,2,4,2,4,4,2,2,2,2,4,2,26,0.003572,87.547082
0,0,0,2,2,2,2,3,2,2,2,2,4,2,26,0.003572,87.550654
2,2,2,4,2,2,2,1,2,4,2,2,2,2,26,0.003572,87.554225
2,2,2,4,2,2,2,2,3,2,2,2,2,2,26,0.003572,87.557797
2,2,2,2,4,2,4,4,4,2,2,2,2,2,26,0.003572,87.561368
2,0,0,2,0,2,0,2,4,2,2,2,2,2,26,0.003572,87.564940
2,2,2,2,2,2,2,2,0,2,2,2,4,2,26,0.003572,87.568511
0,1,2,2,4,2,4,4,1,2,2,2,2,2,26,0.003572,87.572083
2,2,2,2,3,2,3,3,2,2,4,2,2,2,26,0.003572,87.575654
0,1,2,4,2,2,2,4,2,4,2,2,2,2,26,0.003572,87.579226
2,2,2,3,2,3,2,2,2,2,4,2,2,2,26,0.003572,87.582797
1,2,2,2,2,2,2,4,2,2,2,2,4,2,26,0.003572,87.586369
1,2,2,3,4,2,4,4,2,2,2,2,2,2,26,0.003572,87.589940
1,0,0,2,2,2,2,2,2,1,2,2,2,2,26,0.003572,87.593512
2,2,2,3,4,2,2,2,2,3,2,2,2,2,26,0.003572,87.597083
0,2,2,2,2,1,4,4,2,2,2,2,2,2,26,0.003572,87.600655
2,3,2,2,2,0,2,2,2,2,2,2,2,2,26,0.003572,87.604226
0,0,0,2,4,2,2,4,2,2,2,2,2,2,26,0.003572,87.607798
2,2,2,2,2,2,2,4,1,1,2,2,2,2,26,0.003572,87.611370
1,2,2,2,3,2,4,4,1,2,2,2,2,2,26,0.003572,87.614941
0,1,2,2,2,2,2,2,2,2,3,2,2,2,26,0.003572,87.618513
1,2,2,2,2,2,2,4,2,3,2,2,2,2,26,0.003572,87.622084
0,0,0,2,4,2,3,2,2,2,2,2,2,2,26,0.003572,87.625656
0,1,1,2,2,2,2,4,2,2,1,2,2,2,26,0.003572,87.629227
0,0,0,2,3,2,4,4,0,2,2,2,2,2,26,0.003572,87.632799
0,0,0,2,1,2,2,2,2,2,2,2,2,2,26,0.003572,87.636370
2,2,2,2,2,2,2,2,2,1,1,2,2,2,25,0.003434,87.639804
1,2,2,2,4,3,4,2,2,2,2,2,2,2,25,0.003434,87.643238
0,1,1,2,2,2,4,2,2,2,2,2,2,2,25,0.003434,87.646673
2,2,2,4,2,2,2,2,2,4,2,3,4,2,25,0.003434,87.650107
0,1,2,4,2,2,2,3,2,4,2,2,2,2,25,0.003434,87.653541
1,2,2,1,2,2,2,2,2,2,0,2,2,2,25,0.003434,87.656975
1,2,2,2,4,2,3,2,2,1,2,2,2,2,25,0.003434,87.660409
2,2,2,2,4,2,2,3,2,2,1,2,2,2,25,0.003434,87.663843
2,2,2,0,2,2,2,2,2,0,1,2,1,2,25,0.003434,87.667277
2,1,0,2,2,2,2,4,2,2,2,2,2,2,25,0.003434,87.670712
2,2,2,4,3,2,4,4,2,2,4,2,2,2,25,0.003434,87.674146
1,2,2,2,4,2,3,2,2,2,1,2,2,2,25,0.003434,87.677580
2,2,2,2,1,2,2,2,4,2,2,2,2,2,25,0.003434,87.681014
0,1,1,3,2,2,2,2,2,3,2,2,2,2,25,0.003434,87.684448
2,2,2,2,2,2,0,1,2,2,2,2,2,2,25,0.003434,87.687882
2,2,2,3,2,2,2,2,2,2,4,4,2,2,25,0.003434,87.691317
2,2,2,4,2,2,3,2,2,2,4,2,2,2,25,0.003434,87.694751
0,0,0,2,2,0,4,4,2,2,1,2,2,2,25,0.003434,87.698185
0,0,0,2,2,2,3,4,2,2,2,2,4,2,25,0.003434,87.701619
1,2,2,2,2,2,3,2,2,2,3,2,2,2,25,0.003434,87.705053
1,0,0,2,0,2,1,2,2,2,2,2,2,2,25,0.003434,87.708487
2,0,0,2,1,2,0,2,2,2,2,2,2,2,25,0.003434,87.711921
0,0,0,2,2,2,2,2,2,2,0,2,1,2,25,0.003434,87.715356
2,2,2,2,4,2,4,4,0,2,2,2,2,2,25,0.003434,87.718790
2,2,2,1,2,2,2,2,2,1,2,2,2,0,25,0.003434,87.722224
1,2,2,2,2,2,2,3,2,2,2,2,4,2,25,0.003434,87.725658
0,0,0,2,2,1,2,4,2,2,1,2,2,2,25,0.003434,87.729092
2,2,2,4,2,2,2,2,2,4,2,3,2,4,25,0.003434,87.732526
2,2,2,4,2,2,4,4,2,2,4,2,2,2,25,0.003434,87.735961
2,1,2,3,2,2,2,2,2,4,2,2,2,2,25,0.003434,87.739395
3,2,2,2,0,1,0,2,2,2,2,2,2,2,25,0.003434,87.742829
0,2,1,2,2,2,4,2,2,2,2,2,2,2,25,0.003434,87.746263
1,2,2,4,2,2,2,2,2,2,2,2,2,2,25,0.003434,87.749697
4,2,2,2,1,2,0,2,2,2,2,2,2,2,25,0.003434,87.753131
0,0,0,2,4,2,4,4,0,2,0,2,2,2,25,0.003434,87.756565
2,2,2,2,2,2,2,2,2,2,0,3,2,2,25,0.003434,87.760000
2,2,2,4,2,2,2,2,2,4,4,2,2,4,25,0.003434,87.763434
1,1,2,4,2,3,2,2,2,4,2,2,2,2,25,0.003434,87.766868
2,2,2,4,2,2,2,2,2,2,4,4,2,4,25,0.003434,87.770302
0,1,1,2,3,2,4,2,2,2,2,2,2,2,25,0.003434,87.773736
2,2,4,2,3,2,2,2,2,2,2,2,2,2,24,0.003297,87.777033
1,2,2,2,4,2,4,2,2,2,4,2,2,2,24,0.003297,87.780330
0,0,0,2,2,1,2,3,2,2,2,2,2,2,24,0.003297,87.783627
1,2,2,4,4,2,2,2,2,4,2,2,2,2,24,0.003297,87.786923
1,2,2,2,2,2,2,4,2,2,4,2,2,2,24,0.003297,87.790220
2,2,2,2,2,2,2,2,4,2,2,2,3,2,24,0.003297,87.793517
0,0,0,4,2,2,2,4,4,4,2,4,2,2,24,0.003297,87.796814
0,2,2,2,2,2,2,2,2,2,2,2,2,1,24,0.003297,87.800110
2,4,3,2,2,2,2,3,2,2,2,2,2,2,24,0.003297,87.803407
0,0,0,2,3,2,2,3,2,2,2,2,2,2,24,0.003297,87.806704
2,0,0,2,0,1,0,2,4,2,2,2,2,2,24,0.003297,87.810001
2,2,2,2,2,2,2,2,2,1,2,4,2,2,24,0.003297,87.813298
1,2,2,2,3,2,2,2,2,3,2,2,2,2,24,0.003297,87.816594
2,2,2,2,2,0,2,4,4,2,2,2,2,2,24,0.003297,87.819891
0,0,2,2,2,2,2,2,2,1,2,2,2,2,24,0.003297,87.823188
0,0,0,2,4,2,4,4,2,2,2,4,2,2,24,0.003297,87.826485
1,2,2,2,4,2,4,4,2,2,1,2,2,2,24,0.003297,87.829782
0,0,0,2,2,2,2,4,2,2,0,2,1,2,24,0.003297,87.833078
2,1,2,2,2,2,2,2,4,2,2,2,2,2,24,0.003297,87.836375
2,2,2,2,2,2,2,0,2,1,2,2,2,2,24,0.003297,87.839672
2,1,2,2,2,2,2,2,3,2,2,2,2,2,24,0.003297,87.842969
2,2,2,2,2,2,2,2,2,3,1,2,1,2,24,0.003297,87.846265
2,2,2,2,4,2,4,4,2,1,2,2,2,2,24,0.003297,87.849562
2,2,3,2,4,4,2,2,2,2,2,2,2,2,24,0.003297,87.852859
0,2,2,2,2,2,2,2,2,3,2,2,2,2,24,0.003297,87.856156
2,2,2,2,2,2,2,2,0,2,0,2,2,2,24,0.003297,87.859453
3,2,2,2,2,0,2,2,2,2,2,2,2,2,24,0.003297,87.862749
0,0,1,2,2,2,2,2,2,2,4,2,2,2,24,0.003297,87.866046
2,2,2,2,4,2,2,2,3,2,2,2,2,2,24,0.003297,87.869343
2,1,0,2,0,2,1,2,2,2,2,2,2,2,24,0.003297,87.872640
2,2,2,2,4,2,3,2,1,2,2,2,2,2,24,0.003297,87.875936
1,2,2,2,2,2,2,2,1,2,1,2,2,2,24,0.003297,87.879233
2,2,2,2,2,1,2,4,2,2,4,2,2,2,24,0.003297,87.882530
0,0,0,2,2,2,2,3,2,2,0,2,2,2,24,0.003297,87.885827
2,3,2,2,4,2,4,4,2,2,2,2,2,2,24,0.003297,87.889124
0,0,0,4,2,2,2,4,2,2,4,2,2,2,24,0.003297,87.892420
1,2,2,2,2,2,2,4,0,2,2,2,2,2,24,0.003297,87.895717
2,2,2,4,3,2,2,2,2,3,2,2,2,2,24,0.003297,87.899014
2,2,2,2,2,2,2,2,4,2,2,4,2,2,24,0.003297,87.902311
2,2,2,2,3,2,2,4,1,2,2,2,2,2,24,0.003297,87.905608
0,0,1,4,2,2,2,4,2,4,2,2,2,2,24,0.003297,87.908904
2,2,2,2,0,0,0,3,2,2,2,2,2,2,24,0.003297,87.912201
0,0,1,1,2,2,2,2,2,2,2,2,2,2,24,0.003297,87.915498
2,2,2,2,2,0,2,4,3,2,2,2,2,2,24,0.003297,87.918795
0,0,1,4,3,2,2,2,2,4,2,2,2,2,24,0.003297,87.922091
0,0,0,2,2,2,2,4,2,2,1,2,1,2,24,0.003297,87.925388
0,1,1,2,2,2,2,2,2,2,2,2,2,1,24,0.003297,87.928685
1,0,0,2,2,1,2,2,2,2,2,2,2,2,24,0.003297,87.931982
2,2,1,2,1,0,1,2,2,2,2,2,2,2,23,0.003159,87.935141
2,2,2,2,2,4,2,2,2,2,1,2,2,2,23,0.003159,87.938301
0,1,2,2,3,2,4,4,2,2,2,2,2,2,23,0.003159,87.941460
2,2,2,2,2,1,2,4,2,1,2,2,2,2,23,0.003159,87.944620
1,2,2,2,4,4,3,2,2,2,2,2,2,2,23,0.003159,87.947779
2,2,2,2,3,2,3,4,1,2,2,2,2,2,23,0.003159,87.950938
2,2,2,2,2,2,2,2,2,1,2,2,2,4,23,0.003159,87.954098
2,1,2,4,2,2,2,2,2,4,2,3,2,2,23,0.003159,87.957257
0,0,0,2,4,2,4,4,4,2,2,2,2,2,23,0.003159,87.960417
0,0,0,4,2,2,2,2,4,4,2,4,2,2,23,0.003159,87.963576
2,2,2,2,1,1,2,4,2,2,2,2,2,2,23,0.003159,87.966735
0,0,0,2,2,0,2,4,4,2,2,2,2,2,23,0.003159,87.969895
1,2,2,2,3,2,3,2,2,1,2,2,2,2,23,0.003159,87.973054
0,1,2,2,2,2,2,2,2,2,2,3,2,2,23,0.003159,87.976214
0,1,2,2,2,2,2,2,2,2,0,2,2,2,23,0.003159,87.979373
0,1,2,2,4,2,2,3,2,2,2,2,2,2,23,0.003159,87.982533
2,2,2,3,3,2,4,4,2,2,2,2,2,2,23,0.003159,87.985692
1,0,1,2,2,2,2,2,2,1,2,2,2,2,23,0.003159,87.988851
2,2,2,4,2,2,2,2,2,2,4,3,2,4,23,0.003159,87.992011
2,2,2,0,2,2,2,2,2,1,0,2,1,2,23,0.003159,87.995170
2,2,2,1,2,2,2,3,2,2,1,2,2,2,23,0.003159,87.998330
2,2,2,2,2,2,2,4,2,2,1,2,1,2,23,0.003159,88.001489
2,2,2,2,4,2,2,2,0,2,2,2,2,2,23,0.003159,88.004648
0,1,1,2,2,2,2,2,2,2,2,2,4,2,23,0.003159,88.007808
0,0,0,2,3,1,4,4,2,2,2,2,2,2,23,0.003159,88.010967
0,0,0,2,4,1,4,4,2,2,2,2,2,2,23,0.003159,88.014127
1,2,2,3,2,2,2,4,2,2,2,2,2,2,23,0.003159,88.017286
1,2,2,2,2,1,2,4,2,2,2,2,2,2,23,0.003159,88.020446
0,0,0,2,0,0,1,4,2,2,2,2,2,2,23,0.003159,88.023605
2,4,2,2,2,2,3,2,2,2,2,2,2,2,23,0.003159,88.026764
0,2,2,2,4,2,4,4,2,2,2,4,2,2,23,0.003159,88.029924
0,0,0,2,2,2,2,4,0,2,0,2,2,2,23,0.003159,88.033083
2,2,4,2,2,3,2,2,2,2,2,2,2,2,23,0.003159,88.036243
0,0,0,2,2,2,2,2,1,2,1,2,2,2,23,0.003159,88.039402
0,0,1,2,4,2,4,3,2,2,2,2,2,2,23,0.003159,88.042561
2,2,2,3,2,2,2,2,1,2,2,2,2,2,23,0.003159,88.045721
2,2,2,1,4,2,2,2,2,2,1,2,2,2,23,0.003159,88.048880
2,2,2,2,4,3,4,4,2,2,2,2,2,2,23,0.003159,88.052040
2,2,2,3,2,1,2,2,2,2,4,2,2,2,23,0.003159,88.055199
2,2,2,2,2,0,3,2,2,2,2,2,2,2,23,0.003159,88.058359
2,2,2,2,2,2,2,2,2,2,0,4,2,2,23,0.003159,88.061518
2,2,2,2,2,1,4,2,2,2,2,2,2,2,23,0.003159,88.064677
0,0,0,2,4,2,3,4,2,2,1,2,2,2,23,0.003159,88.067837
0,2,2,2,4,2,3,2,2,2,1,2,2,2,23,0.003159,88.070996
0,0,0,2,2,2,3,4,0,2,2,2,2,2,23,0.003159,88.074156
0,1,2,2,4,2,3,3,2,2,2,2,2,2,23,0.003159,88.077315
2,2,2,4,2,2,2,2,2,4,0,2,2,2,23,0.003159,88.080475
2,2,2,2,2,2,2,2,1,1,2,2,2,1,23,0.003159,88.083634
0,0,0,2,2,2,2,4,1,2,0,2,2,2,23,0.003159,88.086793
3,2,2,2,1,2,0,2,2,2,2,2,2,2,23,0.003159,88.089953
2,2,3,2,2,2,2,3,2,2,2,2,2,2,23,0.003159,88.093112
0,0,0,3,2,2,2,4,2,3,2,2,2,2,23,0.003159,88.096272
0,0,0,2,2,2,2,4,2,2,1,2,4,2,23,0.003159,88.099431
0,2,2,4,4,2,2,2,2,4,2,2,2,2,23,0.003159,88.102590
2,2,2,1,3,2,2,2,2,1,2,2,2,1,23,0.003159,88.105750
0,0,0,1,2,2,2,4,2,2,0,2,2,2,22,0.003022,88.108772
2,2,2,2,3,2,2,3,2,1,2,2,2,2,22,0.003022,88.111794
2,2,2,2,2,2,4,2,2,2,4,2,2,2,22,0.003022,88.114816
2,2,2,4,2,2,2,2,1,2,4,2,2,2,22,0.003022,88.117838
0,0,1,2,2,2,2,2,2,2,2,3,2,2,22,0.003022,88.120860
2,2,2,2,2,2,4,2,2,2,3,2,2,2,22,0.003022,88.123882
2,2,2,3,2,2,2,2,4,3,2,2,2,2,22,0.003022,88.126904
2,2,2,3,2,2,2,2,2,2,2,2,4,3,22,0.003022,88.129926
0,2,2,1,4,2,4,4,2,1,2,2,2,2,22,0.003022,88.132948
2,2,2,2,2,2,3,2,0,2,2,2,2,2,22,0.003022,88.135970
2,3,2,2,3,2,2,2,2,2,2,2,2,2,22,0.003022,88.138992
2,2,2,3,2,1,2,2,2,2,2,2,2,2,22,0.003022,88.142015
2,2,1,2,2,0,2,3,2,2,2,2,2,2,22,0.003022,88.145037
2,2,2,4,2,2,2,2,4,4,4,4,2,2,22,0.003022,88.148059
2,2,2,2,2,2,3,4,2,2,2,3,2,2,22,0.003022,88.151081
0,0,0,4,2,2,2,4,2,3,2,2,2,2,22,0.003022,88.154103
0,1,2,3,3,2,2,2,2,3,2,2,2,2,22,0.003022,88.157125
2,1,0,2,2,0,2,4,2,2,2,2,2,2,22,0.003022,88.160147
0,0,2,2,4,2,4,4,2,2,2,2,2,2,22,0.003022,88.163169
2,2,2,1,2,2,2,2,2,1,2,1,2,2,22,0.003022,88.166191
1,1,2,2,2,2,2,2,0,2,2,2,2,2,22,0.003022,88.169213
1,2,2,2,2,2,2,4,2,1,2,2,2,2,22,0.003022,88.172235
2,2,2,1,2,2,2,4,2,2,1,2,2,2,22,0.003022,88.175257
0,0,2,2,2,2,2,2,1,2,2,2,2,2,22,0.003022,88.178279
2,1,0,2,1,0,2,4,2,2,2,2,2,2,22,0.003022,88.181301
2,3,3,2,2,2,2,4,2,2,2,2,2,2,22,0.003022,88.184323
1,2,2,1,2,2,2,4,2,1,2,2,2,2,22,0.003022,88.187345
1,2,2,1,2,2,2,2,1,1,2,2,2,2,22,0.003022,88.190367
2,2,2,2,3,2,4,2,2,1,2,2,2,2,22,0.003022,88.193389
2,2,2,3,2,2,3,4,2,2,4,2,2,2,22,0.003022,88.196411
0,2,2,2,4,3,3,2,2,2,2,2,2,2,22,0.003022,88.199434
2,2,2,4,2,2,2,3,2,4,4,2,2,2,22,0.003022,88.202456
2,2,2,2,2,2,2,2,2,2,2,3,2,4,22,0.003022,88.205478
2,3,2,3,2,2,2,2,2,2,4,2,2,2,22,0.003022,88.208500
3,4,4,2,2,2,2,4,2,2,2,2,2,2,22,0.003022,88.211522
2,2,2,2,3,2,3,4,2,2,3,2,2,2,22,0.003022,88.214544
1,2,2,2,4,2,2,2,2,2,1,2,1,2,22,0.003022,88.217566
1,0,0,2,0,2,0,2,2,2,2,2,2,2,22,0.003022,88.220588
2,2,2,4,2,2,2,4,2,4,2,2,1,2,22,0.003022,88.223610
2,2,2,2,2,2,2,2,2,1,2,2,2,0,22,0.003022,88.226632
1,2,2,1,4,2,4,2,2,1,2,2,2,2,22,0.003022,88.229654
2,2,2,2,4,2,4,2,2,2,2,2,2,1,22,0.003022,88.232676
0,0,2,2,2,2,2,2,2,2,2,2,2,1,22,0.003022,88.235698
2,4,3,2,2,2,2,2,2,2,3,2,2,2,22,0.003022,88.238720
2,2,2,3,2,2,3,3,2,2,2,2,2,2,22,0.003022,88.241742
4,4,4,2,2,2,2,3,2,2,2,2,2,2,22,0.003022,88.244764
0,2,2,2,4,2,4,2,1,2,2,2,2,2,22,0.003022,88.247786
1,2,2,2,2,2,3,2,2,2,2,2,2,1,22,0.003022,88.250808
2,2,2,2,2,2,3,2,3,2,2,2,2,2,22,0.003022,88.253830
2,2,1,2,1,2,2,2,2,2,2,2,2,2,22,0.003022,88.256853
0,0,0,4,2,2,2,2,2,2,4,2,2,2,22,0.003022,88.259875
2,1,2,2,2,2,2,2,2,2,2,3,2,2,22,0.003022,88.262897
0,0,0,2,2,2,2,4,0,2,1,2,2,2,22,0.003022,88.265919
2,2,2,4,4,2,2,2,2,4,2,4,2,2,22,0.003022,88.268941
2,2,2,2,2,2,2,2,2,1,2,3,2,2,22,0.003022,88.271963
2,2,2,2,3,2,3,3,2,2,3,2,2,2,22,0.003022,88.274985
2,2,2,2,2,3,2,2,2,2,2,3,2,2,22,0.003022,88.278007
0,2,2,2,2,2,2,2,2,2,2,2,4,2,21,0.002885,88.280892
1,2,2,2,2,1,3,4,2,2,2,2,2,2,21,0.002885,88.283776
2,2,2,2,1,2,2,2,3,2,2,2,2,2,21,0.002885,88.286661
0,1,1,2,2,2,2,2,2,2,3,2,2,2,21,0.002885,88.289546
1,2,2,1,3,2,3,2,2,1,2,2,2,2,21,0.002885,88.292430
2,2,2,2,3,2,4,4,0,2,2,2,2,2,21,0.002885,88.295315
0,1,2,2,3,2,4,2,2,2,2,2,2,2,21,0.002885,88.298200
2,2,2,2,2,4,2,2,2,2,2,2,1,2,21,0.002885,88.301084
1,2,2,4,2,2,2,4,2,4,2,4,2,2,21,0.002885,88.303969
2,2,2,2,2,2,4,2,2,1,2,2,2,2,21,0.002885,88.306854
2,2,2,2,1,2,1,2,3,2,2,2,2,2,21,0.002885,88.309738
2,2,2,2,2,2,2,4,1,2,1,2,2,2,21,0.002885,88.312623
2,2,2,4,3,3,2,2,2,4,2,2,2,2,21,0.002885,88.315508
2,2,2,2,3,2,2,3,2,2,4,2,2,2,21,0.002885,88.318392
2,2,2,4,2,2,2,2,4,4,2,3,2,2,21,0.002885,88.321277
2,2,2,2,2,1,2,4,1,2,2,2,2,2,21,0.002885,88.324162
0,0,0,1,2,2,2,2,2,2,1,2,2,2,21,0.002885,88.327047
2,2,2,2,4,3,2,2,2,2,4,2,2,2,21,0.002885,88.329931
2,2,2,3,4,2,4,2,2,2,2,2,2,2,21,0.002885,88.332816
1,2,2,2,4,2,2,2,2,2,2,3,2,2,21,0.002885,88.335701
2,1,0,2,2,2,2,3,2,2,2,2,2,2,21,0.002885,88.338585
2,2,2,3,2,2,2,2,3,2,3,2,2,2,21,0.002885,88.341470
2,2,2,4,2,4,2,2,2,2,4,2,2,2,21,0.002885,88.344355
0,2,2,2,3,2,2,2,2,2,2,2,1,2,21,0.002885,88.347239
2,3,4,2,3,2,2,2,2,2,2,2,2,2,21,0.002885,88.350124
2,2,2,4,2,2,2,2,2,2,2,4,4,2,21,0.002885,88.353009
1,2,2,2,4,2,2,2,2,2,0,2,2,2,21,0.002885,88.355893
2,2,1,2,0,0,2,4,2,2,2,2,2,2,21,0.002885,88.358778
2,2,2,2,4,2,4,2,1,2,2,2,2,2,21,0.002885,88.361663
2,2,2,3,2,2,2,2,2,2,3,4,2,2,21,0.002885,88.364547
2,2,2,2,3,2,2,4,2,2,1,2,2,2,21,0.002885,88.367432
2,2,2,3,2,2,2,1,2,2,2,2,2,2,21,0.002885,88.370317
0,0,0,1,4,2,4,4,2,2,2,2,2,2,21,0.002885,88.373202
2,2,2,4,2,2,2,4,2,3,2,4,2,2,21,0.002885,88.376086
2,2,2,3,2,2,2,2,2,3,2,2,2,1,21,0.002885,88.378971
2,2,2,2,2,3,2,3,2,2,2,2,2,2,21,0.002885,88.381856
2,2,2,2,4,3,2,2,1,2,2,2,2,2,21,0.002885,88.384740
2,1,2,4,2,2,2,2,2,4,2,4,2,2,21,0.002885,88.387625
1,0,0,2,0,0,0,2,4,2,2,2,2,2,21,0.002885,88.390510
1,2,1,2,2,1,2,2,2,2,2,2,2,2,21,0.002885,88.393394
2,3,2,2,2,2,4,4,2,2,2,2,2,2,21,0.002885,88.396279
0,0,1,2,2,2,2,2,2,2,3,2,2,2,21,0.002885,88.399164
2,2,2,2,2,2,2,2,2,2,4,2,1,1,21,0.002885,88.402048
2,2,2,2,2,1,2,2,1,2,2,2,2,2,21,0.002885,88.404933
2,2,2,1,3,2,2,2,2,2,0,2,2,2,21,0.002885,88.407818
2,2,2,2,4,2,4,3,2,2,4,2,2,2,21,0.002885,88.410702
0,1,0,2,3,2,4,4,2,2,2,2,2,2,21,0.002885,88.413587
2,1,2,2,2,2,2,2,2,2,0,2,2,2,21,0.002885,88.416472
2,2,2,2,3,4,2,1,2,2,2,2,2,2,21,0.002885,88.419357
1,0,1,2,2,2,2,3,2,2,2,2,2,2,21,0.002885,88.422241
0,0,2,2,2,2,2,3,2,2,2,2,2,2,21,0.002885,88.425126
2,2,2,2,4,4,2,2,1,2,2,2,2,2,21,0.002885,88.428011
2,2,2,4,2,2,3,2,2,2,2,2,2,2,20,0.002747,88.430758
0,2,2,4,4,2,4,2,2,4,2,2,2,2,20,0.002747,88.433505
1,2,2,3,2,2,2,2,2,2,4,2,2,2,20,0.002747,88.436253
2,2,2,2,4,4,2,2,2,2,3,2,2,2,20,0.002747,88.439000
2,2,2,2,4,2,4,4,2,2,2,4,2,2,20,0.002747,88.441747
2,2,2,4,2,2,2,4,4,4,2,2,2,2,20,0.002747,88.444495
1,2,2,1,4,2,2,2,2,1,1,2,2,2,20,0.002747,88.447242
0,0,0,2,4,2,2,4,2,2,1,2,2,2,20,0.002747,88.449989
0,1,2,2,2,2,2,4,2,2,1,2,2,2,20,0.002747,88.452736
2,2,2,2,2,3,2,2,3,2,2,2,2,2,20,0.002747,88.455484
0,1,2,1,3,2,2,2,2,1,2,2,2,2,20,0.002747,88.458231
2,0,1,2,2,2,0,2,2,2,2,2,2,2,20,0.002747,88.460978
2,3,2,2,2,2,2,2,4,2,2,2,2,2,20,0.002747,88.463726
2,2,2,2,2,2,2,1,1,2,2,2,2,2,20,0.002747,88.466473
3,2,2,2,1,2,1,2,2,2,2,2,2,2,20,0.002747,88.469220
2,2,2,3,2,2,2,2,2,4,0,2,2,2,20,0.002747,88.471968
2,1,1,2,2,2,2,2,3,2,2,2,2,2,20,0.002747,88.474715
0,0,1,2,3,3,2,2,2,2,2,2,2,2,20,0.002747,88.477462
2,2,2,4,2,2,3,4,2,2,2,2,2,2,20,0.002747,88.480210
2,2,2,2,2,2,3,2,2,2,2,2,1,2,20,0.002747,88.482957
0,0,1,2,4,2,3,4,2,2,2,2,2,2,20,0.002747,88.485704
1,2,2,2,2,2,4,4,1,2,2,2,2,2,20,0.002747,88.488452
1,0,2,2,2,2,2,2,2,2,2,2,1,2,20,0.002747,88.491199
2,2,2,2,3,2,2,2,2,1,3,2,2,2,20,0.002747,88.493946
0,2,2,2,4,2,4,4,4,2,2,2,2,2,20,0.002747,88.496694
2,1,2,4,2,2,2,2,2,3,2,2,2,2,20,0.002747,88.499441
0,1,0,2,2,1,2,4,2,2,2,2,2,2,20,0.002747,88.502188
2,1,2,2,2,2,2,2,2,2,1,2,1,2,20,0.002747,88.504936
2,2,2,2,4,2,4,2,2,2,2,2,4,2,20,0.002747,88.507683
2,2,2,2,2,2,1,2,4,2,2,2,2,2,20,0.002747,88.510430
2,2,2,1,2,0,2,2,2,1,2,2,2,2,20,0.002747,88.513178
1,2,2,2,2,2,2,3,2,2,4,2,2,2,20,0.002747,88.515925
0,0,1,2,2,2,2,4,1,2,2,2,2,2,20,0.002747,88.518672
2,2,2,2,2,0,2,4,2,2,1,2,2,2,20,0.002747,88.521419
0,2,2,2,2,2,2,4,2,2,1,2,2,2,20,0.002747,88.524167
1,2,2,2,4,2,4,4,2,2,3,2,2,2,20,0.002747,88.526914
2,2,2,2,2,2,2,2,2,2,4,2,4,3,20,0.002747,88.529661
1,2,2,2,2,2,2,3,2,2,2,2,2,1,20,0.002747,88.532409
2,1,2,2,0,2,0,2,2,2,2,2,2,2,20,0.002747,88.535156
2,0,1,2,2,2,2,4,2,2,2,2,2,2,20,0.002747,88.537903
2,2,2,2,3,3,2,2,2,2,2,2,4,2,20,0.002747,88.540651
1,0,1,2,2,2,2,2,2,2,2,2,1,2,20,0.002747,88.543398
2,2,2,4,2,2,2,2,2,2,2,2,2,3,20,0.002747,88.546145
2,2,2,2,2,2,3,3,2,1,2,2,2,2,20,0.002747,88.548893
2,2,2,1,4,2,4,4,2,1,2,2,2,2,20,0.002747,88.551640
2,2,2,4,4,2,4,4,2,2,4,2,2,2,20,0.002747,88.554387
2,2,2,1,2,3,2,2,2,1,2,2,2,1,20,0.002747,88.557135
0,0,0,0,4,2,4,4,0,1,0,2,2,2,20,0.002747,88.559882
0,1,2,2,2,2,2,2,2,2,4,2,2,2,20,0.002747,88.562629
2,0,0,2,1,1,1,2,2,2,2,2,2,2,20,0.002747,88.565377
1,2,2,3,3,2,2,2,2,4,2,2,2,2,20,0.002747,88.568124
0,1,1,2,3,2,4,3,2,2,2,2,2,2,20,0.002747,88.570871
2,2,2,2,2,2,2,2,2,0,3,2,2,2,20,0.002747,88.573619
2,2,2,4,2,2,2,2,2,3,2,2,3,2,20,0.002747,88.576366
1,2,2,2,2,1,2,2,2,2,2,2,2,2,20,0.002747,88.579113
0,0,0,2,2,2,2,2,2,3,1,2,2,2,20,0.002747,88.581861
2,2,0,2,2,1,2,4,2,2,2,2,2,2,20,0.002747,88.584608
1,2,2,4,4,2,4,4,2,4,2,2,2,2,20,0.002747,88.587355
2,2,2,2,2,2,2,2,3,2,2,4,2,2,20,0.002747,88.590103
0,0,2,4,2,2,2,2,2,4,2,4,2,2,20,0.002747,88.592850
1,2,2,2,2,2,2,4,2,2,2,3,2,2,20,0.002747,88.595597
0,0,0,4,2,2,2,4,2,4,1,2,2,2,20,0.002747,88.598344
0,0,0,4,2,2,2,4,2,4,2,3,2,2,20,0.002747,88.601092
0,2,2,4,2,2,2,4,2,4,2,2,2,2,20,0.002747,88.603839
2,2,2,2,2,2,3,2,2,2,2,3,2,2,20,0.002747,88.606586
1,2,2,2,3,2,2,2,2,2,4,2,2,2,20,0.002747,88.609334
2,2,2,2,3,2,3,4,2,1,2,2,2,2,20,0.002747,88.612081
0,2,2,2,4,4,4,4,2,2,2,2,2,2,20,0.002747,88.614828
1,2,2,2,2,2,2,4,2,2,0,2,2,2,20,0.002747,88.617576
1,1,1,2,2,2,2,2,2,2,2,2,1,2,19,0.002610,88.620186
1,2,2,2,3,2,2,2,2,2,2,2,3,2,19,0.002610,88.622796
0,0,1,1,2,2,2,2,2,1,1,2,2,2,19,0.002610,88.625406
0,2,2,1,3,2,3,2,2,1,2,2,2,2,19,0.002610,88.628016
0,0,2,2,3,2,2,2,2,2,2,2,1,2,19,0.002610,88.630625
3,2,2,2,2,2,2,2,2,1,2,2,2,2,19,0.002610,88.633235
2,2,2,2,2,2,2,3,2,1,2,2,2,1,19,0.002610,88.635845
2,0,0,2,0,2,1,4,2,2,2,2,2,2,19,0.002610,88.638455
2,2,4,2,2,4,2,2,2,2,2,2,2,2,19,0.002610,88.641065
2,2,3,2,4,2,4,4,2,2,2,2,2,2,19,0.002610,88.643675
2,2,2,2,2,1,2,3,2,2,4,2,2,2,19,0.002610,88.646285
2,2,1,2,2,2,2,2,2,2,2,2,2,1,19,0.002610,88.648895
2,2,1,2,1,1,1,2,2,2,2,2,2,2,19,0.002610,88.651505
0,0,0,2,2,2,2,4,2,2,3,2,2,2,19,0.002610,88.654115
1,2,2,1,2,2,2,2,2,1,2,2,2,1,19,0.002610,88.656725
2,2,2,3,2,2,2,3,2,2,2,4,2,2,19,0.002610,88.659335
2,2,2,2,3,2,2,4,2,2,4,2,2,2,19,0.002610,88.661945
2,2,2,3,2,2,3,2,2,2,3,2,2,2,19,0.002610,88.664555
0,0,0,4,4,2,4,4,2,4,2,2,2,2,19,0.002610,88.667165
2,2,2,1,2,2,2,4,2,1,1,2,2,2,19,0.002610,88.669775
2,3,3,2,4,2,4,4,2,2,2,2,2,2,19,0.002610,88.672385
3,2,2,2,2,2,2,3,2,2,2,2,2,2,19,0.002610,88.674995
2,2,2,2,2,2,2,2,1,2,1,2,2,1,19,0.002610,88.677605
2,2,2,2,2,2,4,3,2,2,4,2,2,2,19,0.002610,88.680215
2,2,2,4,2,2,2,4,2,3,3,2,2,2,19,0.002610,88.682825
2,0,0,2,0,2,0,2,3,2,2,2,2,2,19,0.002610,88.685435
3,4,3,2,2,2,2,2,2,2,4,2,2,2,19,0.002610,88.688044
2,1,1,2,2,2,2,2,2,2,2,2,2,1,19,0.002610,88.690654
0,2,1,2,4,2,4,4,2,2,2,2,2,2,19,0.002610,88.693264
0,1,2,2,4,2,4,4,0,2,2,2,2,2,19,0.002610,88.695874
2,2,2,2,2,2,2,2,4,3,2,2,2,2,19,0.002610,88.698484
0,0,0,2,2,2,4,3,2,2,2,2,2,2,19,0.002610,88.701094
2,2,2,2,2,2,2,2,2,1,2,2,1,1,19,0.002610,88.703704
0,1,2,4,2,2,2,2,2,3,2,2,2,2,19,0.002610,88.706314
0,0,0,2,2,2,2,4,0,2,2,2,1,2,19,0.002610,88.708924
2,2,2,2,2,3,2,2,2,2,2,2,2,4,19,0.002610,88.711534
2,2,2,4,2,2,2,2,2,2,4,3,4,2,19,0.002610,88.714144
2,2,2,4,2,2,2,2,2,2,2,4,2,4,19,0.002610,88.716754
1,2,2,2,2,2,3,2,1,2,2,2,2,2,19,0.002610,88.719364
1,2,2,2,4,2,4,4,2,2,2,3,2,2,19,0.002610,88.721974
1,1,2,2,2,2,2,2,2,2,2,4,2,2,19,0.002610,88.724584
2,2,2,2,2,2,2,3,2,2,1,2,1,2,19,0.002610,88.727194
2,2,2,2,2,3,1,2,2,2,2,2,2,2,19,0.002610,88.729804
2,2,2,4,2,2,2,2,2,2,4,4,4,2,19,0.002610,88.732414
2,2,2,4,3,2,2,3,2,4,2,2,2,2,19,0.002610,88.735024
1,0,0,2,1,0,2,4,2,2,2,2,2,2,19,0.002610,88.737634
1,2,2,1,4,2,2,2,2,1,2,2,2,2,19,0.002610,88.740244
2,2,2,4,2,2,2,4,2,3,2,3,2,2,19,0.002610,88.742854
2,2,2,4,2,3,2,2,2,3,2,2,2,2,19,0.002610,88.745463
0,2,2,2,4,2,3,4,2,2,1,2,2,2,19,0.002610,88.748073
2,2,0,2,2,2,2,2,2,2,2,2,2,2,19,0.002610,88.750683
3,4,3,2,2,2,2,2,2,2,3,2,2,2,19,0.002610,88.753293
2,2,2,2,2,2,2,4,2,2,3,2,4,2,19,0.002610,88.755903
2,2,2,4,3,2,3,4,2,2,4,2,2,2,19,0.002610,88.758513
2,2,2,4,2,2,2,4,2,2,4,2,2,4,19,0.002610,88.761123
2,2,2,2,2,4,2,2,2,2,2,2,3,2,19,0.002610,88.763733
2,0,1,2,2,2,2,2,2,2,1,2,2,2,19,0.002610,88.766343
2,2,2,2,2,2,2,2,0,2,2,3,2,2,19,0.002610,88.768953
2,2,2,1,2,2,2,2,2,0,2,2,1,2,19,0.002610,88.771563
2,2,2,2,2,2,2,0,2,2,2,2,2,1,19,0.002610,88.774173
0,1,1,2,3,2,2,2,2,2,2,2,2,2,19,0.002610,88.776783
2,2,2,2,2,2,3,2,2,2,1,2,2,2,19,0.002610,88.779393
0,0,2,2,2,2,2,4,2,2,2,2,2,2,19,0.002610,88.782003
2,2,2,3,2,2,2,2,2,2,2,4,4,2,19,0.002610,88.784613
0,2,2,1,4,2,4,2,2,1,2,2,2,2,19,0.002610,88.787223
2,2,3,2,2,2,2,2,2,2,1,2,2,2,19,0.002610,88.789833
2,4,4,2,2,2,2,4,2,2,2,2,2,2,19,0.002610,88.792443
2,1,2,1,2,2,2,2,2,1,1,2,2,2,19,0.002610,88.795053
0,0,2,3,2,2,2,2,2,2,2,2,2,2,19,0.002610,88.797663
2,2,2,2,2,2,2,2,2,2,2,4,3,2,19,0.002610,88.800273
2,2,2,2,2,1,2,2,2,2,2,2,2,4,19,0.002610,88.802882
2,2,2,4,2,2,3,3,2,4,2,2,2,2,19,0.002610,88.805492
2,2,2,2,2,2,2,3,2,2,2,2,1,1,19,0.002610,88.808102
0,1,2,1,2,2,2,2,2,1,1,2,2,2,19,0.002610,88.810712
0,0,1,4,2,2,2,3,2,4,2,2,2,2,19,0.002610,88.813322
0,0,0,2,4,2,4,4,0,2,1,2,2,2,19,0.002610,88.815932
0,1,2,2,3,2,2,2,2,2,2,2,1,2,19,0.002610,88.818542
2,2,2,2,0,2,0,2,2,2,1,2,2,2,19,0.002610,88.821152
2,2,2,2,3,2,3,2,2,2,2,3,2,2,19,0.002610,88.823762
2,2,2,1,2,2,2,4,2,2,0,2,2,2,19,0.002610,88.826372
2,2,2,2,4,2,3,4,1,2,2,2,2,2,19,0.002610,88.828982
0,0,2,2,3,2,2,4,2,2,2,2,2,2,19,0.002610,88.831592
1,2,2,2,4,2,3,2,2,2,2,2,1,2,19,0.002610,88.834202
1,2,2,2,3,2,2,2,2,2,2,3,2,2,19,0.002610,88.836812
0,0,0,2,0,2,1,2,2,2,2,2,2,2,19,0.002610,88.839422
2,2,2,4,2,2,2,3,2,4,3,2,2,2,19,0.002610,88.842032
0,1,0,2,2,0,4,4,2,2,2,2,2,2,19,0.002610,88.844642
1,0,0,2,0,2,2,2,2,2,2,2,2,2,18,0.002473,88.847114
2,2,2,2,4,2,4,4,2,2,2,2,2,1,18,0.002473,88.849587
2,2,2,2,2,2,2,2,2,2,0,2,4,2,18,0.002473,88.852060
3,4,4,2,2,2,2,3,2,2,2,2,2,2,18,0.002473,88.854532
2,2,2,0,2,2,2,4,2,1,2,2,2,2,18,0.002473,88.857005
1,2,2,2,3,2,2,2,0,2,2,2,2,2,18,0.002473,88.859477
2,2,2,4,2,3,2,2,2,2,4,2,2,2,18,0.002473,88.861950
2,2,1,1,2,2,2,2,2,1,2,2,2,2,18,0.002473,88.864422
2,2,2,3,2,2,3,3,2,2,4,2,2,2,18,0.002473,88.866895
2,1,0,1,0,0,0,2,2,1,2,2,2,2,18,0.002473,88.869368
2,2,2,2,2,2,3,2,2,2,2,2,2,4,18,0.002473,88.871840
2,2,2,2,3,2,2,2,1,2,1,2,2,2,18,0.002473,88.874313
1,2,2,2,2,2,2,4,2,2,2,4,2,2,18,0.002473,88.876785
2,2,2,4,2,2,2,2,2,4,1,3,2,2,18,0.002473,88.879258
2,2,2,4,2,2,2,4,2,4,4,3,2,2,18,0.002473,88.881731
1,2,2,2,3,2,3,2,2,2,2,2,4,2,18,0.002473,88.884203
2,2,1,2,2,2,2,2,2,2,3,2,2,2,18,0.002473,88.886676
2,2,2,2,3,2,3,2,0,2,2,2,2,2,18,0.002473,88.889148
0,0,1,4,4,2,2,2,2,4,2,2,2,2,18,0.002473,88.891621
2,2,2,2,2,1,2,4,2,2,3,2,2,2,18,0.002473,88.894094
2,2,2,3,2,2,2,2,2,4,2,2,2,1,18,0.002473,88.896566
2,1,1,2,0,2,0,4,2,2,2,2,2,2,18,0.002473,88.899039
0,2,2,1,2,2,3,2,2,1,2,2,2,2,18,0.002473,88.901511
1,2,2,4,2,3,2,2,2,4,2,2,2,2,18,0.002473,88.903984
2,2,2,2,4,2,2,2,2,2,2,2,2,4,18,0.002473,88.906456
2,2,2,2,0,0,1,3,2,2,2,2,2,2,18,0.002473,88.908929
2,2,2,2,2,3,2,2,2,1,4,2,2,2,18,0.002473,88.911402
0,2,2,2,4,2,4,4,2,2,0,2,2,2,18,0.002473,88.913874
2,1,2,1,2,2,2,2,2,2,2,2,2,2,18,0.002473,88.916347
1,1,2,2,2,2,2,4,2,2,1,2,2,2,18,0.002473,88.918819
0,1,2,2,2,2,2,2,2,3,1,2,2,2,18,0.002473,88.921292
2,2,2,3,2,2,2,2,2,2,3,2,3,2,18,0.002473,88.923765
0,0,1,2,3,4,2,2,2,2,2,2,2,2,18,0.002473,88.926237
2,2,2,1,2,2,2,2,2,2,0,2,2,1,18,0.002473,88.928710
1,1,0,2,2,2,2,3,2,2,2,2,2,2,18,0.002473,88.931182
2,2,2,2,2,2,2,2,2,4,0,2,2,2,18,0.002473,88.933655
2,2,2,2,2,2,2,2,1,2,2,2,1,1,18,0.002473,88.936128
2,2,2,2,2,3,2,1,2,1,2,2,2,2,18,0.002473,88.938600
2,2,2,2,2,4,2,1,2,1,2,2,2,2,18,0.002473,88.941073
1,1,1,2,2,2,2,2,2,2,3,2,2,2,18,0.002473,88.943545
1,0,0,2,2,2,1,2,2,2,2,2,2,2,18,0.002473,88.946018
0,2,2,4,3,2,4,4,2,4,2,2,2,2,18,0.002473,88.948490
2,0,0,2,0,0,1,2,2,2,2,2,2,2,18,0.002473,88.950963
2,2,2,1,2,2,2,2,1,2,0,2,2,2,18,0.002473,88.953436
2,2,2,2,4,2,4,4,2,2,1,2,2,2,18,0.002473,88.955908
0,0,0,1,4,2,4,4,2,2,1,2,2,2,18,0.002473,88.958381
1,2,2,1,2,2,2,2,2,2,2,2,2,1,18,0.002473,88.960853
1,2,2,1,2,2,2,3,2,1,2,2,2,2,18,0.002473,88.963326
2,2,2,2,0,2,0,3,2,2,2,2,2,2,18,0.002473,88.965799
2,2,2,1,2,4,2,2,2,2,2,2,2,2,18,0.002473,88.968271
1,1,1,2,2,2,2,2,4,2,2,2,2,2,18,0.002473,88.970744
1,1,1,1,2,2,2,2,2,2,2,2,2,2,18,0.002473,88.973216
0,0,0,4,2,2,2,2,4,4,2,2,2,2,18,0.002473,88.975689
3,4,2,2,2,2,2,2,2,2,4,2,2,2,18,0.002473,88.978162
2,2,2,2,2,2,2,2,4,1,2,2,2,2,18,0.002473,88.980634
0,0,0,1,4,2,4,4,0,2,0,2,2,2,18,0.002473,88.983107
1,2,2,2,3,2,4,4,2,2,4,2,2,2,18,0.002473,88.985579
2,2,2,4,2,2,2,2,2,2,3,2,2,4,18,0.002473,88.988052
2,2,2,2,4,3,2,2,2,2,3,2,2,2,18,0.002473,88.990524
1,2,2,2,2,2,2,2,2,1,2,2,2,1,18,0.002473,88.992997
2,2,2,3,3,2,3,2,2,2,4,2,2,2,18,0.002473,88.995470
2,2,1,2,0,0,0,2,4,2,2,2,2,2,18,0.002473,88.997942
1,2,2,3,2,2,2,4,2,4,2,2,2,2,18,0.002473,89.000415
1,0,0,2,1,0,2,2,2,2,2,2,2,2,18,0.002473,89.002887
2,1,1,2,2,2,2,2,2,2,4,2,2,2,18,0.002473,89.005360
2,2,2,2,2,3,2,2,2,2,2,2,2,3,18,0.002473,89.007833
1,2,2,2,4,2,4,4,2,2,2,2,2,1,18,0.002473,89.010305
2,2,2,1,2,2,1,2,2,1,2,2,2,2,18,0.002473,89.012778
1,0,1,3,2,2,2,2,2,3,2,2,2,2,18,0.002473,89.015250
1,2,2,2,2,1,4,4,2,2,2,2,2,2,18,0.002473,89.017723
2,2,1,2,0,0,0,2,3,2,2,2,2,2,18,0.002473,89.020196
2,4,3,2,2,2,2,2,2,2,4,2,2,2,18,0.002473,89.022668
2,2,2,2,2,4,2,2,0,2,2,2,2,2,18,0.002473,89.025141
3,2,2,3,2,2,2,2,2,2,4,2,2,2,18,0.002473,89.027613
0,1,2,2,2,4,2,2,2,2,2,2,2,2,18,0.002473,89.030086
1,2,2,1,4,2,3,2,2,1,2,2,2,2,18,0.002473,89.032558
1,1,1,2,2,2,2,2,2,2,2,2,4,2,18,0.002473,89.035031
2,2,2,4,4,2,2,2,2,3,2,2,2,2,18,0.002473,89.037504
2,2,2,3,3,2,4,4,2,2,4,2,2,2,18,0.002473,89.039976
0,2,2,3,3,2,2,2,2,3,2,2,2,2,18,0.002473,89.042449
0,2,2,2,4,2,4,4,2,2,2,2,2,4,18,0.002473,89.044921
0,2,2,2,2,0,4,4,2,2,2,2,2,2,18,0.002473,89.047394
2,2,2,2,4,2,2,2,2,2,4,2,2,2,18,0.002473,89.049867
2,0,0,2,0,0,0,4,2,2,1,2,2,2,18,0.002473,89.052339
2,2,2,3,2,2,2,2,2,2,2,2,2,1,18,0.002473,89.054812
2,2,1,2,0,1,0,4,2,2,2,2,2,2,18,0.002473,89.057284
2,3,2,2,2,2,2,3,2,2,4,2,2,2,18,0.002473,89.059757
1,2,2,2,3,2,3,2,2,2,3,2,2,2,18,0.002473,89.062230
2,2,2,2,2,2,2,2,4,2,2,2,1,2,17,0.002335,89.064565
2,2,2,0,2,2,2,2,1,0,2,2,2,1,17,0.002335,89.066900
2,0,0,2,2,2,2,4,2,2,2,2,2,2,17,0.002335,89.069235
2,2,2,4,2,2,2,2,2,4,0,4,1,2,17,0.002335,89.071570
2,2,2,2,2,2,2,3,1,2,1,2,2,2,17,0.002335,89.073906
2,2,2,2,2,1,2,4,4,2,2,2,2,2,17,0.002335,89.076241
0,2,2,2,3,2,4,4,2,2,4,2,2,2,17,0.002335,89.078576
2,2,2,4,2,2,2,2,3,4,4,2,2,2,17,0.002335,89.080911
2,2,2,2,2,2,2,1,2,2,2,4,2,2,17,0.002335,89.083247
2,2,2,2,1,2,2,4,2,2,1,2,2,2,17,0.002335,89.085582
1,1,2,2,2,3,2,2,2,2,2,2,2,1,17,0.002335,89.087917
2,2,2,2,3,2,4,2,2,2,2,2,4,2,17,0.002335,89.090252
0,0,0,2,2,0,4,4,1,2,2,2,2,2,17,0.002335,89.092587
2,2,2,2,2,4,1,2,2,2,2,2,2,2,17,0.002335,89.094923
2,2,1,2,2,1,2,3,2,2,2,2,2,2,17,0.002335,89.097258
2,2,2,2,2,0,2,4,1,2,2,2,2,2,17,0.002335,89.099593
0,0,1,2,2,2,2,2,3,2,2,2,2,2,17,0.002335,89.101928
0,0,0,2,2,2,2,3,2,2,2,2,2,1,17,0.002335,89.104264
1,2,2,4,2,2,2,4,2,2,4,2,2,2,17,0.002335,89.106599
0,0,0,3,2,2,2,2,2,2,2,3,2,2,17,0.002335,89.108934
0,1,2,2,2,2,2,2,2,2,1,2,1,2,17,0.002335,89.111269
2,2,2,2,3,2,4,4,2,2,2,2,4,2,17,0.002335,89.113604
2,2,2,1,2,2,3,3,2,1,2,2,2,2,17,0.002335,89.115940
0,2,2,3,2,2,2,2,2,3,2,2,2,2,17,0.002335,89.118275
0,2,2,2,3,2,3,2,2,1,2,2,2,2,17,0.002335,89.120610
3,2,3,2,2,4,2,2,2,2,2,2,2,2,17,0.002335,89.122945
2,1,2,2,2,2,2,2,2,2,2,2,3,2,17,0.002335,89.125281
2,2,2,2,2,2,2,4,2,2,2,2,1,0,17,0.002335,89.127616
2,1,1,2,2,1,2,4,2,2,2,2,2,2,17,0.002335,89.129951
2,4,3,2,2,2,3,2,2,2,2,2,2,2,17,0.002335,89.132286
2,2,2,4,2,2,2,2,2,2,4,4,2,3,17,0.002335,89.134621
2,2,2,2,2,1,3,3,2,2,2,2,2,2,17,0.002335,89.136957
2,2,2,1,2,3,2,2,2,0,2,2,2,2,17,0.002335,89.139292
2,2,2,1,2,2,2,2,2,1,2,2,1,0,17,0.002335,89.141627
2,0,0,1,0,0,0,4,2,1,2,2,2,2,17,0.002335,89.143962
0,0,0,2,2,2,3,4,2,2,0,2,2,2,17,0.002335,89.146298
2,2,2,2,4,2,2,2,1,2,1,2,2,2,17,0.002335,89.148633
2,2,2,0,2,2,2,2,1,1,1,2,2,2,17,0.002335,89.150968
2,2,2,2,3,2,4,4,2,2,2,2,2,1,17,0.002335,89.153303
1,0,0,2,0,1,0,2,2,2,2,2,2,2,17,0.002335,89.155638
0,1,1,2,2,2,2,2,2,2,4,2,2,2,17,0.002335,89.157974
2,2,2,2,2,2,2,2,2,2,0,2,1,1,17,0.002335,89.160309
2,2,2,1,2,2,2,2,1,1,2,2,1,2,17,0.002335,89.162644
0,0,0,2,2,0,2,4,2,2,0,2,2,2,17,0.002335,89.164979
2,3,2,2,2,2,2,2,2,2,2,3,2,2,17,0.002335,89.167315
2,1,2,1,2,2,2,2,2,2,1,2,2,2,17,0.002335,89.169650
2,2,2,2,2,0,2,2,2,2,2,2,2,1,17,0.002335,89.171985
2,2,2,2,3,2,2,3,1,2,2,2,2,2,17,0.002335,89.174320
2,2,2,2,3,2,2,3,2,2,3,2,2,2,17,0.002335,89.176655
3,2,2,2,2,2,2,2,2,2,2,2,4,2,17,0.002335,89.178991
2,2,2,4,2,0,2,4,2,4,2,2,2,2,17,0.002335,89.181326
1,2,2,4,3,2,2,2,2,4,2,3,2,2,17,0.002335,89.183661
2,2,2,4,2,2,2,3,2,2,2,3,2,2,17,0.002335,89.185996
2,2,2,1,3,2,4,2,2,1,2,2,2,2,17,0.002335,89.188332
1,1,2,2,4,2,2,2,2,2,2,2,2,2,17,0.002335,89.190667
1,2,2,3,2,2,2,4,2,2,4,2,2,2,17,0.002335,89.193002
0,0,0,4,2,2,2,2,2,2,2,2,2,2,17,0.002335,89.195337
2,2,2,3,2,2,2,2,4,2,3,2,2,2,17,0.002335,89.197672
0,1,1,2,3,2,3,2,2,2,2,2,2,2,17,0.002335,89.200008
2,2,2,4,2,4,2,2,2,3,2,2,2,2,17,0.002335,89.202343
1,2,2,3,4,2,2,2,2,3,2,2,2,2,17,0.002335,89.204678
2,1,0,2,1,1,1,2,2,2,2,2,2,2,17,0.002335,89.207013
2,1,2,2,1,2,0,2,2,2,2,2,2,2,17,0.002335,89.209349
2,1,2,2,1,2,1,2,2,2,2,2,2,2,17,0.002335,89.211684
0,2,2,2,2,2,2,2,2,2,2,2,1,2,17,0.002335,89.214019
1,2,2,1,3,2,2,2,2,1,1,2,2,2,17,0.002335,89.216354
0,2,2,2,4,4,3,2,2,2,2,2,2,2,17,0.002335,89.218689
0,0,1,2,4,2,4,4,0,2,2,2,2,2,17,0.002335,89.221025
2,2,2,4,2,1,2,4,2,4,2,2,2,2,17,0.002335,89.223360
2,2,2,2,4,2,2,2,2,2,3,2,2,2,17,0.002335,89.225695
0,2,2,2,3,2,2,2,1,2,2,2,2,2,17,0.002335,89.228030
0,0,0,4,2,2,2,3,2,4,2,4,2,2,17,0.002335,89.230366
0,0,2,2,4,2,2,3,2,2,2,2,2,2,17,0.002335,89.232701
1,2,2,2,4,3,4,4,2,2,2,2,2,2,17,0.002335,89.235036
1,2,2,2,3,2,3,2,1,2,2,2,2,2,17,0.002335,89.237371
0,1,2,2,4,2,2,2,2,1,2,2,2,2,17,0.002335,89.239706
2,2,2,4,3,2,3,2,2,2,4,2,2,2,17,0.002335,89.242042
2,2,2,4,2,2,2,2,4,3,4,2,2,2,17,0.002335,89.244377
2,2,2,2,2,2,2,4,4,2,2,2,2,4,17,0.002335,89.246712
2,2,2,2,3,3,2,2,0,2,2,2,2,2,17,0.002335,89.249047
0,1,1,2,2,2,2,4,1,2,2,2,2,2,16,0.002198,89.251245
0,0,0,4,2,2,2,4,2,4,4,4,2,2,16,0.002198,89.253443
2,2,2,1,2,2,2,2,2,2,2,2,1,1,16,0.002198,89.255641
2,2,2,2,4,2,2,2,2,2,2,2,2,3,16,0.002198,89.257839
0,0,2,3,3,2,2,2,2,3,2,2,2,2,16,0.002198,89.260037
2,1,1,2,2,2,2,2,2,2,2,2,4,2,16,0.002198,89.262235
0,0,0,2,2,2,4,4,2,2,0,2,2,2,16,0.002198,89.264432
2,4,3,2,2,2,2,4,2,2,2,2,2,2,16,0.002198,89.266630
2,2,2,4,3,2,3,4,2,4,2,2,2,2,16,0.002198,89.268828
2,2,2,2,2,2,2,2,2,2,3,2,4,3,16,0.002198,89.271026
1,2,2,2,3,2,2,2,2,2,0,2,2,2,16,0.002198,89.273224
0,2,2,4,3,2,3,2,2,4,2,2,2,2,16,0.002198,89.275422
1,0,1,1,2,2,2,2,2,1,2,2,2,2,16,0.002198,89.277620
0,1,2,3,3,2,2,2,2,4,2,2,2,2,16,0.002198,89.279817
0,2,2,2,3,2,2,2,2,1,2,2,2,2,16,0.002198,89.282015
2,2,2,2,0,2,2,3,2,2,2,2,2,2,16,0.002198,89.284213
2,1,0,2,0,2,2,2,2,2,2,2,2,2,16,0.002198,89.286411
2,2,2,3,2,2,2,2,2,4,2,3,2,2,16,0.002198,89.288609
2,2,2,2,4,4,2,2,2,2,4,2,2,2,16,0.002198,89.290807
0,0,0,2,2,2,2,2,1,2,0,2,2,2,16,0.002198,89.293004
0,0,1,2,3,2,3,3,2,2,2,2,2,2,16,0.002198,89.295202
1,2,2,2,4,2,2,4,2,2,1,2,2,2,16,0.002198,89.297400
2,2,2,2,2,4,2,2,2,2,2,2,2,3,16,0.002198,89.299598
1,2,2,3,3,2,4,4,2,2,2,2,2,2,16,0.002198,89.301796
2,0,0,2,0,1,0,3,2,2,2,2,2,2,16,0.002198,89.303994
1,0,0,1,2,2,2,2,2,1,2,2,2,2,16,0.002198,89.306192
1,2,2,2,3,2,3,4,1,2,2,2,2,2,16,0.002198,89.308389
1,0,1,2,2,2,2,2,1,2,2,2,2,2,16,0.002198,89.310587
0,0,1,2,2,2,2,2,2,2,2,4,2,2,16,0.002198,89.312785
2,2,2,2,4,2,4,3,1,2,2,2,2,2,16,0.002198,89.314983
2,1,2,2,2,2,0,2,2,2,2,2,2,2,16,0.002198,89.317181
0,0,0,2,2,2,2,3,0,2,2,2,2,2,16,0.002198,89.319379
3,3,2,2,2,2,2,4,2,2,2,2,2,2,16,0.002198,89.321577
2,2,2,2,2,2,2,3,1,2,2,2,2,1,16,0.002198,89.323774
1,1,2,2,2,3,2,2,2,3,2,2,2,2,16,0.002198,89.325972
2,2,2,2,2,1,2,4,3,2,2,2,2,2,16,0.002198,89.328170
2,2,2,2,2,2,2,2,2,2,2,2,4,1,16,0.002198,89.330368
2,1,0,2,2,0,2,2,2,2,2,2,2,2,16,0.002198,89.332566
2,2,2,1,3,2,2,2,1,1,2,2,2,2,16,0.002198,89.334764
0,2,2,1,2,2,2,2,2,1,2,2,2,2,16,0.002198,89.336962
2,1,2,2,0,2,1,2,2,2,2,2,2,2,16,0.002198,89.339159
2,2,2,2,3,2,3,2,2,2,1,2,2,2,16,0.002198,89.341357
3,2,2,4,2,2,2,2,2,4,2,2,2,2,16,0.002198,89.343555
0,0,0,4,2,0,2,4,2,4,2,2,2,2,16,0.002198,89.345753
0,1,2,2,3,2,2,2,2,3,2,2,2,2,16,0.002198,89.347951
2,2,2,4,2,0,2,2,2,4,2,2,2,2,16,0.002198,89.350149
0,1,0,2,2,2,3,2,2,2,2,2,2,2,16,0.002198,89.352347
0,0,2,2,4,3,2,2,2,2,2,2,2,2,16,0.002198,89.354544
0,0,1,2,2,2,2,3,2,2,1,2,2,2,16,0.002198,89.356742
2,2,2,2,3,2,3,2,3,2,2,2,2,2,16,0.002198,89.358940
2,2,2,2,4,3,2,4,2,2,2,2,2,2,16,0.002198,89.361138
2,0,0,2,0,2,0,2,2,2,2,2,1,2,16,0.002198,89.363336
0,0,0,2,2,2,4,4,2,2,2,2,2,1,16,0.002198,89.365534
1,2,2,2,4,2,2,2,2,2,2,2,4,2,16,0.002198,89.367732
2,0,0,2,0,0,0,2,2,2,2,2,2,4,16,0.002198,89.369929
2,2,2,4,2,3,2,2,2,4,2,4,2,2,16,0.002198,89.372127
1,2,2,4,2,2,2,2,1,4,2,2,2,2,16,0.002198,89.374325
1,2,2,2,3,2,3,2,2,2,2,2,2,1,16,0.002198,89.376523
2,2,2,2,2,2,2,4,3,2,3,2,2,2,16,0.002198,89.378721
2,2,2,2,3,2,4,4,2,2,2,3,2,2,16,0.002198,89.380919
0,2,2,2,4,2,2,2,2,1,2,2,2,2,16,0.002198,89.383117
1,2,2,2,4,2,4,4,2,1,2,2,2,2,16,0.002198,89.385314
0,0,0,2,1,2,2,4,2,2,2,2,2,2,16,0.002198,89.387512
1,1,1,2,2,2,2,2,2,2,0,2,2,2,16,0.002198,89.389710
2,2,2,3,2,1,2,4,2,2,2,2,2,2,16,0.002198,89.391908
0,0,1,2,4,2,2,3,2,2,2,2,2,2,16,0.002198,89.394106
1,2,2,1,4,2,2,2,2,2,1,2,2,2,16,0.002198,89.396304
0,0,0,0,2,2,2,2,2,0,2,2,2,2,16,0.002198,89.398502
2,2,2,4,2,2,2,4,1,4,2,2,2,2,16,0.002198,89.400699
0,2,2,2,4,2,4,4,2,2,2,2,1,2,16,0.002198,89.402897
2,2,2,2,3,2,3,3,1,2,2,2,2,2,16,0.002198,89.405095
4,2,2,2,0,0,0,0,2,2,2,2,2,2,16,0.002198,89.407293
1,1,2,4,2,4,2,2,2,4,2,2,2,2,16,0.002198,89.409491
4,4,3,2,2,2,2,4,2,2,2,2,2,2,16,0.002198,89.411689
2,2,0,2,2,0,2,4,2,2,2,2,2,2,16,0.002198,89.413887
2,2,2,1,4,4,2,2,2,1,2,2,2,2,16,0.002198,89.416084
2,2,2,4,3,2,2,2,2,4,2,2,1,2,16,0.002198,89.418282
2,2,2,2,2,2,0,4,2,2,2,2,2,2,16,0.002198,89.420480
0,0,0,3,2,2,4,4,2,2,2,2,2,2,16,0.002198,89.422678
1,1,2,4,2,2,2,3,2,4,2,2,2,2,16,0.002198,89.424876
0,0,0,4,2,2,2,4,4,4,2,2,2,2,16,0.002198,89.427074
0,0,0,2,2,4,2,2,2,2,2,2,2,2,16,0.002198,89.429272
0,0,0,2,4,2,4,4,1,2,0,2,2,2,16,0.002198,89.431469
0,0,0,2,0,2,2,4,2,2,2,2,2,2,16,0.002198,89.433667
0,1,0,2,2,2,3,3,2,2,2,2,2,2,16,0.002198,89.435865
0,1,1,2,2,2,2,2,2,3,2,2,2,2,16,0.002198,89.438063
0,1,2,2,3,2,2,2,2,2,2,2,2,1,16,0.002198,89.440261
2,2,2,2,2,2,2,0,2,2,3,2,2,2,16,0.002198,89.442459
2,2,2,1,2,2,2,3,2,1,1,2,2,2,16,0.002198,89.444657
1,2,2,4,3,2,3,2,2,4,2,2,2,2,16,0.002198,89.446854
2,2,2,0,2,2,2,4,2,0,2,2,2,2,15,0.002060,89.448915
2,3,3,3,2,2,2,2,2,2,2,2,2,2,15,0.002060,89.450975
2,2,2,3,2,3,2,2,2,2,3,2,2,2,15,0.002060,89.453036
2,2,2,2,1,2,0,3,2,2,2,2,2,2,15,0.002060,89.455096
1,2,2,2,4,2,4,2,2,2,2,2,2,1,15,0.002060,89.457157
1,2,2,2,3,2,4,4,2,2,1,2,2,2,15,0.002060,89.459217
0,0,0,4,2,2,2,4,2,3,2,4,2,2,15,0.002060,89.461278
2,2,2,2,2,1,2,2,2,2,1,2,2,2,15,0.002060,89.463338
2,1,1,2,2,0,2,2,2,2,2,2,2,2,15,0.002060,89.465399
1,2,2,2,2,2,2,4,2,2,2,2,1,2,15,0.002060,89.467459
1,2,2,2,2,2,2,2,2,1,4,2,2,2,15,0.002060,89.469520
0,2,2,4,4,2,4,4,2,4,2,4,2,2,15,0.002060,89.471580
2,2,2,2,2,2,2,2,2,3,0,2,1,2,15,0.002060,89.473641
1,2,2,2,4,2,2,2,2,2,2,4,2,2,15,0.002060,89.475701
2,2,3,2,2,2,2,4,2,2,2,2,2,2,15,0.002060,89.477762
2,2,2,4,2,2,2,2,2,4,2,4,3,2,15,0.002060,89.479822
1,2,2,1,4,2,4,4,2,1,2,2,2,2,15,0.002060,89.481883
1,2,2,4,4,2,2,2,2,4,2,3,2,2,15,0.002060,89.483943
2,0,1,2,0,2,0,2,2,2,2,2,2,2,15,0.002060,89.486004
2,2,3,2,3,2,3,2,2,2,2,2,2,2,15,0.002060,89.488064
0,0,0,2,3,2,3,3,2,2,2,2,2,2,15,0.002060,89.490125
0,0,1,2,3,2,2,2,1,2,2,2,2,2,15,0.002060,89.492185
1,2,2,2,3,2,4,2,2,1,2,2,2,2,15,0.002060,89.494246
1,2,2,2,2,2,2,3,2,2,3,2,2,2,15,0.002060,89.496306
2,2,2,1,2,2,2,2,1,2,1,2,1,2,15,0.002060,89.498367
0,0,0,1,2,2,2,2,2,1,1,2,2,2,15,0.002060,89.500427
2,3,2,2,2,2,2,2,2,2,2,2,1,2,15,0.002060,89.502488
1,2,2,4,4,4,2,2,2,4,2,2,2,2,15,0.002060,89.504548
2,2,2,4,4,2,4,2,2,4,2,2,2,2,15,0.002060,89.506609
1,2,2,2,2,2,2,4,4,2,2,2,2,2,15,0.002060,89.508669
1,2,2,2,3,2,3,2,2,2,4,2,2,2,15,0.002060,89.510730
2,2,2,4,4,2,4,3,2,4,2,2,2,2,15,0.002060,89.512790
2,2,2,3,3,3,2,2,2,2,2,2,2,2,15,0.002060,89.514851
4,4,3,2,2,2,2,2,2,2,4,2,2,2,15,0.002060,89.516911
2,2,2,2,0,2,1,3,2,2,2,2,2,2,15,0.002060,89.518972
0,0,0,1,2,2,2,4,2,2,2,2,2,2,15,0.002060,89.521032
1,2,2,2,3,2,4,4,2,1,2,2,2,2,15,0.002060,89.523093
1,2,2,3,2,2,2,2,2,2,3,2,2,2,15,0.002060,89.525153
0,2,2,2,4,2,2,2,2,2,1,2,1,2,15,0.002060,89.527214
2,2,2,2,0,2,0,2,4,2,2,2,2,2,15,0.002060,89.529274
1,0,1,2,2,2,2,2,2,2,2,2,2,1,15,0.002060,89.531335
2,2,2,2,1,2,2,1,2,2,2,2,2,2,15,0.002060,89.533395
0,1,2,2,2,2,2,2,0,2,2,2,2,2,15,0.002060,89.535456
2,2,2,2,2,0,2,4,2,2,2,2,4,2,15,0.002060,89.537516
0,0,0,2,2,1,2,4,4,2,2,2,2,2,15,0.002060,89.539577
2,2,2,2,4,2,2,2,2,2,2,2,2,1,15,0.002060,89.541637
2,2,2,0,2,2,2,2,1,1,2,2,2,1,15,0.002060,89.543698
2,2,2,2,3,2,4,4,2,1,2,2,2,2,15,0.002060,89.545758
2,2,2,2,2,2,2,2,2,1,2,2,1,0,15,0.002060,89.547818
0,1,1,2,2,2,2,4,2,1,2,2,2,2,15,0.002060,89.549879
2,2,2,2,2,1,2,2,2,2,2,2,1,2,15,0.002060,89.551939
2,1,1,2,2,2,2,2,2,2,3,2,2,2,15,0.002060,89.554000
2,1,0,2,1,2,2,2,2,2,2,2,2,2,15,0.002060,89.556060
2,2,2,4,3,2,3,2,2,2,2,2,2,2,15,0.002060,89.558121
1,2,2,4,2,2,3,2,2,4,2,2,2,2,15,0.002060,89.560181
1,2,2,2,2,2,2,2,2,2,0,2,1,2,15,0.002060,89.562242
0,0,0,2,3,2,2,2,1,2,2,2,2,2,15,0.002060,89.564302
2,2,2,2,2,2,2,3,2,2,4,2,4,2,15,0.002060,89.566363
2,0,0,2,0,1,0,2,2,2,1,2,2,2,15,0.002060,89.568423
2,2,2,2,2,1,2,4,2,2,2,2,2,1,15,0.002060,89.570484
0,2,2,1,4,2,4,4,2,2,1,2,2,2,15,0.002060,89.572544
2,2,2,3,1,2,2,2,2,2,2,2,2,2,15,0.002060,89.574605
3,2,2,2,2,2,2,2,3,2,2,2,2,2,15,0.002060,89.576665
1,2,2,2,2,2,4,4,2,2,3,2,2,2,15,0.002060,89.578726
2,2,2,2,2,2,2,2,3,2,2,2,2,1,15,0.002060,89.580786
4,2,2,2,2,2,0,2,2,2,2,2,2,2,15,0.002060,89.582847
2,2,2,1,2,2,2,2,2,1,1,2,2,1,15,0.002060,89.584907
2,2,2,0,2,2,2,2,2,0,1,2,2,1,15,0.002060,89.586968
2,2,2,4,2,2,2,3,2,3,4,2,2,2,15,0.002060,89.589028
4,3,4,2,2,2,2,2,2,2,2,2,2,2,15,0.002060,89.591089
1,2,2,1,3,2,2,2,2,2,2,2,2,2,15,0.002060,89.593149
2,3,2,2,2,2,2,2,2,2,2,2,2,4,15,0.002060,89.595210
2,2,2,2,4,2,2,4,2,2,1,2,2,2,15,0.002060,89.597270
4,2,2,2,0,0,0,4,2,2,2,2,2,2,15,0.002060,89.599331
2,2,2,2,2,2,1,2,2,2,1,2,2,2,15,0.002060,89.601391
1,2,2,2,4,2,3,4,1,2,2,2,2,2,15,0.002060,89.603452
0,0,0,1,2,2,2,4,1,1,2,2,2,2,15,0.002060,89.605512
2,2,2,2,2,2,2,3,2,1,4,2,2,2,15,0.002060,89.607573
2,2,2,2,3,2,2,4,2,2,3,2,2,2,15,0.002060,89.609633
0,0,0,2,3,2,4,4,2,2,2,2,2,1,15,0.002060,89.611694
2,2,2,1,3,2,4,4,2,1,2,2,2,2,15,0.002060,89.613754
1,0,0,2,2,1,2,4,2,2,2,2,2,2,15,0.002060,89.615815
2,2,2,2,3,2,4,4,2,2,1,2,2,2,15,0.002060,89.617875
2,3,2,2,2,2,4,2,2,2,2,2,2,2,15,0.002060,89.619936
2,2,2,1,2,2,2,3,2,1,2,2,2,1,15,0.002060,89.621996
1,2,1,2,2,1,2,4,2,2,2,2,2,2,15,0.002060,89.624057
2,0,0,2,0,1,0,2,3,2,2,2,2,2,15,0.002060,89.626117
1,2,1,2,2,2,3,4,2,2,2,2,2,2,15,0.002060,89.628178
2,2,2,2,3,2,2,3,2,2,1,2,2,2,15,0.002060,89.630238
2,2,2,2,2,2,2,1,2,2,2,3,2,2,15,0.002060,89.632299
2,2,3,3,2,2,2,2,2,2,2,2,2,2,15,0.002060,89.634359
1,1,1,2,2,2,2,2,3,2,2,2,2,2,15,0.002060,89.636420
2,2,2,2,2,2,2,4,2,2,4,2,2,4,15,0.002060,89.638480
2,2,2,1,3,3,2,2,2,2,2,2,2,2,15,0.002060,89.640541
1,2,2,4,2,2,2,2,2,4,3,2,2,2,15,0.002060,89.642601
2,2,2,2,2,2,4,2,1,2,2,2,2,2,15,0.002060,89.644662
2,2,2,2,2,2,2,2,2,2,1,4,1,2,15,0.002060,89.646722
2,2,2,4,2,2,2,3,2,2,4,3,2,2,15,0.002060,89.648783
0,0,0,4,2,2,2,4,2,4,2,4,1,2,15,0.002060,89.650843
0,1,2,2,4,4,3,2,2,2,2,2,2,2,15,0.002060,89.652904
0,1,2,3,2,2,2,3,2,3,2,2,2,2,15,0.002060,89.654964
2,2,2,1,2,2,2,4,2,0,2,2,2,2,15,0.002060,89.657024
2,2,2,2,4,2,4,2,0,2,2,2,2,2,15,0.002060,89.659085
2,2,2,2,2,2,3,4,2,2,2,2,2,1,15,0.002060,89.661145
2,2,2,2,2,2,2,4,2,2,2,2,4,4,15,0.002060,89.663206
0,0,0,4,2,2,2,2,2,4,1,2,2,2,14,0.001923,89.665129
2,2,2,3,2,2,2,2,2,2,2,3,4,2,14,0.001923,89.667052
2,3,3,2,2,2,2,2,2,2,1,2,2,2,14,0.001923,89.668975
0,0,0,2,0,2,2,2,2,2,2,2,2,2,14,0.001923,89.670898
2,2,2,2,2,1,2,4,2,2,1,2,2,2,14,0.001923,89.672822
1,0,2,2,2,2,2,2,2,1,2,2,2,2,14,0.001923,89.674745
2,2,2,4,2,2,2,4,2,4,3,2,2,2,14,0.001923,89.676668
2,2,2,4,2,2,2,4,2,2,4,2,4,2,14,0.001923,89.678591
2,2,3,4,2,2,2,2,2,2,4,2,2,2,14,0.001923,89.680514
2,2,2,4,2,2,2,2,4,2,3,2,2,2,14,0.001923,89.682437
0,2,2,2,2,2,2,3,2,2,1,2,2,2,14,0.001923,89.684360
2,4,4,2,4,2,4,4,2,2,2,2,2,2,14,0.001923,89.686283
3,4,3,2,2,2,2,3,2,2,2,2,2,2,14,0.001923,89.688207
2,2,2,4,2,2,2,2,2,2,4,2,1,2,14,0.001923,89.690130
2,2,2,2,2,2,2,2,2,4,0,2,1,2,14,0.001923,89.692053
2,2,2,2,2,2,2,2,2,1,4,2,2,4,14,0.001923,89.693976
2,2,2,2,2,0,2,4,2,1,2,2,2,2,14,0.001923,89.695899
2,2,2,2,2,2,3,4,2,2,2,2,2,4,14,0.001923,89.697822
0,0,2,4,2,2,2,2,2,4,2,3,2,2,14,0.001923,89.699745
0,1,1,2,2,1,2,4,2,2,2,2,2,2,14,0.001923,89.701668
0,1,1,2,2,2,4,3,2,2,2,2,2,2,14,0.001923,89.703592
2,2,2,2,2,1,2,4,2,2,2,2,4,2,14,0.001923,89.705515
2,2,2,2,4,2,4,4,2,2,2,2,4,2,14,0.001923,89.707438
2,2,2,2,0,0,2,2,2,2,2,2,2,2,14,0.001923,89.709361
1,2,2,4,3,2,2,2,2,4,2,4,2,2,14,0.001923,89.711284
0,2,2,3,4,2,4,4,2,2,4,2,2,2,14,0.001923,89.713207
2,2,2,3,2,2,4,4,2,2,4,2,2,2,14,0.001923,89.715130
1,0,0,2,1,2,2,4,2,2,2,2,2,2,14,0.001923,89.717053
2,2,2,4,3,2,3,2,2,4,2,4,2,2,14,0.001923,89.718977
2,2,2,4,2,2,2,2,2,2,3,2,3,2,14,0.001923,89.720900
2,2,2,3,2,2,2,2,2,2,4,2,4,4,14,0.001923,89.722823
2,2,2,4,2,2,2,4,2,4,2,2,2,4,14,0.001923,89.724746
1,2,2,2,2,2,2,2,2,1,2,2,4,2,14,0.001923,89.726669
2,2,1,2,2,2,2,2,2,2,2,2,4,2,14,0.001923,89.728592
2,2,2,2,4,2,4,4,2,2,2,3,2,2,14,0.001923,89.730515
2,2,2,4,2,2,2,2,1,4,2,4,2,2,14,0.001923,89.732438
0,2,2,2,4,2,2,4,2,2,1,2,2,2,14,0.001923,89.734362
2,2,2,4,2,2,2,2,4,4,3,2,2,2,14,0.001923,89.736285
2,2,2,2,2,2,2,2,2,1,3,2,4,2,14,0.001923,89.738208
2,2,2,2,3,2,4,3,2,2,3,2,2,2,14,0.001923,89.740131
3,2,2,2,2,2,0,2,2,2,2,2,2,2,14,0.001923,89.742054
0,1,2,2,2,2,2,4,1,2,2,2,2,2,14,0.001923,89.743977
1,2,2,4,2,2,2,4,2,4,2,3,2,2,14,0.001923,89.745900
2,1,1,2,1,2,2,3,2,2,2,2,2,2,14,0.001923,89.747823
2,1,1,2,2,2,2,2,1,2,2,2,2,2,14,0.001923,89.749747
0,0,0,2,0,0,0,4,4,2,2,2,2,2,14,0.001923,89.751670
2,3,2,3,2,2,2,2,2,3,2,2,2,2,14,0.001923,89.753593
2,2,2,1,2,2,2,1,2,2,2,2,2,2,14,0.001923,89.755516
1,2,2,3,2,2,2,4,2,3,2,2,2,2,14,0.001923,89.757439
1,0,0,2,2,2,2,2,4,2,2,2,2,2,14,0.001923,89.759362
3,2,2,2,1,1,1,2,2,2,2,2,2,2,14,0.001923,89.761285
0,1,2,2,4,2,2,2,2,2,1,2,1,2,14,0.001923,89.763208
0,0,0,2,2,0,2,4,2,2,2,2,4,2,14,0.001923,89.765132
0,1,1,4,2,2,2,2,2,3,2,2,2,2,14,0.001923,89.767055
0,2,2,2,3,2,4,4,2,1,2,2,2,2,14,0.001923,89.768978
0,0,0,2,4,2,4,4,2,2,2,2,1,2,14,0.001923,89.770901
2,0,0,2,0,2,0,1,2,2,2,2,2,2,14,0.001923,89.772824
0,0,0,2,2,2,2,3,2,2,4,2,2,2,14,0.001923,89.774747
2,2,2,2,2,2,2,4,1,2,2,2,2,1,14,0.001923,89.776670
0,1,2,1,4,2,2,2,2,1,2,2,2,2,14,0.001923,89.778593
2,2,2,2,2,2,3,4,2,2,2,2,3,2,14,0.001923,89.780517
2,2,2,2,3,2,4,2,2,2,2,2,2,1,14,0.001923,89.782440
0,0,1,2,2,2,2,2,2,3,1,2,2,2,14,0.001923,89.784363
2,2,2,2,2,0,2,2,2,2,2,2,2,3,14,0.001923,89.786286
2,2,2,2,2,2,2,1,0,2,2,2,2,2,14,0.001923,89.788209
2,2,2,2,2,2,2,3,2,2,3,2,4,2,14,0.001923,89.790132
2,2,2,2,0,2,0,1,2,2,2,2,2,2,14,0.001923,89.792055
1,2,2,2,3,2,2,3,2,2,1,2,2,2,14,0.001923,89.793978
2,2,1,2,0,2,2,4,2,2,2,2,2,2,14,0.001923,89.795902
0,2,2,2,3,2,4,2,1,2,2,2,2,2,14,0.001923,89.797825
2,2,2,2,2,2,2,2,4,2,2,2,2,1,14,0.001923,89.799748
2,2,2,2,4,2,3,2,2,2,2,2,3,2,14,0.001923,89.801671
0,1,2,2,2,2,2,3,2,2,1,2,2,2,14,0.001923,89.803594
2,2,2,4,2,2,2,2,2,3,2,2,2,3,14,0.001923,89.805517
2,2,2,4,3,2,4,2,2,4,2,2,2,2,14,0.001923,89.807440
2,2,2,2,2,4,2,1,2,2,3,2,2,2,14,0.001923,89.809363
2,3,3,2,4,2,2,2,2,2,2,2,2,2,14,0.001923,89.811287
2,2,2,4,2,2,2,2,4,4,4,2,2,2,14,0.001923,89.813210
2,2,2,2,2,0,2,2,2,2,2,2,3,2,14,0.001923,89.815133
0,0,0,1,4,2,4,4,2,1,2,2,2,2,14,0.001923,89.817056
1,2,2,2,3,2,2,2,2,2,2,4,2,2,14,0.001923,89.818979
1,0,0,2,2,0,2,4,2,2,2,2,2,2,14,0.001923,89.820902
2,2,2,1,2,4,2,2,2,0,2,2,2,2,14,0.001923,89.822825
0,1,1,3,2,2,2,2,2,4,2,2,2,2,14,0.001923,89.824748
2,2,2,3,2,2,2,4,2,2,2,2,3,2,14,0.001923,89.826672
0,0,0,0,2,2,2,2,2,1,2,2,2,2,14,0.001923,89.828595
0,2,2,3,2,2,2,2,2,4,2,2,2,2,14,0.001923,89.830518
2,2,2,2,3,2,2,2,2,2,4,2,4,2,14,0.001923,89.832441
0,1,2,2,4,2,2,2,1,2,2,2,2,2,14,0.001923,89.834364
0,0,1,2,4,3,2,2,2,2,2,2,2,2,14,0.001923,89.836287
1,2,2,2,3,2,4,2,2,2,4,2,2,2,14,0.001923,89.838210
2,0,0,2,0,0,0,3,4,2,2,2,2,2,14,0.001923,89.840133
0,0,0,2,2,2,4,4,0,2,2,2,2,2,14,0.001923,89.842057
2,2,2,2,2,2,2,2,2,1,4,2,4,2,14,0.001923,89.843980
2,0,0,2,0,2,1,2,2,2,1,2,2,2,14,0.001923,89.845903
1,2,2,0,2,2,2,2,2,1,1,2,2,2,14,0.001923,89.847826
2,2,2,2,2,2,2,3,2,2,2,2,4,4,14,0.001923,89.849749
1,1,2,2,3,3,2,2,2,2,2,2,2,2,14,0.001923,89.851672
1,2,2,2,4,2,4,2,1,2,2,2,2,2,14,0.001923,89.853595
2,2,2,2,2,2,2,2,2,2,2,4,2,3,14,0.001923,89.855518
2,2,2,2,0,2,2,2,2,2,2,2,1,2,14,0.001923,89.857442
2,2,2,4,2,2,2,2,2,3,2,2,2,4,14,0.001923,89.859365
2,2,2,4,2,2,2,2,2,4,4,3,2,4,14,0.001923,89.861288
1,0,2,2,2,2,2,2,2,2,2,2,2,1,14,0.001923,89.863211
2,2,2,2,4,3,2,2,2,2,2,2,2,1,14,0.001923,89.865134
2,2,2,2,2,2,2,3,2,2,2,2,1,0,14,0.001923,89.867057
0,2,2,3,2,2,2,2,2,2,2,2,2,2,14,0.001923,89.868980
2,2,2,2,2,2,4,3,1,2,2,2,2,2,14,0.001923,89.870903
2,2,2,3,3,2,2,2,2,2,3,2,2,2,14,0.001923,89.872827
0,1,2,3,3,2,2,2,2,2,2,2,2,2,14,0.001923,89.874750
0,0,0,2,2,2,2,3,4,2,2,2,2,2,14,0.001923,89.876673
0,0,0,1,2,2,2,4,0,2,0,2,2,2,14,0.001923,89.878596
0,0,0,2,2,0,2,3,2,2,2,2,2,2,14,0.001923,89.880519
2,2,2,4,2,2,2,2,2,2,4,2,4,3,14,0.001923,89.882442
0,0,0,1,2,2,2,4,2,2,1,2,2,2,14,0.001923,89.884365
1,2,2,2,2,2,2,3,0,2,2,2,2,2,14,0.001923,89.886288
0,0,0,2,0,0,0,3,2,2,2,2,2,2,14,0.001923,89.888212
0,1,2,2,2,2,2,2,3,2,2,2,2,2,14,0.001923,89.890135
1,2,2,2,3,4,2,2,2,2,2,2,2,1,14,0.001923,89.892058
0,1,0,2,4,2,4,4,2,2,2,2,2,2,14,0.001923,89.893981
0,0,0,2,2,0,4,4,2,2,2,2,4,2,14,0.001923,89.895904
2,2,2,2,2,2,2,2,2,4,1,2,1,2,14,0.001923,89.897827
2,2,2,4,4,4,2,2,2,4,2,2,2,2,14,0.001923,89.899750
2,2,0,2,0,0,1,4,2,2,2,2,2,2,14,0.001923,89.901673
2,4,3,2,3,2,4,4,2,2,2,2,2,2,14,0.001923,89.903597
2,2,2,2,3,2,4,3,1,2,2,2,2,2,14,0.001923,89.905520
2,2,2,2,3,4,2,2,2,2,2,2,4,2,14,0.001923,89.907443
0,0,0,2,3,2,4,4,2,2,0,2,2,2,14,0.001923,89.909366
2,3,2,3,2,2,2,2,2,2,3,2,2,2,14,0.001923,89.911289
2,2,2,2,0,0,0,2,4,2,2,2,2,2,14,0.001923,89.913212
0,0,0,2,2,3,2,2,2,2,2,2,2,2,14,0.001923,89.915135
0,0,0,2,4,2,2,3,2,2,2,2,2,2,14,0.001923,89.917058
2,2,2,2,2,1,2,3,2,2,3,2,2,2,14,0.001923,89.918982
1,2,2,2,3,2,4,2,1,2,2,2,2,2,14,0.001923,89.920905
2,2,3,2,2,2,2,2,2,2,2,2,3,2,14,0.001923,89.922828
2,0,0,2,0,0,0,2,2,2,2,2,4,2,14,0.001923,89.924751
1,1,1,2,2,2,2,4,2,2,1,2,2,2,14,0.001923,89.926674
2,2,2,2,2,4,2,1,2,2,2,2,2,1,14,0.001923,89.928597
0,0,1,2,2,2,2,2,4,2,2,2,2,2,14,0.001923,89.930520
1,2,2,4,4,2,3,2,2,4,2,2,2,2,14,0.001923,89.932443
1,2,2,2,4,2,4,4,2,2,2,2,4,2,14,0.001923,89.934367
0,0,0,0,2,2,2,4,2,0,2,2,2,2,14,0.001923,89.936290
0,0,0,2,2,2,2,2,0,2,1,2,2,2,14,0.001923,89.938213
0,0,0,2,2,1,4,4,1,2,2,2,2,2,14,0.001923,89.940136
2,3,2,2,2,2,2,2,2,2,2,4,2,2,14,0.001923,89.942059
2,2,2,2,2,2,2,2,2,2,2,4,2,4,14,0.001923,89.943982
2,2,2,2,0,1,1,2,2,2,2,2,2,2,14,0.001923,89.945905
0,2,2,1,3,2,2,2,2,1,2,2,2,2,13,0.001786,89.947691
2,1,1,2,2,2,2,2,2,2,2,2,1,2,13,0.001786,89.949477
2,2,2,4,2,2,2,2,2,3,3,4,2,2,13,0.001786,89.951263
0,2,2,2,3,2,2,2,2,2,2,2,2,1,13,0.001786,89.953048
2,1,0,2,1,0,1,2,2,2,2,2,2,2,13,0.001786,89.954834
2,0,0,2,0,0,0,2,2,2,3,2,2,2,13,0.001786,89.956620
0,2,2,2,4,2,4,4,3,2,2,2,2,2,13,0.001786,89.958406
0,0,2,2,2,2,2,2,2,2,1,2,1,2,13,0.001786,89.960191
2,2,3,2,2,2,2,2,2,2,2,2,2,1,13,0.001786,89.961977
2,2,2,0,2,3,2,2,2,1,2,2,2,2,13,0.001786,89.963763
4,2,2,2,1,2,1,2,2,2,2,2,2,2,13,0.001786,89.965549
2,0,0,2,0,0,0,4,2,2,2,2,4,2,13,0.001786,89.967334
2,2,2,2,2,2,2,4,3,2,4,2,2,2,13,0.001786,89.969120
2,2,2,2,2,2,2,2,2,2,4,2,3,4,13,0.001786,89.970906
0,0,0,2,0,2,0,2,2,2,2,2,2,2,13,0.001786,89.972692
2,1,1,2,2,2,2,2,4,2,2,2,2,2,13,0.001786,89.974477
2,2,2,2,2,2,2,2,3,3,2,2,2,2,13,0.001786,89.976263
2,2,2,0,2,2,3,2,2,1,2,2,2,2,13,0.001786,89.978049
0,1,1,4,2,2,2,4,2,4,2,2,2,2,13,0.001786,89.979835
0,0,0,3,2,2,2,4,2,2,2,4,2,2,13,0.001786,89.981620
1,2,2,4,3,2,2,2,2,3,2,2,2,2,13,0.001786,89.983406
2,2,2,2,2,2,2,4,2,1,4,2,2,2,13,0.001786,89.985192
2,2,2,2,2,2,2,4,2,2,0,2,1,2,13,0.001786,89.986978
2,2,2,2,3,3,2,2,2,2,2,2,3,2,13,0.001786,89.988763
2,2,2,4,2,2,2,2,0,2,4,2,2,2,13,0.001786,89.990549
1,2,2,4,3,2,4,4,2,2,4,2,2,2,13,0.001786,89.992335
2,1,0,2,0,0,0,4,4,2,2,2,2,2,13,0.001786,89.994121
0,0,0,1,4,2,4,4,1,1,2,2,2,2,13,0.001786,89.995906
2,2,2,2,3,2,3,3,2,1,2,2,2,2,13,0.001786,89.997692
1,0,1,4,2,2,2,2,2,4,2,4,2,2,13,0.001786,89.999478
1,2,2,4,2,2,3,4,2,2,4,2,2,2,13,0.001786,90.001264
2,0,0,2,0,2,0,2,2,1,2,2,2,2,13,0.001786,90.003050
3,4,2,2,2,2,2,4,2,2,2,2,2,2,13,0.001786,90.004835
2,2,2,3,2,2,2,2,2,4,1,2,1,2,13,0.001786,90.006621
2,4,4,2,3,2,4,4,2,2,2,2,2,2,13,0.001786,90.008407
2,2,2,2,2,2,2,4,2,2,1,2,2,1,13,0.001786,90.010193
2,2,2,4,2,2,2,2,2,3,3,3,2,2,13,0.001786,90.011978
2,3,3,2,2,2,2,2,1,2,2,2,2,2,13,0.001786,90.013764
4,2,2,2,0,2,0,4,2,2,2,2,2,2,13,0.001786,90.015550
1,0,0,4,2,2,2,2,2,4,2,2,2,2,13,0.001786,90.017336
1,1,2,2,2,2,2,1,2,2,2,2,2,2,13,0.001786,90.019121
2,2,2,1,2,1,2,2,2,2,2,2,2,2,13,0.001786,90.020907
1,2,2,3,2,2,4,4,2,2,2,2,2,2,13,0.001786,90.022693
2,2,2,2,2,2,2,2,3,2,2,2,4,4,13,0.001786,90.024479
2,2,2,2,4,3,3,4,2,2,2,2,2,2,13,0.001786,90.026264
2,2,2,2,3,2,4,3,2,2,4,2,2,2,13,0.001786,90.028050
2,0,1,2,1,2,2,2,2,2,2,2,2,2,13,0.001786,90.029836
1,2,2,2,2,2,2,4,3,2,2,2,2,2,13,0.001786,90.031622
2,2,2,2,2,2,2,2,2,2,2,2,3,1,13,0.001786,90.033407
2,0,1,2,1,2,1,2,2,2,2,2,2,2,13,0.001786,90.035193
0,0,1,2,2,2,2,4,2,2,2,2,2,1,13,0.001786,90.036979
2,2,2,4,2,2,2,4,2,2,4,2,4,4,13,0.001786,90.038765
3,2,2,2,2,3,2,2,2,2,2,2,2,2,13,0.001786,90.040550
3,2,2,2,0,2,1,2,2,2,2,2,2,2,13,0.001786,90.042336
2,2,2,2,2,2,2,2,2,2,2,3,2,3,13,0.001786,90.044122
2,2,2,4,2,2,3,3,2,2,4,2,2,2,13,0.001786,90.045908
0,2,2,2,4,3,4,2,2,2,2,2,2,2,13,0.001786,90.047693
0,1,2,2,2,2,2,4,2,2,2,3,2,2,13,0.001786,90.049479
0,0,1,3,3,2,2,2,2,3,2,2,2,2,13,0.001786,90.051265
2,2,2,2,3,3,2,4,2,2,2,2,2,2,13,0.001786,90.053051
0,2,2,2,4,4,4,2,2,2,2,2,2,2,13,0.001786,90.054837
2,2,2,4,2,2,2,2,4,3,2,4,2,2,13,0.001786,90.056622
0,2,2,1,4,2,2,2,2,1,2,2,2,2,13,0.001786,90.058408
2,3,3,2,4,2,4,2,2,2,2,2,2,2,13,0.001786,90.060194
2,2,2,1,4,3,2,2,2,1,2,2,2,2,13,0.001786,90.061980
2,2,2,4,2,2,2,2,2,2,3,2,4,4,13,0.001786,90.063765
0,0,0,2,3,2,2,4,2,2,1,2,2,2,13,0.001786,90.065551
2,2,2,2,3,2,2,2,2,2,2,2,1,1,13,0.001786,90.067337
2,2,2,2,2,2,3,2,4,2,2,2,2,2,13,0.001786,90.069123
1,1,2,4,2,2,2,2,2,2,4,2,2,2,13,0.001786,90.070908
1,1,1,3,2,2,2,2,2,3,2,2,2,2,13,0.001786,90.072694
2,2,2,2,1,0,2,2,2,2,3,2,2,2,13,0.001786,90.074480
2,2,2,2,3,2,2,2,2,1,4,2,2,2,13,0.001786,90.076266
2,2,2,2,2,2,3,2,2,2,2,2,2,3,13,0.001786,90.078051
1,2,2,2,2,2,2,2,1,1,2,2,2,2,13,0.001786,90.079837
2,0,0,2,1,0,2,2,2,2,2,2,2,2,13,0.001786,90.081623
0,0,2,1,2,2,2,2,2,1,2,2,2,2,13,0.001786,90.083409
4,4,3,2,2,2,2,2,2,2,3,2,2,2,13,0.001786,90.085194
3,3,2,2,2,2,2,2,2,2,2,2,4,2,13,0.001786,90.086980
2,2,2,2,2,2,2,4,0,2,1,2,2,2,13,0.001786,90.088766
1,0,0,2,2,0,2,2,2,2,2,2,2,2,13,0.001786,90.090552
0,1,0,2,2,2,2,4,1,2,2,2,2,2,13,0.001786,90.092337
1,1,2,0,2,2,2,2,2,1,2,2,2,2,13,0.001786,90.094123
2,2,2,4,2,3,2,2,2,4,2,3,2,2,13,0.001786,90.095909
1,2,1,2,2,2,2,2,2,1,2,2,2,2,13,0.001786,90.097695
4,2,1,2,0,0,0,0,2,2,2,2,2,2,13,0.001786,90.099480
2,2,2,2,2,2,4,4,2,1,2,2,2,2,13,0.001786,90.101266
3,3,3,2,2,2,2,2,2,2,4,2,2,2,13,0.001786,90.103052
2,2,2,2,1,2,2,2,2,1,2,2,2,2,13,0.001786,90.104838
0,1,2,2,4,2,2,2,2,3,2,2,2,2,13,0.001786,90.106624
2,2,2,2,2,2,2,2,2,2,1,3,1,2,13,0.001786,90.108409
0,1,2,4,3,3,2,2,2,4,2,2,2,2,13,0.001786,90.110195
0,0,1,2,4,2,4,4,2,2,1,2,2,2,13,0.001786,90.111981
2,2,2,1,2,2,2,2,0,0,2,2,2,2,13,0.001786,90.113767
1,1,1,3,2,2,2,2,2,2,2,2,2,2,13,0.001786,90.115552
0,2,2,2,4,2,4,4,2,2,2,2,3,2,13,0.001786,90.117338
2,2,2,2,2,2,2,2,2,2,2,3,2,1,13,0.001786,90.119124
0,1,1,2,2,2,2,2,2,2,2,3,2,2,13,0.001786,90.120910
3,4,4,2,2,2,2,2,2,2,4,2,2,2,13,0.001786,90.122695
0,0,0,4,2,2,3,4,2,4,2,4,2,2,13,0.001786,90.124481
0,2,1,2,2,1,4,4,2,2,2,2,2,2,13,0.001786,90.126267
3,2,2,2,1,0,2,2,2,2,2,2,2,2,13,0.001786,90.128053
2,2,2,2,4,2,3,2,2,2,2,2,1,2,13,0.001786,90.129838
2,2,1,2,0,2,0,4,2,2,2,2,2,2,13,0.001786,90.131624
1,2,2,2,3,2,2,2,2,2,1,2,1,2,13,0.001786,90.133410
2,2,0,2,0,0,2,4,2,2,2,2,2,2,13,0.001786,90.135196
2,2,2,2,1,2,0,2,2,2,4,2,2,2,13,0.001786,90.136981
2,2,2,4,4,2,4,4,2,4,2,4,2,2,13,0.001786,90.138767
1,1,1,2,2,2,2,2,2,2,4,2,2,2,13,0.001786,90.140553
0,0,0,0,2,2,2,4,2,1,2,2,2,2,13,0.001786,90.142339
1,2,2,2,4,2,2,3,2,2,1,2,2,2,13,0.001786,90.144124
1,2,2,2,4,2,4,4,2,2,2,4,2,2,13,0.001786,90.145910
1,2,2,3,2,2,2,2,2,2,2,3,2,2,13,0.001786,90.147696
2,2,2,4,3,2,2,2,2,4,4,2,2,2,13,0.001786,90.149482
2,2,3,2,4,2,3,2,2,2,2,2,2,2,13,0.001786,90.151267
2,2,2,2,3,2,2,2,1,1,2,2,2,2,13,0.001786,90.153053
2,2,2,4,2,2,2,3,2,4,2,2,1,2,13,0.001786,90.154839
2,2,2,2,2,2,2,0,2,2,4,2,2,2,13,0.001786,90.156625
0,1,2,4,3,2,2,2,2,4,2,3,2,2,13,0.001786,90.158411
2,2,2,2,2,2,2,1,2,2,0,2,2,2,13,0.001786,90.160196
2,2,0,2,2,1,2,2,2,2,2,2,2,2,13,0.001786,90.161982
2,2,2,3,2,2,2,2,3,2,2,3,2,2,13,0.001786,90.163768
2,2,2,1,2,2,3,4,2,2,2,2,2,2,13,0.001786,90.165554
1,2,2,2,4,2,4,4,4,2,2,2,2,2,13,0.001786,90.167339
2,2,2,2,2,1,2,2,2,2,2,2,2,3,13,0.001786,90.169125
3,2,2,2,2,2,1,4,2,2,2,2,2,2,13,0.001786,90.170911
2,2,2,4,2,2,2,2,2,3,2,2,1,2,13,0.001786,90.172697
0,2,1,2,2,2,2,3,2,2,2,2,2,2,13,0.001786,90.174482
2,2,2,2,3,2,2,2,1,2,2,2,1,2,13,0.001786,90.176268
0,0,0,2,1,0,2,2,2,2,2,2,2,2,13,0.001786,90.178054
1,2,2,2,4,2,3,4,2,2,1,2,2,2,13,0.001786,90.179840
2,4,2,2,2,1,2,2,2,2,2,2,2,2,13,0.001786,90.181625
0,2,2,3,3,2,4,4,2,2,2,2,2,2,13,0.001786,90.183411
0,0,0,2,3,2,3,4,1,2,2,2,2,2,13,0.001786,90.185197
2,2,2,2,2,2,2,4,1,2,3,2,2,2,13,0.001786,90.186983
1,2,2,1,3,2,2,2,2,2,1,2,2,2,13,0.001786,90.188768
2,3,2,1,2,2,2,2,2,1,2,2,2,2,13,0.001786,90.190554
1,1,2,2,3,2,2,2,2,2,1,2,2,2,13,0.001786,90.192340
0,0,0,0,2,2,2,4,0,0,0,2,1,2,13,0.001786,90.194126
2,2,1,2,1,2,1,2,2,2,2,2,2,2,13,0.001786,90.195911
0,1,2,2,2,2,2,2,4,2,2,2,2,2,12,0.001648,90.197560
1,1,1,2,2,2,2,2,2,2,2,2,3,2,12,0.001648,90.199208
0,0,0,2,4,2,4,4,2,2,3,2,2,2,12,0.001648,90.200857
2,2,2,2,3,2,3,4,2,2,1,2,2,2,12,0.001648,90.202505
2,2,2,1,2,2,2,2,0,1,1,2,2,2,12,0.001648,90.204153
2,2,2,2,4,3,2,3,2,2,2,2,2,2,12,0.001648,90.205802
2,2,2,2,2,2,2,2,2,2,1,2,2,3,12,0.001648,90.207450
0,0,0,4,2,2,2,2,3,4,2,2,2,2,12,0.001648,90.209099
2,2,2,2,4,2,3,4,2,2,1,2,2,2,12,0.001648,90.210747
2,3,3,2,2,2,3,2,2,2,2,2,2,2,12,0.001648,90.212395
2,2,2,2,3,2,2,2,2,0,2,2,2,2,12,0.001648,90.214044
1,2,2,3,2,2,2,3,2,3,2,2,2,2,12,0.001648,90.215692
2,2,2,2,3,2,3,3,2,2,2,2,4,2,12,0.001648,90.217341
0,1,2,2,2,2,2,4,2,1,2,2,2,2,12,0.001648,90.218989
2,3,2,2,2,1,2,4,2,2,2,2,2,2,12,0.001648,90.220637
2,4,4,2,4,2,2,2,2,2,2,2,2,2,12,0.001648,90.222286
3,2,2,2,2,2,2,0,2,2,2,2,2,2,12,0.001648,90.223934
1,2,0,2,2,1,2,4,2,2,2,2,2,2,12,0.001648,90.225583
2,2,2,4,2,2,2,2,2,2,2,2,1,2,12,0.001648,90.227231
1,1,2,1,2,2,2,2,2,2,0,2,2,2,12,0.001648,90.228879
1,2,2,3,3,3,2,2,2,3,2,2,2,2,12,0.001648,90.230528
2,2,2,0,2,2,2,2,2,0,2,2,1,1,12,0.001648,90.232176
0,2,2,2,4,2,3,4,1,2,2,2,2,2,12,0.001648,90.233824
2,2,2,2,2,3,2,2,2,2,2,2,1,1,12,0.001648,90.235473
3,2,2,2,2,2,2,2,2,2,2,2,2,1,12,0.001648,90.237121
0,1,0,2,2,1,4,4,2,2,2,2,2,2,12,0.001648,90.238770
2,4,4,2,2,2,2,2,2,2,2,3,2,2,12,0.001648,90.240418
2,2,2,1,2,2,3,4,2,1,2,2,2,2,12,0.001648,90.242066
0,1,1,3,2,2,2,2,2,2,2,2,2,2,12,0.001648,90.243715
2,2,2,3,2,2,2,2,4,2,2,2,2,4,12,0.001648,90.245363
2,2,2,2,3,2,2,2,2,1,2,2,1,2,12,0.001648,90.247012
0,0,0,4,2,2,2,4,2,4,2,4,2,4,12,0.001648,90.248660
2,2,2,3,2,1,2,2,2,3,2,2,2,2,12,0.001648,90.250308
2,2,2,2,4,4,2,4,2,2,2,2,2,2,12,0.001648,90.251957
0,0,0,2,2,2,4,4,2,2,2,2,4,2,12,0.001648,90.253605
2,2,2,4,3,2,4,4,2,4,2,2,2,2,12,0.001648,90.255254
1,2,2,4,4,2,4,4,2,2,4,2,2,2,12,0.001648,90.256902
0,0,0,4,3,2,4,4,2,4,2,2,2,2,12,0.001648,90.258550
2,2,2,2,2,2,2,2,2,2,2,4,2,1,12,0.001648,90.260199
0,0,0,2,2,2,2,3,2,2,2,4,2,2,12,0.001648,90.261847
0,2,2,2,3,3,2,2,2,2,2,2,2,2,12,0.001648,90.263496
2,2,2,2,4,2,3,2,2,2,2,4,2,2,12,0.001648,90.265144
2,4,4,2,4,2,3,2,2,2,2,2,2,2,12,0.001648,90.266792
2,2,2,3,2,2,2,4,2,2,2,2,2,4,12,0.001648,90.268441
2,2,2,4,2,2,2,3,2,3,2,3,2,2,12,0.001648,90.270089
0,0,0,4,4,2,2,2,2,4,2,2,2,2,12,0.001648,90.271737
2,2,2,2,1,2,0,1,2,2,2,2,2,2,12,0.001648,90.273386
2,2,1,2,0,0,2,2,2,2,2,2,2,2,12,0.001648,90.275034
2,2,2,4,2,2,2,2,2,4,2,2,4,4,12,0.001648,90.276683
3,2,2,2,2,2,2,2,1,2,2,2,2,2,12,0.001648,90.278331
2,1,1,2,0,2,2,4,2,2,2,2,2,2,12,0.001648,90.279979
1,2,2,2,4,4,4,2,2,2,2,2,2,2,12,0.001648,90.281628
1,2,2,1,2,2,2,3,2,2,2,2,2,2,12,0.001648,90.283276
2,2,2,2,2,3,2,1,2,2,4,2,2,2,12,0.001648,90.284925
2,2,2,2,2,2,2,2,1,1,2,2,1,2,12,0.001648,90.286573
0,2,2,2,4,2,2,2,1,2,2,2,2,2,12,0.001648,90.288221
2,2,2,2,0,2,1,2,2,2,2,2,1,2,12,0.001648,90.289870
0,0,1,2,2,2,2,2,0,2,2,2,2,2,12,0.001648,90.291518
2,2,1,2,2,2,2,2,2,2,4,2,2,2,12,0.001648,90.293167
2,2,2,1,2,2,2,2,0,2,1,2,2,2,12,0.001648,90.294815
0,2,2,4,2,2,2,3,2,4,2,2,2,2,12,0.001648,90.296463
0,0,0,0,2,2,2,4,2,1,0,2,2,2,12,0.001648,90.298112
2,2,2,1,4,2,3,2,2,2,2,2,2,2,12,0.001648,90.299760
2,2,2,3,3,4,2,2,2,3,2,2,2,2,12,0.001648,90.301409
2,2,2,2,2,2,2,4,4,2,3,2,2,2,12,0.001648,90.303057
2,2,2,2,4,2,4,3,2,2,2,2,2,1,12,0.001648,90.304705
2,2,3,2,2,2,2,2,2,2,2,2,4,2,12,0.001648,90.306354
1,0,0,2,2,2,2,4,2,2,1,2,2,2,12,0.001648,90.308002
2,2,2,3,2,2,2,4,4,2,2,2,2,2,12,0.001648,90.309651
1,2,2,2,4,2,4,2,2,2,3,2,2,2,12,0.001648,90.311299
2,2,0,2,0,0,1,2,2,2,2,2,2,2,12,0.001648,90.312947
2,2,2,2,0,2,2,2,2,2,2,2,4,2,12,0.001648,90.314596
3,3,2,2,2,2,2,2,2,2,2,2,2,1,12,0.001648,90.316244
2,2,3,2,4,2,4,2,2,2,2,2,2,2,12,0.001648,90.317892
2,2,2,2,2,2,2,2,2,3,2,3,2,2,12,0.001648,90.319541
2,2,2,2,1,2,1,2,2,2,2,2,4,2,12,0.001648,90.321189
2,2,2,2,2,3,2,2,1,2,2,2,2,1,12,0.001648,90.322838
2,2,2,3,2,2,2,2,0,2,2,2,2,2,12,0.001648,90.324486
2,2,2,4,2,4,2,2,2,4,4,2,2,2,12,0.001648,90.326134
2,2,2,2,2,2,3,4,2,2,2,4,2,2,12,0.001648,90.327783
2,2,2,0,2,2,2,3,2,1,2,2,2,2,12,0.001648,90.329431
2,2,1,2,1,0,2,3,2,2,2,2,2,2,12,0.001648,90.331080
0,0,0,2,2,0,4,4,2,2,0,2,2,2,12,0.001648,90.332728
2,2,2,4,2,2,2,2,3,3,4,2,2,2,12,0.001648,90.334376
2,2,2,2,2,2,1,2,2,2,2,2,1,2,12,0.001648,90.336025
0,1,1,2,3,2,2,4,2,2,2,2,2,2,12,0.001648,90.337673
0,0,0,3,2,2,2,4,2,2,2,3,2,2,12,0.001648,90.339322
2,2,2,2,2,2,3,4,4,2,2,2,2,2,12,0.001648,90.340970
1,2,2,2,4,2,3,2,1,2,2,2,2,2,12,0.001648,90.342618
2,2,3,2,2,2,2,2,2,2,2,2,1,2,12,0.001648,90.344267
1,2,2,2,2,2,2,2,1,2,2,2,2,1,12,0.001648,90.345915
2,2,2,4,3,2,2,4,2,4,2,2,2,2,12,0.001648,90.347564
2,2,2,4,2,0,2,4,2,2,4,2,2,2,12,0.001648,90.349212
1,2,2,2,2,2,2,3,2,2,0,2,2,2,12,0.001648,90.350860
2,0,1,2,1,2,0,2,2,2,2,2,2,2,12,0.001648,90.352509
2,2,2,2,0,2,1,2,3,2,2,2,2,2,12,0.001648,90.354157
2,3,3,2,3,2,3,2,2,2,2,2,2,2,12,0.001648,90.355806
2,2,2,4,3,2,4,2,2,2,4,2,2,2,12,0.001648,90.357454
2,2,2,3,2,2,1,2,2,3,2,2,2,2,12,0.001648,90.359102
2,2,2,2,3,2,3,2,2,2,2,4,2,2,12,0.001648,90.360751
2,2,2,4,2,2,2,4,2,2,4,2,2,3,12,0.001648,90.362399
2,2,2,3,3,3,2,2,2,3,2,2,2,2,12,0.001648,90.364047
4,4,3,2,2,2,2,3,2,2,2,2,2,2,12,0.001648,90.365696
3,3,2,4,2,2,2,2,2,2,4,2,2,2,12,0.001648,90.367344
1,1,0,2,2,1,2,4,2,2,2,2,2,2,12,0.001648,90.368993
2,2,2,2,2,4,2,2,3,2,2,2,2,2,12,0.001648,90.370641
2,2,3,2,2,2,2,2,2,2,2,3,2,2,12,0.001648,90.372289
1,2,2,3,2,2,2,2,2,2,2,4,2,2,12,0.001648,90.373938
2,0,0,1,0,2,0,2,2,1,2,2,2,2,12,0.001648,90.375586
0,0,0,2,4,2,4,4,0,2,2,2,2,1,12,0.001648,90.377235
0,1,2,1,2,2,2,2,2,2,2,2,2,2,12,0.001648,90.378883
2,1,0,2,0,1,0,4,2,2,2,2,2,2,12,0.001648,90.380531
2,2,2,4,2,2,2,4,2,2,2,3,2,2,12,0.001648,90.382180
0,0,2,3,4,2,2,2,2,3,2,2,2,2,12,0.001648,90.383828
2,2,2,2,2,2,2,2,2,2,3,2,1,1,12,0.001648,90.385477
1,0,1,3,2,2,2,2,2,4,2,2,2,2,12,0.001648,90.387125
4,4,2,2,2,1,2,2,2,2,2,2,2,2,12,0.001648,90.388773
0,0,0,2,4,2,4,4,2,2,2,3,2,2,12,0.001648,90.390422
3,4,3,2,2,2,2,4,2,2,2,2,2,2,12,0.001648,90.392070
2,2,2,2,2,3,2,1,2,2,3,2,2,2,12,0.001648,90.393719
2,2,2,3,3,2,3,4,2,2,2,2,2,2,12,0.001648,90.395367
0,0,0,4,2,2,2,3,2,2,2,2,2,2,12,0.001648,90.397015
1,2,2,2,2,2,2,2,2,2,2,2,1,1,12,0.001648,90.398664
0,2,2,2,3,2,4,4,0,2,2,2,2,2,12,0.001648,90.400312
2,2,2,1,2,2,2,3,2,2,0,2,2,2,12,0.001648,90.401960
2,2,2,4,4,2,3,2,2,4,2,2,2,2,12,0.001648,90.403609
4,3,2,2,2,2,2,2,2,2,3,2,2,2,12,0.001648,90.405257
0,1,2,2,3,2,4,3,2,2,2,2,2,2,12,0.001648,90.406906
2,3,3,2,2,2,2,2,2,2,2,2,4,2,12,0.001648,90.408554
0,0,0,2,2,2,2,4,2,2,2,2,2,4,12,0.001648,90.410202
2,2,2,2,2,2,2,2,2,3,1,3,2,2,12,0.001648,90.411851
0,1,0,2,2,2,4,2,2,2,2,2,2,2,12,0.001648,90.413499
2,2,2,2,4,4,2,2,2,2,2,2,4,2,12,0.001648,90.415148
2,2,2,3,2,2,1,2,2,2,2,2,2,2,12,0.001648,90.416796
1,2,2,4,2,2,2,2,2,3,2,4,2,2,12,0.001648,90.418444
2,2,2,2,3,2,2,4,2,2,2,2,2,1,12,0.001648,90.420093
0,2,2,2,3,2,2,2,2,3,2,2,2,2,12,0.001648,90.421741
2,2,2,2,2,0,3,3,2,2,2,2,2,2,12,0.001648,90.423390
1,2,2,4,4,2,2,2,2,4,2,4,2,2,12,0.001648,90.425038
0,0,1,2,2,2,3,4,2,2,2,2,2,2,12,0.001648,90.426686
0,0,1,2,2,2,2,3,1,2,2,2,2,2,12,0.001648,90.428335
2,0,1,2,2,2,2,2,2,1,2,2,2,2,12,0.001648,90.429983
0,0,2,2,4,2,2,2,2,2,2,2,1,2,12,0.001648,90.431632
0,0,0,2,4,2,4,4,1,2,2,2,4,2,12,0.001648,90.433280
0,0,0,2,3,2,4,4,2,2,2,4,2,2,12,0.001648,90.434928
2,2,2,4,2,2,2,2,2,3,4,2,4,2,12,0.001648,90.436577
0,0,0,4,2,2,2,4,2,2,4,4,2,2,12,0.001648,90.438225
0,0,0,2,3,2,3,4,2,2,1,2,2,2,12,0.001648,90.439874
2,2,2,1,2,2,2,2,2,2,2,2,2,0,12,0.001648,90.441522
1,0,0,2,1,2,2,2,2,2,1,2,2,2,12,0.001648,90.443170
2,1,2,2,2,4,2,1,2,2,2,2,2,2,12,0.001648,90.444819
2,2,2,2,3,4,2,3,2,2,2,2,2,2,12,0.001648,90.446467
0,2,2,2,3,2,4,4,2,2,3,2,2,2,12,0.001648,90.448115
0,0,0,4,2,2,2,4,2,4,1,4,2,2,12,0.001648,90.449764
2,2,2,2,4,2,2,3,2,2,2,3,2,2,12,0.001648,90.451412
0,2,2,2,3,2,4,4,2,2,2,2,4,2,12,0.001648,90.453061
2,2,2,2,4,4,2,2,2,2,2,2,2,1,12,0.001648,90.454709
4,4,4,2,2,2,2,2,2,2,3,2,2,2,12,0.001648,90.456357
2,2,2,4,2,2,2,3,2,2,2,4,2,2,12,0.001648,90.458006
0,2,2,2,4,2,3,2,2,1,2,2,2,2,12,0.001648,90.459654
0,2,2,4,4,2,4,3,2,4,2,2,2,2,12,0.001648,90.461303
2,2,2,4,2,2,2,4,4,4,2,4,2,2,12,0.001648,90.462951
0,0,0,2,2,2,2,4,2,2,1,4,2,2,12,0.001648,90.464599
2,2,2,1,2,2,2,2,2,2,2,2,1,0,12,0.001648,90.466248
1,1,0,2,2,0,2,2,2,2,2,2,2,2,12,0.001648,90.467896
1,2,2,1,2,2,2,4,2,2,2,2,2,2,11,0.001511,90.469407
2,2,2,1,2,2,2,4,2,1,2,2,2,1,11,0.001511,90.470918
1,0,0,2,0,2,2,2,2,2,1,2,2,2,11,0.001511,90.472429
2,2,2,2,4,2,4,2,2,2,2,3,2,2,11,0.001511,90.473940
2,1,1,2,2,2,2,2,2,2,2,2,3,2,11,0.001511,90.475451
2,2,2,3,3,2,2,2,2,2,2,3,2,2,11,0.001511,90.476962
0,0,0,2,2,0,2,4,2,2,2,4,2,2,11,0.001511,90.478473
2,1,0,2,2,1,2,2,2,2,2,2,2,2,11,0.001511,90.479984
2,2,2,2,4,2,4,4,2,2,2,2,2,4,11,0.001511,90.481495
2,2,2,4,2,2,2,2,2,2,4,3,2,3,11,0.001511,90.483006
1,2,2,2,2,2,3,4,2,1,2,2,2,2,11,0.001511,90.484517
2,2,4,2,4,4,2,2,2,2,2,2,2,2,11,0.001511,90.486029
2,2,2,2,0,0,2,4,2,2,2,2,2,2,11,0.001511,90.487540
2,3,2,2,2,2,2,4,2,2,3,2,2,2,11,0.001511,90.489051
0,0,0,2,2,1,2,4,2,2,0,2,2,2,11,0.001511,90.490562
2,2,2,2,0,2,2,2,3,2,2,2,2,2,11,0.001511,90.492073
2,2,2,4,2,2,2,3,2,4,4,4,2,2,11,0.001511,90.493584
4,2,2,2,0,2,0,0,2,2,2,2,2,2,11,0.001511,90.495095
0,0,0,2,2,2,2,4,2,3,2,2,2,2,11,0.001511,90.496606
2,1,0,2,0,0,1,3,2,2,2,2,2,2,11,0.001511,90.498117
2,2,2,2,2,2,2,4,2,1,2,2,2,1,11,0.001511,90.499628
1,2,2,4,2,2,2,2,2,4,4,2,2,2,11,0.001511,90.501139
2,2,2,2,2,2,2,1,2,2,2,2,2,4,11,0.001511,90.502650
0,1,2,2,4,2,2,2,2,2,0,2,1,2,11,0.001511,90.504161
0,0,0,2,2,1,2,4,1,2,2,2,2,2,11,0.001511,90.505672
3,2,2,2,2,2,1,1,2,2,2,2,2,2,11,0.001511,90.507183
2,0,0,2,0,0,0,2,2,2,4,2,2,2,11,0.001511,90.508694
0,0,0,2,0,0,0,2,3,2,2,2,2,2,11,0.001511,90.510205
2,2,2,2,3,2,3,2,2,2,2,2,1,2,11,0.001511,90.511716
2,2,2,2,2,2,2,4,2,0,2,2,2,2,11,0.001511,90.513227
1,1,2,2,2,2,2,2,2,2,2,2,2,4,11,0.001511,90.514738
1,1,1,4,2,2,2,2,2,4,2,3,2,2,11,0.001511,90.516249
0,0,2,2,2,2,2,2,2,2,2,3,2,2,11,0.001511,90.517760
2,1,1,2,2,0,2,4,2,2,2,2,2,2,11,0.001511,90.519271
0,2,2,2,4,2,2,2,2,2,0,2,2,2,11,0.001511,90.520782
0,0,0,2,3,2,4,4,2,2,2,3,2,2,11,0.001511,90.522293
2,2,2,2,1,2,1,1,2,2,2,2,2,2,11,0.001511,90.523804
2,2,2,1,4,2,2,2,2,2,0,2,2,2,11,0.001511,90.525315
2,1,2,2,2,2,2,3,2,2,1,2,2,2,11,0.001511,90.526826
0,2,2,2,4,2,3,2,1,2,2,2,2,2,11,0.001511,90.528337
2,2,2,3,4,2,4,4,2,2,4,2,2,2,11,0.001511,90.529848
0,1,2,2,2,2,2,4,2,2,2,2,2,1,11,0.001511,90.531359
2,2,2,1,2,2,2,2,3,1,2,2,2,2,11,0.001511,90.532870
1,0,0,2,2,2,2,4,1,2,2,2,2,2,11,0.001511,90.534381
2,3,2,2,2,2,2,4,1,2,2,2,2,2,11,0.001511,90.535892
2,2,2,2,2,2,2,2,0,2,1,2,1,2,11,0.001511,90.537403
2,2,2,2,0,2,0,0,2,2,2,2,2,2,11,0.001511,90.538914
2,2,2,2,3,2,2,2,2,2,0,2,1,2,11,0.001511,90.540425
0,0,2,2,4,2,3,4,2,2,2,2,2,2,11,0.001511,90.541936
2,2,2,4,2,2,3,2,2,3,2,2,2,2,11,0.001511,90.543448
2,2,2,4,2,2,2,3,2,4,4,3,2,2,11,0.001511,90.544959
2,2,2,3,2,2,2,2,1,2,3,2,2,2,11,0.001511,90.546470
2,0,0,2,2,1,2,2,2,2,2,2,2,2,11,0.001511,90.547981
3,2,2,2,0,0,1,2,2,2,2,2,2,2,11,0.001511,90.549492
2,2,2,2,2,2,1,2,2,2,2,2,1,1,11,0.001511,90.551003
1,0,0,2,0,0,2,4,2,2,2,2,2,2,11,0.001511,90.552514
1,2,2,3,3,3,2,2,2,4,2,2,2,2,11,0.001511,90.554025
2,2,1,2,2,2,2,2,2,2,1,2,2,2,11,0.001511,90.555536
1,0,0,2,0,0,0,3,2,2,2,2,2,2,11,0.001511,90.557047
0,1,1,2,4,2,2,2,2,2,2,2,2,2,11,0.001511,90.558558
2,2,2,4,3,2,2,2,2,2,2,4,2,2,11,0.001511,90.560069
0,0,0,3,2,2,2,3,2,2,2,2,2,2,11,0.001511,90.561580
0,0,0,2,2,2,2,4,2,2,2,2,2,3,11,0.001511,90.563091
2,2,2,4,2,2,2,4,3,4,2,2,2,2,11,0.001511,90.564602
1,0,1,2,2,2,2,2,2,3,2,2,2,2,11,0.001511,90.566113
2,2,4,2,3,3,2,2,2,2,2,2,2,2,11,0.001511,90.567624
2,2,2,1,4,2,2,2,2,2,1,2,1,2,11,0.001511,90.569135
2,2,2,3,2,2,2,3,2,3,2,3,2,2,11,0.001511,90.570646
0,0,2,2,4,2,2,2,2,3,2,2,2,2,11,0.001511,90.572157
1,2,2,2,4,2,3,2,2,2,3,2,2,2,11,0.001511,90.573668
1,1,2,2,2,4,2,2,2,3,2,2,2,2,11,0.001511,90.575179
2,1,1,2,1,0,2,2,2,2,2,2,2,2,11,0.001511,90.576690
2,3,2,2,2,2,2,2,0,2,2,2,2,2,11,0.001511,90.578201
0,0,0,4,2,2,2,4,2,2,2,4,2,2,11,0.001511,90.579712
2,2,2,2,2,2,2,4,3,2,1,2,2,2,11,0.001511,90.581223
0,2,2,2,2,2,4,4,2,2,4,2,2,2,11,0.001511,90.582734
0,0,2,2,2,2,2,2,2,2,0,2,2,2,11,0.001511,90.584245
3,2,1,2,0,0,0,2,2,2,2,2,2,2,11,0.001511,90.585756
3,2,2,2,1,2,2,2,2,2,2,2,2,2,11,0.001511,90.587267
0,1,1,2,2,2,2,2,2,2,2,2,1,2,11,0.001511,90.588778
2,2,2,2,0,2,0,2,3,2,2,2,2,2,11,0.001511,90.590289
2,2,2,2,2,2,2,3,2,2,0,2,1,2,11,0.001511,90.591800
2,2,2,4,2,3,2,2,2,4,4,2,2,2,11,0.001511,90.593311
0,0,0,2,4,2,4,4,0,1,2,2,2,2,11,0.001511,90.594822
2,0,0,2,1,0,1,2,2,2,2,2,2,2,11,0.001511,90.596333
2,3,2,2,3,2,3,4,2,2,2,2,2,2,11,0.001511,90.597844
2,3,3,2,2,2,2,2,2,2,2,4,2,2,11,0.001511,90.599355
2,2,2,1,3,4,2,2,2,2,2,2,2,2,11,0.001511,90.600867
2,2,2,2,0,0,1,2,4,2,2,2,2,2,11,0.001511,90.602378
2,2,2,2,2,2,4,2,2,2,2,2,2,1,11,0.001511,90.603889
2,2,2,0,2,3,2,2,2,0,2,2,2,2,11,0.001511,90.605400
2,2,2,2,4,2,4,3,2,2,3,2,2,2,11,0.001511,90.606911
1,2,2,4,2,2,2,2,2,4,1,2,2,2,11,0.001511,90.608422
2,2,2,4,2,0,2,2,2,2,4,2,2,2,11,0.001511,90.609933
2,2,2,4,3,3,2,2,2,2,4,2,2,2,11,0.001511,90.611444
1,2,2,4,2,2,2,2,2,3,2,3,2,2,11,0.001511,90.612955
2,2,2,2,1,1,1,3,2,2,2,2,2,2,11,0.001511,90.614466
0,2,1,2,2,2,4,4,1,2,2,2,2,2,11,0.001511,90.615977
3,2,3,2,2,3,2,2,2,2,2,2,2,2,11,0.001511,90.617488
1,2,2,2,2,2,2,2,2,4,2,2,2,2,11,0.001511,90.618999
1,1,2,0,2,2,2,2,2,0,2,2,2,2,11,0.001511,90.620510
0,0,0,2,3,0,4,4,2,2,2,2,2,2,11,0.001511,90.622021
2,2,2,2,1,0,2,2,2,2,4,2,2,2,11,0.001511,90.623532
0,0,0,4,2,1,2,4,2,4,2,4,2,2,11,0.001511,90.625043
0,2,2,2,2,2,2,4,1,2,2,2,2,2,11,0.001511,90.626554
2,2,2,4,2,2,2,2,2,2,2,4,3,2,11,0.001511,90.628065
2,2,0,2,0,0,0,3,2,2,2,2,2,2,11,0.001511,90.629576
2,2,2,2,2,2,2,4,2,2,3,3,2,2,11,0.001511,90.631087
0,0,0,1,4,2,4,4,0,2,2,2,2,2,11,0.001511,90.632598
3,3,3,2,2,2,2,2,2,2,3,2,2,2,11,0.001511,90.634109
1,1,1,4,2,2,2,2,2,4,2,4,2,2,11,0.001511,90.635620
2,0,0,2,0,2,2,2,2,2,1,2,2,2,11,0.001511,90.637131
2,2,2,2,3,3,2,2,2,2,1,2,2,2,11,0.001511,90.638642
2,2,2,2,1,2,1,2,2,2,1,2,2,2,11,0.001511,90.640153
0,0,0,2,4,2,4,4,2,2,2,2,2,4,11,0.001511,90.641664
2,2,2,2,3,2,4,4,2,2,2,2,3,2,11,0.001511,90.643175
2,2,2,4,2,2,2,2,4,3,2,3,2,2,11,0.001511,90.644686
2,2,2,2,2,2,2,4,1,2,4,2,2,2,11,0.001511,90.646197
2,4,3,2,3,2,2,2,2,2,2,2,2,2,11,0.001511,90.647708
0,0,0,4,2,0,2,4,2,4,2,4,2,2,11,0.001511,90.649219
0,0,0,2,2,1,3,4,1,2,2,2,2,2,11,0.001511,90.650730
0,0,0,2,0,1,0,2,2,2,2,2,2,2,11,0.001511,90.652241
1,2,2,2,4,2,2,2,1,2,1,2,2,2,11,0.001511,90.653752
1,1,2,3,2,2,2,2,2,2,4,2,2,2,11,0.001511,90.655263
2,3,3,4,2,2,2,2,2,4,2,2,2,2,11,0.001511,90.656774
2,2,2,1,4,2,4,2,2,2,2,2,2,2,11,0.001511,90.658286
2,2,2,2,1,2,0,2,3,2,2,2,2,2,11,0.001511,90.659797
1,2,2,2,2,2,3,4,2,2,2,2,4,2,11,0.001511,90.661308
2,2,2,2,3,2,2,3,2,2,2,2,4,2,11,0.001511,90.662819
1,1,2,4,2,2,2,2,2,4,2,2,1,2,11,0.001511,90.664330
2,2,2,3,2,2,2,4,2,2,2,2,4,2,11,0.001511,90.665841
2,2,2,1,2,1,2,4,2,1,2,2,2,2,11,0.001511,90.667352
2,2,2,3,2,2,2,2,1,2,4,2,2,2,11,0.001511,90.668863
0,0,0,2,2,0,2,4,0,2,2,2,2,2,11,0.001511,90.670374
0,2,2,2,4,2,4,4,1,1,2,2,2,2,11,0.001511,90.671885
2,2,2,1,2,2,2,2,2,2,2,1,2,2,11,0.001511,90.673396
2,2,2,2,2,1,2,3,2,2,2,2,2,1,11,0.001511,90.674907
0,0,0,2,2,2,4,4,2,2,3,2,2,2,11,0.001511,90.676418
2,2,2,2,1,1,0,2,2,2,2,2,2,2,11,0.001511,90.677929
2,2,2,2,2,0,2,4,2,2,3,2,2,2,11,0.001511,90.679440
0,1,2,3,4,2,2,2,2,4,2,2,2,2,11,0.001511,90.680951
2,2,2,2,2,2,3,2,2,2,4,2,4,2,11,0.001511,90.682462
1,1,2,0,2,2,2,2,2,1,1,2,2,2,11,0.001511,90.683973
1,2,2,4,4,2,4,4,2,2,2,2,2,2,11,0.001511,90.685484
1,0,0,2,0,0,1,2,2,2,2,2,2,2,11,0.001511,90.686995
0,1,2,1,4,2,2,2,2,1,1,2,2,2,11,0.001511,90.688506
2,2,2,4,4,2,3,4,2,4,2,2,2,2,11,0.001511,90.690017
2,2,2,4,2,2,2,2,1,3,2,2,2,2,11,0.001511,90.691528
0,0,0,0,2,2,2,4,2,1,1,2,2,2,11,0.001511,90.693039
0,0,0,0,2,2,2,4,0,1,1,2,2,2,11,0.001511,90.694550
1,2,2,1,2,2,2,2,2,2,1,2,1,2,11,0.001511,90.696061
1,0,0,3,2,2,2,2,2,2,2,2,2,2,11,0.001511,90.697572
2,2,2,2,2,2,3,4,2,2,1,2,2,2,11,0.001511,90.699083
0,0,1,1,2,2,2,2,2,2,1,2,2,2,11,0.001511,90.700594
2,2,2,2,2,4,2,2,2,2,0,2,2,2,11,0.001511,90.702105
2,2,2,2,2,2,2,4,4,2,4,2,2,2,11,0.001511,90.703616
2,3,3,2,2,2,2,2,2,2,2,2,3,2,11,0.001511,90.705127
2,2,2,4,3,2,4,4,2,2,2,2,2,2,11,0.001511,90.706638
2,2,2,1,1,2,1,2,2,1,2,2,2,2,11,0.001511,90.708149
2,2,2,2,2,2,2,2,2,1,3,2,2,1,11,0.001511,90.709660
2,2,2,4,2,2,2,2,3,4,4,4,2,2,11,0.001511,90.711171
2,2,2,2,0,2,1,2,2,2,2,2,4,2,11,0.001511,90.712682
0,1,2,3,4,2,2,2,2,3,2,2,2,2,11,0.001511,90.714193
2,0,1,2,0,2,1,2,2,2,2,2,2,2,11,0.001511,90.715705
2,2,2,4,4,3,2,2,2,4,2,2,2,2,11,0.001511,90.717216
2,2,2,4,2,2,3,4,2,2,4,4,2,2,11,0.001511,90.718727
0,0,2,2,3,2,2,3,2,2,2,2,2,2,11,0.001511,90.720238
0,1,1,2,4,2,4,4,1,2,2,2,2,2,11,0.001511,90.721749
2,2,2,2,2,2,4,3,2,2,3,2,2,2,11,0.001511,90.723260
4,3,2,2,2,2,2,2,2,2,4,2,2,2,11,0.001511,90.724771
0,0,0,2,2,2,2,3,1,2,1,2,2,2,11,0.001511,90.726282
0,0,0,2,4,2,2,2,2,2,2,2,1,2,11,0.001511,90.727793
0,0,1,2,2,2,2,4,2,2,0,2,2,2,11,0.001511,90.729304
1,2,1,2,2,2,2,2,2,2,2,2,2,1,11,0.001511,90.730815
1,2,2,2,4,2,3,3,2,2,1,2,2,2,11,0.001511,90.732326
3,2,2,2,2,2,2,2,2,2,1,2,2,2,11,0.001511,90.733837
2,2,2,3,2,2,2,1,2,2,4,2,2,2,11,0.001511,90.735348
1,1,2,2,2,2,2,2,2,2,0,2,1,2,11,0.001511,90.736859
2,2,2,2,4,3,3,2,2,2,4,2,2,2,11,0.001511,90.738370
2,1,1,2,1,2,2,2,2,2,1,2,2,2,11,0.001511,90.739881
0,1,2,2,4,2,4,4,2,2,1,2,2,2,11,0.001511,90.741392
1,2,2,2,2,2,3,4,2,2,3,2,2,2,11,0.001511,90.742903
2,2,2,2,3,2,2,2,2,1,2,2,2,1,11,0.001511,90.744414
2,2,2,1,2,2,2,3,2,0,2,2,2,2,11,0.001511,90.745925
0,0,0,2,3,2,2,4,2,2,0,2,2,2,11,0.001511,90.747436
2,2,2,2,2,2,2,4,2,2,4,3,2,2,11,0.001511,90.748947
2,2,2,2,2,2,2,4,2,2,4,2,4,2,11,0.001511,90.750458
2,2,2,2,2,2,2,2,2,2,2,2,1,3,11,0.001511,90.751969
2,2,2,4,2,2,2,2,2,2,3,2,2,3,11,0.001511,90.753480
2,2,2,2,2,2,0,2,2,1,2,2,2,2,11,0.001511,90.754991
0,0,0,2,3,2,4,4,2,2,4,2,2,2,11,0.001511,90.756502
0,0,0,3,2,2,2,2,2,2,4,2,2,2,11,0.001511,90.758013
0,1,1,4,2,2,2,2,2,4,2,4,2,2,11,0.001511,90.759524
1,2,2,2,2,2,4,4,2,2,4,2,2,2,11,0.001511,90.761035
0,2,2,2,4,2,2,3,2,2,1,2,2,2,11,0.001511,90.762546
0,0,0,2,2,2,3,4,4,2,2,2,2,2,11,0.001511,90.764057
1,2,2,2,4,2,3,2,2,2,2,2,2,1,11,0.001511,90.765568
0,1,1,2,4,2,4,3,2,2,2,2,2,2,11,0.001511,90.767079
2,2,2,2,2,1,2,3,2,1,2,2,2,2,11,0.001511,90.768590
2,2,2,2,2,2,2,2,1,2,0,2,1,2,11,0.001511,90.770101
2,2,2,4,2,2,3,4,2,4,2,4,2,2,11,0.001511,90.771612
2,2,2,3,2,0,2,4,2,2,2,2,2,2,11,0.001511,90.773124
2,2,2,1,2,2,2,1,2,1,2,2,2,1,11,0.001511,90.774635
2,2,3,2,2,2,2,2,1,2,2,2,2,2,11,0.001511,90.776146
2,2,2,4,2,2,2,2,2,4,4,2,4,2,11,0.001511,90.777657
2,2,2,1,3,2,3,2,2,0,2,2,2,2,11,0.001511,90.779168
2,2,2,4,2,2,2,2,2,4,2,3,2,3,10,0.001374,90.780541
2,2,2,2,2,2,2,2,0,2,2,2,3,2,10,0.001374,90.781915
0,0,0,1,2,2,2,2,2,1,2,2,2,1,10,0.001374,90.783289
2,2,2,0,2,2,2,2,2,0,0,2,2,1,10,0.001374,90.784662
0,2,2,4,4,2,4,4,2,3,2,2,2,2,10,0.001374,90.786036
0,1,0,2,2,0,3,4,2,2,2,2,2,2,10,0.001374,90.787410
2,2,2,2,2,2,0,2,2,2,2,2,2,1,10,0.001374,90.788783
2,2,2,2,1,2,2,2,2,2,2,3,2,2,10,0.001374,90.790157
2,2,2,2,2,2,2,4,2,2,2,2,4,3,10,0.001374,90.791531
2,2,1,2,1,2,0,2,2,2,2,2,2,2,10,0.001374,90.792904
2,2,2,2,2,2,4,4,2,2,1,2,2,2,10,0.001374,90.794278
0,0,1,2,2,2,2,2,2,2,2,2,3,2,10,0.001374,90.795652
1,2,2,4,2,2,2,4,2,2,2,2,2,2,10,0.001374,90.797025
2,2,2,0,2,2,2,2,2,1,2,2,1,2,10,0.001374,90.798399
0,0,0,4,3,2,3,4,2,4,2,2,2,2,10,0.001374,90.799773
2,2,2,4,2,1,2,2,2,3,2,2,2,2,10,0.001374,90.801146
0,0,0,4,2,2,2,2,2,3,2,4,2,2,10,0.001374,90.802520
0,2,2,2,4,2,3,2,2,2,2,2,1,2,10,0.001374,90.803894
2,1,1,2,0,1,0,4,2,2,2,2,2,2,10,0.001374,90.805267
3,2,2,2,0,0,0,3,2,2,2,2,2,2,10,0.001374,90.806641
1,1,2,2,2,4,2,2,2,2,2,2,2,1,10,0.001374,90.808014
1,2,2,4,2,2,2,2,2,2,4,4,2,2,10,0.001374,90.809388
1,2,2,4,2,2,2,4,2,3,2,2,2,2,10,0.001374,90.810762
2,2,1,2,1,1,2,2,2,2,2,2,2,2,10,0.001374,90.812135
0,0,0,1,4,2,4,4,2,2,0,2,2,2,10,0.001374,90.813509
2,2,1,3,2,2,2,2,2,2,2,2,2,2,10,0.001374,90.814883
2,2,2,4,2,2,2,4,2,2,4,2,3,2,10,0.001374,90.816256
2,2,2,0,2,2,2,3,2,0,2,2,2,2,10,0.001374,90.817630
0,2,2,2,3,2,2,4,2,2,1,2,2,2,10,0.001374,90.819004
2,2,2,2,2,2,4,4,2,2,2,4,2,2,10,0.001374,90.820377
2,2,2,2,2,2,2,2,1,2,2,2,2,4,10,0.001374,90.821751
2,2,2,3,2,2,2,2,4,4,2,2,2,2,10,0.001374,90.823125
2,2,2,3,2,2,2,2,4,2,2,2,4,2,10,0.001374,90.824498
2,2,2,4,2,2,2,2,2,4,3,2,4,2,10,0.001374,90.825872
0,2,2,2,3,2,4,2,2,2,3,2,2,2,10,0.001374,90.827246
2,2,2,2,2,2,3,2,2,2,2,4,2,2,10,0.001374,90.828619
2,2,2,2,3,2,2,2,2,2,2,3,4,2,10,0.001374,90.829993
1,2,2,2,4,4,4,4,2,2,2,2,2,2,10,0.001374,90.831367
2,1,0,2,0,2,2,3,2,2,2,2,2,2,10,0.001374,90.832740
2,2,2,2,2,1,4,3,2,2,2,2,2,2,10,0.001374,90.834114
0,0,2,2,4,2,4,2,2,2,2,2,2,2,10,0.001374,90.835488
2,2,2,2,2,2,2,4,2,2,1,3,2,2,10,0.001374,90.836861
2,2,2,4,2,2,4,4,2,4,2,2,2,2,10,0.001374,90.838235
2,2,2,2,0,2,0,2,2,1,2,2,2,2,10,0.001374,90.839609
2,2,2,4,2,2,2,2,2,2,4,3,3,2,10,0.001374,90.840982
2,2,2,2,2,2,2,4,0,2,4,2,2,2,10,0.001374,90.842356
2,2,2,2,2,2,2,1,2,1,2,2,2,1,10,0.001374,90.843730
2,2,2,0,2,2,2,2,2,2,0,2,2,2,10,0.001374,90.845103
2,2,2,2,4,4,2,2,0,2,2,2,2,2,10,0.001374,90.846477
2,2,2,2,2,2,2,2,1,2,2,2,2,0,10,0.001374,90.847851
2,2,2,2,2,2,2,4,2,2,2,2,2,0,10,0.001374,90.849224
2,2,2,1,4,2,2,2,2,0,2,2,2,2,10,0.001374,90.850598
2,2,2,2,0,0,0,2,3,2,2,2,2,2,10,0.001374,90.851972
2,2,2,2,2,2,2,1,2,2,2,2,2,3,10,0.001374,90.853345
2,2,2,2,2,0,2,2,2,2,2,2,1,2,10,0.001374,90.854719
0,0,0,0,4,2,4,4,0,1,2,2,2,2,10,0.001374,90.856093
1,2,2,2,3,3,2,2,1,2,2,2,2,2,10,0.001374,90.857466
2,2,3,3,2,2,2,2,2,2,4,2,2,2,10,0.001374,90.858840
1,1,1,4,2,2,2,4,2,4,2,2,2,2,10,0.001374,90.860214
2,4,2,2,2,2,2,2,2,2,4,2,2,2,10,0.001374,90.861587
2,2,2,4,2,2,2,2,2,4,3,2,2,4,10,0.001374,90.862961
2,2,2,2,2,2,2,1,2,2,1,2,1,2,10,0.001374,90.864335
0,0,0,3,3,2,4,4,2,2,2,2,2,2,10,0.001374,90.865708
2,2,2,2,2,2,2,2,2,1,2,2,4,4,10,0.001374,90.867082
2,0,0,2,0,2,2,4,2,2,2,2,2,2,10,0.001374,90.868456
2,2,2,1,2,2,2,2,4,1,2,2,2,2,10,0.001374,90.869829
2,2,2,2,3,2,2,4,2,2,2,4,2,2,10,0.001374,90.871203
1,2,2,2,4,2,4,2,2,2,1,2,2,2,10,0.001374,90.872577
2,2,2,4,2,2,3,4,2,2,4,3,2,2,10,0.001374,90.873950
0,1,0,2,2,2,2,4,2,2,1,2,2,2,10,0.001374,90.875324
1,2,2,2,2,2,4,4,0,2,2,2,2,2,10,0.001374,90.876698
2,2,2,4,2,2,2,3,2,4,2,4,1,2,10,0.001374,90.878071
2,4,4,2,2,2,2,3,2,2,2,2,2,2,10,0.001374,90.879445
2,2,2,2,2,2,3,4,3,2,2,2,2,2,10,0.001374,90.880818
1,1,2,2,3,2,2,2,2,1,2,2,2,2,10,0.001374,90.882192
0,0,0,2,4,2,2,4,0,2,0,2,2,2,10,0.001374,90.883566
2,2,2,2,2,3,2,2,2,2,3,2,4,2,10,0.001374,90.884939
1,2,2,1,3,2,3,2,2,2,2,2,2,2,10,0.001374,90.886313
0,1,2,2,2,2,2,2,1,2,2,2,2,1,10,0.001374,90.887687
2,2,0,2,0,1,0,2,2,2,2,2,2,2,10,0.001374,90.889060
0,0,0,2,0,0,0,4,3,2,2,2,2,2,10,0.001374,90.890434
2,2,2,2,2,3,2,2,2,1,2,2,2,1,10,0.001374,90.891808
0,0,0,4,2,2,2,4,3,4,2,2,2,2,10,0.001374,90.893181
2,1,0,2,0,0,0,2,2,1,2,2,2,2,10,0.001374,90.894555
0,0,0,4,4,2,4,4,2,2,4,2,2,2,10,0.001374,90.895929
0,2,2,2,2,2,3,2,2,1,2,2,2,2,10,0.001374,90.897302
0,1,1,1,2,2,2,2,2,2,2,2,2,2,10,0.001374,90.898676
2,2,2,2,3,2,3,4,2,2,2,2,4,2,10,0.001374,90.900050
2,3,2,2,2,2,2,4,2,2,4,2,2,2,10,0.001374,90.901423
2,3,3,3,2,2,2,2,2,2,4,2,2,2,10,0.001374,90.902797
2,2,2,2,2,2,1,2,2,2,2,2,4,2,10,0.001374,90.904171
1,2,0,2,2,0,2,4,2,2,2,2,2,2,10,0.001374,90.905544
2,2,2,1,2,2,2,1,2,0,2,2,2,2,10,0.001374,90.906918
0,0,0,3,2,2,2,2,2,4,1,2,2,2,10,0.001374,90.908292
0,0,0,2,4,2,4,4,3,2,2,2,2,2,10,0.001374,90.909665
0,1,1,2,3,2,3,4,2,2,2,2,2,2,10,0.001374,90.911039
2,3,2,2,3,2,4,2,2,2,2,2,2,2,10,0.001374,90.912413
1,1,1,2,2,1,2,4,2,2,2,2,2,2,10,0.001374,90.913786
2,2,2,4,2,2,3,3,2,2,2,2,2,2,10,0.001374,90.915160
0,0,0,2,2,1,2,4,2,2,2,2,2,1,10,0.001374,90.916534
2,2,2,0,3,2,3,2,2,1,2,2,2,2,10,0.001374,90.917907
1,2,2,4,3,2,2,4,2,4,2,2,2,2,10,0.001374,90.919281
0,1,2,3,4,2,2,2,2,2,2,2,2,2,10,0.001374,90.920655
2,2,1,2,2,2,2,2,4,2,2,2,2,2,10,0.001374,90.922028
2,2,2,2,3,2,3,3,2,2,2,2,2,1,10,0.001374,90.923402
1,2,2,2,2,2,3,4,2,2,4,2,2,2,10,0.001374,90.924776
2,2,2,1,2,2,2,4,1,1,2,2,2,2,10,0.001374,90.926149
0,1,1,2,2,2,2,2,2,2,0,2,2,2,10,0.001374,90.927523
2,2,2,4,2,2,2,3,2,2,4,2,2,4,10,0.001374,90.928897
1,2,2,2,3,2,4,4,2,2,3,2,2,2,10,0.001374,90.930270
1,0,0,2,2,2,2,2,2,2,0,2,2,2,10,0.001374,90.931644
1,2,2,3,3,2,2,2,2,2,2,2,2,2,10,0.001374,90.933018
1,1,2,2,2,4,2,2,1,2,2,2,2,2,10,0.001374,90.934391
2,2,2,3,2,2,2,3,2,2,2,2,4,2,10,0.001374,90.935765
0,2,2,2,4,2,4,4,2,2,2,2,2,3,10,0.001374,90.937139
2,2,2,2,2,2,2,2,0,1,2,2,1,2,10,0.001374,90.938512
1,0,1,2,2,2,2,2,4,2,2,2,2,2,10,0.001374,90.939886
2,2,2,4,2,2,2,2,4,2,4,3,2,2,10,0.001374,90.941260
2,2,2,2,2,0,4,2,2,2,2,2,2,2,10,0.001374,90.942633
1,2,2,4,2,2,2,2,2,4,2,2,2,4,10,0.001374,90.944007
0,0,0,2,2,2,2,2,2,2,2,2,2,3,10,0.001374,90.945381
2,2,2,2,2,0,2,3,2,2,4,2,2,2,10,0.001374,90.946754
0,1,2,3,2,2,2,2,2,4,1,2,2,2,10,0.001374,90.948128
1,2,1,3,2,2,2,4,2,2,2,2,2,2,10,0.001374,90.949501
0,0,0,1,2,2,2,2,2,2,0,2,2,2,10,0.001374,90.950875
1,2,2,2,2,2,3,3,2,2,3,2,2,2,10,0.001374,90.952249
2,2,2,3,4,4,2,2,2,3,2,2,2,2,10,0.001374,90.953622
0,2,2,2,2,2,3,4,2,1,2,2,2,2,10,0.001374,90.954996
1,0,2,3,2,2,2,2,2,3,2,2,2,2,10,0.001374,90.956370
2,2,2,2,2,3,2,2,4,2,2,2,2,2,10,0.001374,90.957743
0,1,1,2,2,2,2,4,2,2,4,2,2,2,10,0.001374,90.959117
0,0,0,1,2,2,2,4,0,2,2,2,2,2,10,0.001374,90.960491
2,2,2,2,4,2,2,4,2,2,2,4,2,2,10,0.001374,90.961864
2,2,2,1,2,1,2,2,2,1,2,2,2,1,10,0.001374,90.963238
2,0,0,2,0,1,1,2,2,2,2,2,2,2,10,0.001374,90.964612
2,2,2,0,2,2,2,2,2,0,0,2,1,2,10,0.001374,90.965985
0,0,2,2,3,2,2,2,2,3,2,2,2,2,10,0.001374,90.967359
2,2,2,2,2,0,2,2,1,2,2,2,2,2,10,0.001374,90.968733
0,1,1,2,2,2,2,2,4,2,2,2,2,2,10,0.001374,90.970106
2,2,2,2,4,2,3,4,2,2,2,3,2,2,10,0.001374,90.971480
2,2,2,2,2,0,2,4,2,2,2,2,2,1,10,0.001374,90.972854
2,2,2,4,2,2,2,2,4,4,2,2,2,4,10,0.001374,90.974227
0,0,0,1,2,1,2,4,2,1,2,2,2,2,10,0.001374,90.975601
0,2,2,3,3,2,2,2,2,4,2,2,2,2,10,0.001374,90.976975
2,2,2,2,3,2,2,2,2,2,1,3,2,2,10,0.001374,90.978348
0,0,0,4,2,0,4,4,2,4,2,2,2,2,10,0.001374,90.979722
2,2,2,2,2,2,0,2,2,2,3,2,2,2,10,0.001374,90.981096
2,2,2,2,4,4,4,4,2,2,2,2,2,2,10,0.001374,90.982469
0,2,2,2,4,2,4,3,1,2,2,2,2,2,10,0.001374,90.983843
2,2,2,0,3,2,2,2,2,1,0,2,2,2,10,0.001374,90.985217
2,2,2,2,3,2,2,4,0,2,2,2,2,2,10,0.001374,90.986590
0,2,0,2,2,0,4,4,2,2,2,2,2,2,10,0.001374,90.987964
2,2,1,2,0,0,1,3,2,2,2,2,2,2,10,0.001374,90.989338
2,2,1,2,2,0,2,4,4,2,2,2,2,2,10,0.001374,90.990711
0,1,1,2,2,2,2,4,2,2,3,2,2,2,10,0.001374,90.992085
2,2,2,4,2,2,2,4,2,2,3,3,2,2,10,0.001374,90.993459
2,2,2,0,2,2,2,2,1,1,0,2,2,2,10,0.001374,90.994832
2,2,2,4,2,2,2,2,3,4,2,2,1,2,10,0.001374,90.996206
0,0,0,3,2,2,3,4,2,2,2,2,2,2,10,0.001374,90.997580
0,0,1,3,3,2,2,2,2,4,2,2,2,2,10,0.001374,90.998953
1,2,1,2,2,2,2,2,1,2,2,2,2,2,10,0.001374,91.000327
2,2,2,1,2,2,4,4,2,1,2,2,2,2,10,0.001374,91.001701
2,2,2,4,2,2,2,2,2,4,4,4,2,3,10,0.001374,91.003074
1,2,2,2,2,2,3,4,2,2,1,2,2,2,10,0.001374,91.004448
2,2,2,2,2,2,1,4,2,1,2,2,2,2,10,0.001374,91.005822
0,2,2,4,4,2,3,2,2,4,2,2,2,2,10,0.001374,91.007195
2,2,2,0,3,2,2,2,2,1,2,2,2,2,10,0.001374,91.008569
0,0,1,4,2,2,2,2,2,2,4,2,2,2,10,0.001374,91.009943
2,2,2,3,4,2,3,4,2,2,2,2,2,2,10,0.001374,91.011316
0,0,0,4,2,2,4,4,2,4,2,2,2,2,10,0.001374,91.012690
2,2,2,0,2,2,2,2,2,2,1,2,2,2,10,0.001374,91.014064
0,0,0,4,2,2,3,4,2,4,2,2,2,2,10,0.001374,91.015437
1,2,2,2,2,2,2,3,2,3,2,2,2,2,10,0.001374,91.016811
4,4,4,2,2,3,2,2,2,2,2,2,2,2,10,0.001374,91.018185
2,2,2,2,2,2,3,4,2,2,0,2,2,2,10,0.001374,91.019558
2,2,2,2,2,2,2,4,2,3,1,2,2,2,10,0.001374,91.020932
1,2,2,1,2,2,3,2,2,2,2,2,2,2,10,0.001374,91.022305
2,4,3,2,2,2,3,4,2,2,2,2,2,2,10,0.001374,91.023679
1,2,2,2,4,4,2,2,2,2,2,2,2,1,10,0.001374,91.025053
0,0,1,2,3,2,2,2,2,3,2,2,2,2,10,0.001374,91.026426
1,2,2,2,2,2,2,3,2,2,2,3,2,2,10,0.001374,91.027800
0,2,2,2,3,2,4,4,2,2,1,2,2,2,10,0.001374,91.029174
2,2,2,2,2,2,2,3,4,2,3,2,2,2,10,0.001374,91.030547
1,1,1,2,2,2,2,2,2,2,2,3,2,2,10,0.001374,91.031921
2,2,2,3,2,2,2,4,2,2,4,4,2,2,10,0.001374,91.033295
0,1,2,2,4,2,2,2,2,2,0,2,2,2,10,0.001374,91.034668
0,1,1,2,3,2,3,3,2,2,2,2,2,2,10,0.001374,91.036042
0,0,0,2,2,2,2,4,2,2,2,2,1,1,10,0.001374,91.037416
0,0,0,4,2,2,2,4,2,4,0,2,1,2,10,0.001374,91.038789
0,0,0,1,2,2,2,4,0,2,1,2,2,2,10,0.001374,91.040163
2,2,2,2,2,2,1,2,1,2,2,2,2,2,10,0.001374,91.041537
2,2,2,3,4,2,2,2,2,2,2,3,2,2,10,0.001374,91.042910
2,2,2,4,2,2,2,3,2,3,2,4,2,2,10,0.001374,91.044284
1,2,2,2,2,2,2,2,2,0,2,2,2,2,10,0.001374,91.045658
0,0,0,3,2,2,2,2,2,2,2,4,2,2,10,0.001374,91.047031
4,2,2,2,0,2,0,1,2,2,2,2,2,2,10,0.001374,91.048405
2,2,2,2,4,2,3,2,2,2,2,3,2,2,10,0.001374,91.049779
1,2,1,2,2,2,2,2,2,2,1,2,2,2,10,0.001374,91.051152
2,4,4,2,4,2,4,2,2,2,2,2,2,2,10,0.001374,91.052526
0,0,0,3,2,2,2,4,2,2,4,2,2,2,10,0.001374,91.053900
1,0,1,2,2,2,2,2,2,2,3,2,2,2,10,0.001374,91.055273
2,2,0,2,0,0,0,2,4,2,2,2,2,2,10,0.001374,91.056647
0,1,2,1,3,2,2,2,2,2,2,2,2,2,10,0.001374,91.058021
1,0,0,2,2,2,2,2,1,2,2,2,2,2,10,0.001374,91.059394
0,0,0,2,4,0,4,4,2,2,2,2,2,2,10,0.001374,91.060768
2,2,2,2,4,2,4,2,2,2,2,2,3,2,10,0.001374,91.062142
2,2,2,2,2,2,0,0,2,2,2,2,2,2,10,0.001374,91.063515
2,2,1,2,1,0,2,2,3,2,2,2,2,2,10,0.001374,91.064889
0,0,0,2,2,2,2,4,1,2,2,2,4,2,10,0.001374,91.066263
0,0,0,1,4,2,4,4,0,2,1,2,2,2,10,0.001374,91.067636
2,2,2,2,1,0,2,2,2,1,2,2,2,2,10,0.001374,91.069010
2,2,2,2,0,2,1,2,4,2,2,2,2,2,10,0.001374,91.070384
0,1,2,2,2,2,2,4,0,2,2,2,2,2,10,0.001374,91.071757
0,0,0,4,2,2,2,4,2,4,2,2,1,2,10,0.001374,91.073131
2,2,2,0,3,2,2,2,2,0,2,2,2,2,10,0.001374,91.074505
2,2,2,2,1,2,2,2,2,2,2,2,4,2,10,0.001374,91.075878
0,1,0,2,2,2,4,4,1,2,2,2,2,2,10,0.001374,91.077252
2,2,2,3,2,2,2,2,2,4,0,2,1,2,10,0.001374,91.078626
2,2,2,4,2,2,2,2,2,3,2,4,4,2,10,0.001374,91.079999
2,2,2,2,1,2,1,2,2,1,2,2,2,2,10,0.001374,91.081373
0,0,0,2,2,2,2,4,1,2,2,2,2,1,10,0.001374,91.082747
2,2,2,4,4,2,2,2,2,4,2,2,1,2,10,0.001374,91.084120
2,2,2,4,2,2,2,2,2,2,2,4,4,4,10,0.001374,91.085494
2,2,2,2,2,2,3,4,2,2,2,2,1,2,10,0.001374,91.086868
0,0,0,2,2,2,3,4,1,2,1,2,2,2,10,0.001374,91.088241
2,2,2,2,0,2,0,2,2,2,2,2,1,2,10,0.001374,91.089615
2,2,2,4,2,2,3,2,2,2,3,2,2,2,10,0.001374,91.090989
2,2,2,4,2,2,4,4,2,2,2,2,2,2,10,0.001374,91.092362
2,2,2,4,4,2,4,4,2,2,2,2,2,2,10,0.001374,91.093736
0,0,0,2,2,2,4,4,2,2,2,3,2,2,10,0.001374,91.095109
2,2,3,2,4,2,2,2,2,2,1,2,2,2,10,0.001374,91.096483
2,2,2,1,2,2,2,2,0,1,2,2,2,1,10,0.001374,91.097857
2,2,2,4,2,1,2,4,2,3,2,2,2,2,10,0.001374,91.099230
2,2,2,2,2,2,1,2,2,2,2,2,3,2,10,0.001374,91.100604
0,0,0,2,1,2,2,2,2,2,1,2,2,2,10,0.001374,91.101978
0,1,2,2,2,2,2,2,2,2,2,4,2,2,10,0.001374,91.103351
0,0,0,2,2,2,3,4,2,2,2,2,2,1,10,0.001374,91.104725
1,1,2,2,2,2,2,2,2,2,2,2,2,3,10,0.001374,91.106099
2,3,2,2,2,2,2,2,2,2,2,2,2,3,10,0.001374,91.107472
2,2,2,2,3,2,2,3,2,2,2,2,2,1,10,0.001374,91.108846
0,2,2,4,2,2,2,2,2,4,2,4,2,2,10,0.001374,91.110220
2,2,4,2,3,4,2,2,2,2,2,2,2,2,10,0.001374,91.111593
0,0,0,3,4,2,4,4,2,2,2,2,2,2,10,0.001374,91.112967
2,2,2,0,3,2,2,2,2,1,1,2,2,2,10,0.001374,91.114341
0,0,0,2,2,0,2,4,1,2,2,2,2,2,9,0.001236,91.115577
2,2,2,4,2,1,2,4,2,2,2,2,2,2,9,0.001236,91.116813
2,2,1,2,0,0,0,2,2,2,4,2,2,2,9,0.001236,91.118050
1,0,0,2,1,2,1,2,2,2,2,2,2,2,9,0.001236,91.119286
1,2,2,1,2,2,2,2,2,1,1,2,1,2,9,0.001236,91.120522
1,2,2,3,2,2,2,2,2,3,2,3,2,2,9,0.001236,91.121759
2,2,1,1,0,0,0,2,2,1,2,2,2,2,9,0.001236,91.122995
0,0,0,0,4,2,4,4,0,0,0,2,2,1,9,0.001236,91.124231
1,0,0,2,0,0,0,2,3,2,2,2,2,2,9,0.001236,91.125467
2,2,1,2,2,2,1,2,2,2,2,2,2,2,9,0.001236,91.126704
1,1,0,2,2,1,2,2,2,2,2,2,2,2,9,0.001236,91.127940
2,2,2,2,3,2,2,3,2,2,2,3,2,2,9,0.001236,91.129176
0,0,0,2,2,2,2,4,2,2,2,1,2,2,9,0.001236,91.130413
2,2,2,4,2,2,2,2,4,4,2,4,2,4,9,0.001236,91.131649
2,2,2,3,3,2,2,2,2,2,2,4,2,2,9,0.001236,91.132885
1,2,2,4,2,2,2,2,2,3,4,2,2,2,9,0.001236,91.134121
1,2,2,2,2,0,2,4,2,2,2,2,2,2,9,0.001236,91.135358
0,0,0,1,2,2,2,4,1,2,1,2,2,2,9,0.001236,91.136594
0,0,0,2,2,2,2,2,4,2,1,2,2,2,9,0.001236,91.137830
1,2,2,1,2,2,2,2,2,1,2,2,1,2,9,0.001236,91.139067
2,2,2,2,2,2,2,3,2,0,2,2,2,2,9,0.001236,91.140303
0,2,2,2,3,2,4,4,2,2,2,2,2,1,9,0.001236,91.141539
0,0,2,2,4,2,2,2,1,2,2,2,2,2,9,0.001236,91.142776
4,3,2,2,2,2,2,4,2,2,2,2,2,2,9,0.001236,91.144012
1,2,2,1,4,4,2,2,2,1,2,2,2,2,9,0.001236,91.145248
1,1,2,1,2,2,2,2,2,1,2,2,1,2,9,0.001236,91.146484
2,2,2,4,2,2,4,4,2,3,2,2,2,2,9,0.001236,91.147721
1,2,2,2,4,2,4,2,2,2,2,2,4,2,9,0.001236,91.148957
1,2,2,3,3,2,3,4,2,2,2,2,2,2,9,0.001236,91.150193
2,2,2,1,3,2,2,3,2,1,2,2,2,2,9,0.001236,91.151430
2,2,2,2,2,3,2,2,2,1,3,2,2,2,9,0.001236,91.152666
2,2,2,2,0,2,2,2,2,1,2,2,2,2,9,0.001236,91.153902
2,2,2,2,4,4,2,2,2,3,2,2,2,2,9,0.001236,91.155138
1,1,1,3,2,2,2,4,2,2,2,2,2,2,9,0.001236,91.156375
2,2,2,2,3,2,2,3,2,2,2,2,3,2,9,0.001236,91.157611
1,2,2,2,2,2,3,4,2,2,2,2,2,1,9,0.001236,91.158847
0,0,0,2,2,2,1,2,2,2,2,2,2,2,9,0.001236,91.160084
2,2,2,1,2,2,2,2,2,0,1,2,2,2,9,0.001236,91.161320
0,0,0,2,3,2,4,4,2,1,2,2,2,2,9,0.001236,91.162556
0,0,0,3,2,2,2,4,2,2,2,2,4,2,9,0.001236,91.163793
0,2,2,2,2,2,2,2,2,2,3,2,2,2,9,0.001236,91.165029
2,2,2,2,2,2,2,0,2,2,2,2,1,2,9,0.001236,91.166265
2,2,2,4,2,2,4,2,2,4,2,2,2,2,9,0.001236,91.167501
0,2,2,2,2,2,2,3,1,2,2,2,2,2,9,0.001236,91.168738
2,2,2,4,4,2,4,4,2,3,2,2,2,2,9,0.001236,91.169974
0,2,2,2,4,2,2,2,2,2,2,3,2,2,9,0.001236,91.171210
2,2,2,3,2,2,2,2,3,2,2,4,2,2,9,0.001236,91.172447
2,1,1,2,2,2,1,4,2,2,2,2,2,2,9,0.001236,91.173683
0,1,1,2,2,2,2,2,2,2,2,2,3,2,9,0.001236,91.174919
2,2,2,2,3,2,4,3,2,2,1,2,2,2,9,0.001236,91.176155
0,0,2,2,4,2,2,4,2,2,2,2,2,2,9,0.001236,91.177392
2,2,2,4,2,2,2,2,2,2,2,3,2,4,9,0.001236,91.178628
2,2,2,2,4,3,2,2,2,2,2,2,4,2,9,0.001236,91.179864
2,0,0,4,0,0,0,2,2,4,2,2,2,2,9,0.001236,91.181101
2,2,2,3,2,2,3,2,2,3,2,2,2,2,9,0.001236,91.182337
2,2,2,3,3,2,4,3,2,2,2,2,2,2,9,0.001236,91.183573
2,2,2,2,0,1,2,2,2,2,2,2,2,2,9,0.001236,91.184810
2,3,3,2,4,2,3,2,2,2,2,2,2,2,9,0.001236,91.186046
0,1,1,2,2,2,2,4,0,2,2,2,2,2,9,0.001236,91.187282
2,2,2,2,2,0,2,2,2,2,2,2,2,4,9,0.001236,91.188518
2,2,2,3,2,2,2,2,2,2,3,2,4,4,9,0.001236,91.189755
2,2,2,2,2,2,2,4,2,1,3,2,2,2,9,0.001236,91.190991
1,0,1,3,2,2,2,2,2,2,2,2,2,2,9,0.001236,91.192227
2,2,2,3,2,2,2,2,2,3,2,2,4,2,9,0.001236,91.193464
2,1,1,3,2,2,2,2,2,3,2,2,2,2,9,0.001236,91.194700
2,2,2,4,2,2,2,4,2,2,2,2,4,2,9,0.001236,91.195936
2,2,2,2,3,3,2,2,2,3,2,2,2,2,9,0.001236,91.197172
0,2,2,4,4,2,4,4,2,2,2,2,2,2,9,0.001236,91.198409
0,1,2,2,3,2,2,2,2,2,2,2,4,2,9,0.001236,91.199645
2,2,2,2,1,0,2,2,4,2,2,2,2,2,9,0.001236,91.200881
2,2,2,2,2,2,1,2,0,2,2,2,2,2,9,0.001236,91.202118
0,1,1,2,4,2,4,2,2,2,2,2,2,2,9,0.001236,91.203354
2,1,2,1,2,2,2,2,2,2,0,2,2,2,9,0.001236,91.204590
0,0,0,1,2,2,2,2,2,0,2,2,2,2,9,0.001236,91.205827
2,2,2,2,2,2,3,2,2,1,2,2,2,1,9,0.001236,91.207063
1,2,2,4,2,2,2,2,2,4,2,2,4,2,9,0.001236,91.208299
2,2,2,3,2,2,2,1,2,4,2,2,2,2,9,0.001236,91.209535
2,2,2,2,2,2,2,0,2,2,1,2,2,2,9,0.001236,91.210772
1,1,2,1,2,2,2,2,2,0,2,2,2,2,9,0.001236,91.212008
2,2,2,1,3,2,3,3,2,1,2,2,2,2,9,0.001236,91.213244
0,0,1,2,2,2,2,3,2,2,0,2,2,2,9,0.001236,91.214481
3,3,2,2,2,2,2,3,2,2,2,2,2,2,9,0.001236,91.215717
2,2,2,4,2,2,2,4,4,2,4,2,2,2,9,0.001236,91.216953
2,2,2,2,2,1,2,3,2,2,2,2,4,2,9,0.001236,91.218189
2,1,2,1,2,2,2,2,2,0,2,2,2,2,9,0.001236,91.219426
0,0,2,2,2,4,2,2,1,2,2,2,2,2,9,0.001236,91.220662
0,2,2,2,4,2,3,2,2,2,2,2,2,1,9,0.001236,91.221898
0,0,0,1,2,2,2,4,1,2,2,2,2,2,9,0.001236,91.223135
2,2,2,3,2,2,4,2,2,2,4,2,2,2,9,0.001236,91.224371
3,3,2,2,2,0,2,2,2,2,2,2,2,2,9,0.001236,91.225607
0,0,2,4,2,2,2,2,2,3,2,2,2,2,9,0.001236,91.226844
2,2,0,2,0,0,2,2,2,2,2,2,2,2,9,0.001236,91.228080
0,1,2,2,2,2,2,3,2,3,2,2,2,2,9,0.001236,91.229316
2,2,2,1,2,3,2,2,2,2,1,2,2,2,9,0.001236,91.230552
1,2,2,2,4,2,2,2,2,2,2,2,2,4,9,0.001236,91.231789
2,2,2,3,3,2,2,4,2,2,2,2,2,2,9,0.001236,91.233025
0,1,1,2,2,2,2,3,2,2,1,2,2,2,9,0.001236,91.234261
2,2,3,2,4,3,2,2,2,2,2,2,2,2,9,0.001236,91.235498
2,2,2,2,4,2,3,3,2,1,2,2,2,2,9,0.001236,91.236734
2,2,2,3,3,2,4,2,2,2,2,2,2,2,9,0.001236,91.237970
2,2,2,1,3,2,2,2,2,2,1,2,1,2,9,0.001236,91.239206
1,2,2,4,3,2,4,4,2,4,2,2,2,2,9,0.001236,91.240443
2,2,2,3,2,2,3,4,2,2,3,2,2,2,9,0.001236,91.241679
1,0,0,2,0,0,0,4,4,2,2,2,2,2,9,0.001236,91.242915
1,0,0,2,0,2,0,4,2,2,2,2,2,2,9,0.001236,91.244152
2,2,2,3,4,2,2,2,2,4,2,2,2,2,9,0.001236,91.245388
2,2,2,2,2,2,3,4,2,2,2,2,2,3,9,0.001236,91.246624
1,2,2,2,2,2,2,2,1,3,2,2,2,2,9,0.001236,91.247861
1,2,2,2,4,4,2,3,2,2,2,2,2,2,9,0.001236,91.249097
2,2,2,2,2,2,2,4,2,2,4,4,2,2,9,0.001236,91.250333
1,2,2,2,4,2,4,2,2,2,2,3,2,2,9,0.001236,91.251569
2,2,2,2,1,1,1,2,2,2,3,2,2,2,9,0.001236,91.252806
2,2,2,4,2,2,2,4,2,4,2,4,2,4,9,0.001236,91.254042
2,2,2,4,2,2,2,2,2,3,2,2,4,4,9,0.001236,91.255278
2,2,2,4,2,2,3,2,2,4,2,4,2,2,9,0.001236,91.256515
1,2,2,2,3,3,2,3,2,2,2,2,2,2,9,0.001236,91.257751
1,2,2,3,3,2,4,2,2,2,2,2,2,2,9,0.001236,91.258987
2,0,0,2,0,1,0,2,2,2,2,2,1,2,9,0.001236,91.260223
1,1,1,2,2,2,2,2,2,2,2,4,2,2,9,0.001236,91.261460
2,1,1,2,2,2,2,2,2,3,2,2,2,2,9,0.001236,91.262696
2,1,2,4,2,2,2,4,2,4,2,2,2,2,9,0.001236,91.263932
0,0,0,4,2,2,2,2,2,2,3,2,2,2,9,0.001236,91.265169
4,2,2,2,2,2,1,1,2,2,2,2,2,2,9,0.001236,91.266405
0,0,2,4,4,2,2,2,2,4,2,3,2,2,9,0.001236,91.267641
0,1,0,2,2,2,2,4,2,2,0,2,2,2,9,0.001236,91.268878
2,2,2,2,2,1,2,3,4,2,2,2,2,2,9,0.001236,91.270114
2,2,0,2,1,0,2,2,2,2,2,2,2,2,9,0.001236,91.271350
0,0,2,2,3,4,2,2,2,2,2,2,2,1,9,0.001236,91.272586
3,2,2,4,2,2,2,2,2,2,4,2,2,2,9,0.001236,91.273823
1,2,2,4,2,2,2,2,2,2,2,4,2,2,9,0.001236,91.275059
0,2,2,2,3,1,4,4,2,2,2,2,2,2,9,0.001236,91.276295
0,2,2,4,4,2,2,2,2,4,2,3,2,2,9,0.001236,91.277532
0,0,1,4,2,2,2,4,2,4,2,4,2,2,9,0.001236,91.278768
1,2,2,3,2,2,2,3,2,2,2,2,2,2,9,0.001236,91.280004
0,1,2,4,2,2,2,2,2,4,3,2,2,2,9,0.001236,91.281240
2,2,2,2,2,3,2,2,2,4,2,2,2,2,9,0.001236,91.282477
2,3,2,2,3,2,3,3,2,2,2,2,2,2,9,0.001236,91.283713
2,2,2,3,2,2,2,2,2,2,3,2,2,4,9,0.001236,91.284949
2,0,0,2,0,2,0,0,2,2,2,2,2,2,9,0.001236,91.286186
1,0,0,2,0,0,0,2,2,2,1,2,2,2,9,0.001236,91.287422
0,0,0,2,2,2,2,3,1,2,0,2,2,2,9,0.001236,91.288658
2,1,0,2,1,2,2,4,2,2,2,2,2,2,9,0.001236,91.289895
0,0,0,2,2,2,2,4,2,2,1,3,2,2,9,0.001236,91.291131
0,0,0,2,2,2,4,4,2,2,2,4,2,2,9,0.001236,91.292367
2,2,2,4,2,2,2,4,4,4,2,4,2,4,9,0.001236,91.293603
0,0,0,2,2,2,2,3,2,2,2,3,2,2,9,0.001236,91.294840
0,2,2,2,2,2,3,4,1,2,2,2,2,2,9,0.001236,91.296076
0,2,2,2,2,2,3,4,2,2,1,2,2,2,9,0.001236,91.297312
0,0,0,3,2,0,2,4,2,2,2,2,2,2,9,0.001236,91.298549
2,2,2,2,4,2,4,4,2,2,2,2,2,3,9,0.001236,91.299785
1,2,1,2,2,0,2,2,2,2,2,2,2,2,9,0.001236,91.301021
0,0,0,4,2,2,2,2,2,3,2,3,2,2,9,0.001236,91.302257
0,1,2,1,2,2,2,2,2,2,0,2,2,2,9,0.001236,91.303494
1,2,2,4,4,2,4,2,2,4,2,2,2,2,9,0.001236,91.304730
2,2,2,2,2,2,2,4,2,2,3,4,2,2,9,0.001236,91.305966
1,2,2,2,2,2,2,2,2,2,2,2,2,0,9,0.001236,91.307203
2,2,2,4,2,2,2,2,2,4,0,2,1,1,9,0.001236,91.308439
2,2,2,2,0,2,2,4,2,2,1,2,2,2,9,0.001236,91.309675
2,2,2,3,2,1,2,2,2,4,2,2,2,2,9,0.001236,91.310912
2,2,2,2,2,2,2,4,4,2,2,3,2,2,9,0.001236,91.312148
2,2,2,3,2,1,2,2,2,2,3,2,2,2,9,0.001236,91.313384
2,2,2,4,2,2,2,4,2,2,4,4,2,4,9,0.001236,91.314620
1,1,2,2,2,2,2,3,2,2,1,2,2,2,9,0.001236,91.315857
0,0,1,2,4,2,4,4,2,1,2,2,2,2,9,0.001236,91.317093
2,2,2,2,1,1,1,2,2,2,4,2,2,2,9,0.001236,91.318329
1,2,2,2,2,2,2,2,2,3,1,2,2,2,9,0.001236,91.319566
1,2,2,2,3,2,4,2,2,2,2,2,2,1,9,0.001236,91.320802
2,2,2,2,2,2,2,2,2,4,2,2,1,2,9,0.001236,91.322038
0,0,0,4,2,2,3,4,2,2,2,2,2,2,9,0.001236,91.323274
1,0,0,2,0,0,1,4,2,2,2,2,2,2,9,0.001236,91.324511
3,3,2,2,2,1,2,2,2,2,2,2,2,2,9,0.001236,91.325747
2,2,2,2,2,2,4,4,2,2,2,2,2,1,9,0.001236,91.326983
4,4,4,3,2,2,2,2,2,2,2,2,2,2,9,0.001236,91.328220
0,0,0,0,4,2,4,4,2,1,0,2,2,2,9,0.001236,91.329456
2,2,2,2,4,2,2,2,2,1,2,2,1,2,9,0.001236,91.330692
2,2,2,2,3,2,3,2,2,2,2,2,2,3,9,0.001236,91.331929
2,2,2,3,2,2,1,2,2,2,4,2,2,2,9,0.001236,91.333165
2,2,2,1,2,2,2,1,2,2,1,2,2,2,9,0.001236,91.334401
2,2,2,4,2,2,2,2,2,2,2,3,3,2,9,0.001236,91.335637
2,3,2,2,2,0,2,4,2,2,2,2,2,2,9,0.001236,91.336874
1,2,2,2,2,2,2,2,2,2,1,2,2,1,9,0.001236,91.338110
2,2,2,2,3,2,4,4,2,2,2,4,2,2,9,0.001236,91.339346
2,2,2,4,2,2,2,4,2,4,2,2,3,2,9,0.001236,91.340583
2,2,0,2,0,0,0,2,3,2,2,2,2,2,9,0.001236,91.341819
0,2,2,2,4,2,3,4,0,2,2,2,2,2,9,0.001236,91.343055
2,2,0,2,2,0,2,2,2,2,2,2,2,2,9,0.001236,91.344291
2,2,2,4,2,2,2,2,3,3,2,3,2,2,9,0.001236,91.345528
0,0,0,2,2,2,2,2,0,2,0,2,2,2,9,0.001236,91.346764
2,2,2,2,2,2,3,3,2,2,2,3,2,2,9,0.001236,91.348000
0,1,2,0,2,2,2,2,2,1,2,2,2,2,9,0.001236,91.349237
2,2,2,2,3,2,2,2,2,1,2,2,4,2,9,0.001236,91.350473
2,2,2,4,2,2,2,2,2,2,4,2,3,4,9,0.001236,91.351709
1,1,1,2,2,1,2,2,2,2,2,2,2,2,9,0.001236,91.352946
1,2,2,2,4,2,2,2,0,2,2,2,2,2,9,0.001236,91.354182
2,2,2,2,4,2,3,4,2,2,2,4,2,2,9,0.001236,91.355418
0,0,0,2,4,2,4,2,1,2,2,2,2,2,9,0.001236,91.356654
1,2,2,3,4,2,4,4,2,2,3,2,2,2,9,0.001236,91.357891
2,4,3,2,2,2,4,4,2,2,2,2,2,2,9,0.001236,91.359127
0,1,2,2,2,2,2,4,2,2,2,2,1,2,9,0.001236,91.360363
0,1,1,2,4,2,4,4,0,2,2,2,2,2,9,0.001236,91.361600
2,2,2,2,3,4,2,2,2,2,2,2,3,2,9,0.001236,91.362836
2,2,2,2,4,2,4,2,2,2,1,2,2,2,9,0.001236,91.364072
2,2,2,2,2,2,4,4,2,2,2,2,4,2,9,0.001236,91.365308
1,1,2,3,2,2,2,2,2,2,3,2,2,2,9,0.001236,91.366545
0,1,1,2,2,2,2,4,2,2,2,2,4,2,9,0.001236,91.367781
0,2,2,2,4,2,4,2,2,2,2,2,2,1,9,0.001236,91.369017
0,0,1,2,4,2,2,2,2,2,2,2,1,2,9,0.001236,91.370254
1,2,2,1,2,2,3,4,2,1,2,2,2,2,9,0.001236,91.371490
0,1,1,2,2,2,2,4,2,2,0,2,2,2,9,0.001236,91.372726
3,4,4,3,2,2,2,2,2,2,2,2,2,2,9,0.001236,91.373963
2,1,2,2,2,2,2,2,2,2,2,4,2,2,9,0.001236,91.375199
2,2,2,2,2,0,2,4,2,2,2,2,1,2,9,0.001236,91.376435
0,0,1,4,4,2,4,4,2,4,2,2,2,2,9,0.001236,91.377671
2,2,2,4,3,2,4,4,2,4,2,4,2,2,9,0.001236,91.378908
0,0,2,4,3,3,2,2,2,4,2,2,2,2,9,0.001236,91.380144
0,0,0,2,2,1,2,4,2,2,2,2,4,2,9,0.001236,91.381380
1,2,2,2,4,2,4,2,0,2,2,2,2,2,9,0.001236,91.382617
2,3,3,2,2,2,2,2,2,2,2,2,1,2,9,0.001236,91.383853
1,2,2,2,2,2,2,2,2,1,2,2,1,2,9,0.001236,91.385089
1,2,2,4,2,2,4,4,2,2,4,2,2,2,9,0.001236,91.386325
2,2,2,3,1,2,2,2,2,3,2,2,2,2,9,0.001236,91.387562
0,2,2,2,4,2,2,2,2,2,2,2,4,2,9,0.001236,91.388798
1,2,2,2,4,4,2,2,1,2,2,2,2,2,9,0.001236,91.390034
2,2,1,2,2,2,2,4,2,1,2,2,2,2,9,0.001236,91.391271
0,0,0,3,2,2,2,2,4,2,2,2,2,2,9,0.001236,91.392507
2,2,2,4,2,2,2,4,2,2,4,3,4,2,9,0.001236,91.393743
0,1,1,4,2,2,2,4,2,2,4,2,2,2,9,0.001236,91.394980
0,0,0,4,2,2,2,4,4,4,2,3,2,2,9,0.001236,91.396216
1,1,2,4,2,2,2,2,2,3,2,4,2,2,9,0.001236,91.397452
2,2,2,2,3,2,3,2,2,2,2,2,2,4,9,0.001236,91.398688
2,2,2,2,4,3,2,2,0,2,2,2,2,2,9,0.001236,91.399925
0,0,0,4,3,2,2,2,2,4,2,2,2,2,9,0.001236,91.401161
2,2,2,3,2,4,2,2,2,2,3,2,2,2,9,0.001236,91.402397
2,2,2,3,2,2,2,3,2,2,2,2,3,2,9,0.001236,91.403634
0,1,2,2,4,2,2,2,2,2,2,3,2,2,9,0.001236,91.404870
2,2,2,3,4,2,4,4,2,2,3,2,2,2,9,0.001236,91.406106
0,1,2,2,4,3,3,2,2,2,2,2,2,2,9,0.001236,91.407342
0,1,2,2,3,2,2,2,2,2,3,2,2,2,9,0.001236,91.408579
0,0,0,1,2,2,2,2,1,1,2,2,2,2,9,0.001236,91.409815
2,2,2,2,0,0,0,2,2,1,2,2,2,2,9,0.001236,91.411051
2,2,2,4,2,2,2,2,2,4,3,4,2,4,9,0.001236,91.412288
0,2,2,2,4,2,2,2,2,3,2,2,2,2,9,0.001236,91.413524
0,0,0,2,2,2,2,4,4,2,1,2,2,2,9,0.001236,91.414760
0,2,2,2,3,2,4,4,2,2,2,3,2,2,9,0.001236,91.415997
1,2,2,3,2,2,2,2,2,4,1,2,2,2,9,0.001236,91.417233
2,1,1,2,0,2,0,2,4,2,2,2,2,2,9,0.001236,91.418469
0,0,0,2,2,2,4,4,1,2,1,2,2,2,9,0.001236,91.419705
1,2,1,2,2,2,2,2,2,2,2,2,4,2,9,0.001236,91.420942
2,2,2,2,0,0,0,2,2,2,3,2,2,2,9,0.001236,91.422178
0,2,2,2,4,2,3,2,2,3,2,2,2,2,9,0.001236,91.423414
1,2,2,0,2,2,2,2,2,1,2,2,2,1,9,0.001236,91.424651
2,3,2,2,4,2,4,2,2,2,2,2,2,2,9,0.001236,91.425887
4,3,2,2,2,2,1,2,2,2,2,2,2,2,9,0.001236,91.427123
2,2,2,2,4,2,3,2,2,2,2,2,4,2,9,0.001236,91.428359
2,2,2,1,1,2,0,2,2,1,2,2,2,2,9,0.001236,91.429596
2,3,4,2,2,3,2,2,2,2,2,2,2,2,9,0.001236,91.430832
2,2,2,2,2,2,2,4,4,2,1,2,2,2,9,0.001236,91.432068
3,2,2,2,2,2,2,2,4,2,2,2,2,2,9,0.001236,91.433305
0,1,2,4,3,4,2,2,2,4,2,2,2,2,9,0.001236,91.434541
0,0,0,2,4,2,4,4,2,2,2,2,3,2,9,0.001236,91.435777
0,0,0,1,4,2,4,4,0,1,2,2,2,2,9,0.001236,91.437014
2,2,2,0,2,2,2,4,2,1,0,2,2,2,9,0.001236,91.438250
1,2,2,2,2,2,2,3,2,2,2,2,3,2,9,0.001236,91.439486
2,2,2,3,2,2,2,2,0,3,2,2,2,2,9,0.001236,91.440722
0,0,0,2,4,2,4,4,2,2,1,2,2,1,9,0.001236,91.441959
0,0,0,4,2,1,2,4,2,4,2,2,2,2,9,0.001236,91.443195
0,0,0,2,2,2,3,2,1,2,2,2,2,2,9,0.001236,91.444431
0,0,0,2,2,1,4,4,2,2,1,2,2,2,9,0.001236,91.445668
2,2,2,2,2,3,2,2,1,1,2,2,2,2,9,0.001236,91.446904
1,2,2,4,3,4,2,2,2,4,2,2,2,2,9,0.001236,91.448140
2,2,2,2,2,3,2,1,2,2,2,2,2,1,9,0.001236,91.449376
2,2,2,3,2,2,2,2,2,3,2,2,3,2,9,0.001236,91.450613
2,2,2,4,2,2,2,1,2,3,2,2,2,2,9,0.001236,91.451849
2,2,2,3,4,4,2,2,2,4,2,2,2,2,9,0.001236,91.453085
2,2,1,2,2,2,2,2,3,2,2,2,2,2,9,0.001236,91.454322
2,2,2,4,2,2,2,2,2,4,2,3,3,2,9,0.001236,91.455558
2,0,0,2,0,0,0,4,2,1,2,2,2,2,9,0.001236,91.456794
2,2,2,3,3,4,2,2,2,2,2,2,2,2,9,0.001236,91.458031
2,2,2,3,3,2,3,3,2,2,2,2,2,2,9,0.001236,91.459267
0,0,0,4,2,2,2,2,4,4,2,3,2,2,9,0.001236,91.460503
1,2,2,4,2,2,3,3,2,4,2,2,2,2,9,0.001236,91.461739
1,2,2,3,2,2,2,2,2,2,2,2,4,2,9,0.001236,91.462976
2,4,2,2,3,2,4,4,2,2,2,2,2,2,9,0.001236,91.464212
1,2,2,2,3,3,2,2,2,2,2,2,2,1,9,0.001236,91.465448
0,2,2,2,4,2,4,4,2,3,2,2,2,2,9,0.001236,91.466685
2,2,2,4,2,4,2,2,2,4,2,3,2,2,9,0.001236,91.467921
2,2,2,2,2,2,2,2,2,0,2,2,4,2,9,0.001236,91.469157
0,0,0,2,2,2,2,3,2,2,2,2,1,2,9,0.001236,91.470393
1,2,2,2,2,2,2,4,2,2,2,2,3,2,9,0.001236,91.471630
2,2,3,4,2,2,2,2,2,3,2,2,2,2,9,0.001236,91.472866
2,2,2,4,2,2,2,2,3,4,4,3,2,2,9,0.001236,91.474102
1,2,2,2,3,2,2,4,2,2,1,2,2,2,9,0.001236,91.475339
0,0,0,4,2,2,2,2,2,2,2,4,2,2,9,0.001236,91.476575
2,2,2,2,1,2,1,2,2,2,4,2,2,2,9,0.001236,91.477811
2,2,2,2,2,3,2,2,2,2,2,4,2,2,8,0.001099,91.478910
2,2,2,2,3,2,2,2,2,2,3,2,4,2,8,0.001099,91.480009
2,2,2,2,3,2,2,2,1,2,2,2,2,1,8,0.001099,91.481108
2,2,2,4,2,2,2,3,2,2,4,2,4,2,8,0.001099,91.482207
2,2,2,0,2,2,2,2,0,0,0,2,2,2,8,0.001099,91.483306
2,2,2,3,2,2,2,1,2,3,2,2,2,2,8,0.001099,91.484405
2,2,2,2,2,2,2,3,1,2,3,2,2,2,8,0.001099,91.485504
2,2,2,3,3,2,2,2,2,2,2,2,4,2,8,0.001099,91.486603
2,2,2,0,2,2,2,2,0,1,0,2,2,2,8,0.001099,91.487702
0,0,2,2,2,2,2,2,2,3,1,2,2,2,8,0.001099,91.488801
0,2,2,3,4,2,4,4,2,2,2,3,2,2,8,0.001099,91.489899
2,2,2,4,2,2,2,2,2,3,2,3,2,3,8,0.001099,91.490998
2,3,3,2,2,2,2,2,2,2,2,2,2,1,8,0.001099,91.492097
2,1,0,2,2,1,2,4,2,2,2,2,2,2,8,0.001099,91.493196
0,2,2,2,4,2,4,3,2,2,4,2,2,2,8,0.001099,91.494295
3,3,3,2,2,3,2,2,2,2,2,2,2,2,8,0.001099,91.495394
2,2,2,4,2,2,2,4,2,4,2,4,1,2,8,0.001099,91.496493
2,2,2,2,0,0,0,2,2,2,4,2,2,2,8,0.001099,91.497592
2,2,2,0,2,2,2,3,2,1,1,2,2,2,8,0.001099,91.498691
0,0,2,2,4,2,2,2,2,2,0,2,2,2,8,0.001099,91.499790
0,1,1,2,3,2,2,3,2,2,2,2,2,2,8,0.001099,91.500889
2,2,2,2,4,2,2,2,4,2,2,2,2,2,8,0.001099,91.501988
0,0,0,1,2,2,2,4,2,2,0,2,1,2,8,0.001099,91.503087
2,1,0,2,0,0,2,2,2,2,2,2,2,2,8,0.001099,91.504186
0,2,2,4,3,2,2,2,2,4,2,4,2,2,8,0.001099,91.505284
2,2,2,1,2,4,2,2,2,1,2,2,2,1,8,0.001099,91.506383
1,0,1,2,2,2,2,2,2,2,0,2,2,2,8,0.001099,91.507482
4,2,0,2,0,0,0,2,2,2,2,2,2,2,8,0.001099,91.508581
2,2,2,2,1,2,1,2,2,2,3,2,2,2,8,0.001099,91.509680
2,2,2,2,2,2,2,2,1,1,2,2,4,2,8,0.001099,91.510779
2,3,4,2,2,2,2,4,2,2,2,2,2,2,8,0.001099,91.511878
2,3,3,2,2,2,2,2,2,2,2,3,2,2,8,0.001099,91.512977
0,0,2,4,2,3,2,2,2,4,2,2,2,2,8,0.001099,91.514076
1,1,1,1,2,2,2,2,2,1,1,2,2,2,8,0.001099,91.515175
2,2,1,2,1,2,2,4,2,2,2,2,2,2,8,0.001099,91.516274
2,2,2,2,2,1,2,4,2,2,2,4,2,2,8,0.001099,91.517373
1,2,2,4,3,2,3,2,2,2,4,2,2,2,8,0.001099,91.518472
3,2,2,2,2,2,2,2,2,2,2,2,1,2,8,0.001099,91.519571
1,0,0,2,0,0,0,4,2,2,1,2,2,2,8,0.001099,91.520669
2,4,4,2,2,2,3,3,2,2,2,2,2,2,8,0.001099,91.521768
0,0,0,2,2,2,2,3,2,2,3,2,2,2,8,0.001099,91.522867
0,1,2,2,2,2,2,4,2,2,4,2,2,2,8,0.001099,91.523966
0,2,2,1,4,2,4,4,1,1,2,2,2,2,8,0.001099,91.525065
2,2,2,0,2,4,2,2,2,1,2,2,2,2,8,0.001099,91.526164
2,3,2,4,2,2,2,4,2,2,4,2,2,2,8,0.001099,91.527263
0,0,0,1,4,2,4,4,0,0,2,2,2,1,8,0.001099,91.528362
2,0,0,2,1,2,0,4,2,2,2,2,2,2,8,0.001099,91.529461
2,2,2,1,4,2,4,4,2,2,2,2,2,2,8,0.001099,91.530560
2,2,2,3,4,3,2,2,2,3,2,2,2,2,8,0.001099,91.531659
2,2,2,2,4,2,2,3,1,2,2,2,2,2,8,0.001099,91.532758
2,2,2,2,2,2,1,2,2,3,2,2,2,2,8,0.001099,91.533857
0,0,0,0,4,2,4,4,0,1,2,2,2,1,8,0.001099,91.534956
0,0,0,2,4,2,3,4,1,2,2,2,2,2,8,0.001099,91.536054
2,2,2,3,2,2,2,2,2,2,4,2,4,3,8,0.001099,91.537153
2,2,2,2,4,2,4,4,2,2,2,2,3,2,8,0.001099,91.538252
1,2,2,2,2,2,2,2,2,1,3,2,2,2,8,0.001099,91.539351
0,0,0,2,2,0,2,4,3,2,2,2,2,2,8,0.001099,91.540450
2,0,1,4,2,2,2,2,2,4,2,2,2,2,8,0.001099,91.541549
0,2,1,2,2,0,2,4,2,2,2,2,2,2,8,0.001099,91.542648
2,2,2,4,3,2,2,2,2,2,3,2,2,2,8,0.001099,91.543747
2,2,2,2,4,3,3,3,2,2,2,2,2,2,8,0.001099,91.544846
0,0,0,2,2,2,2,2,1,2,2,2,2,1,8,0.001099,91.545945
1,1,1,3,2,2,2,2,2,4,2,2,2,2,8,0.001099,91.547044
2,2,2,2,0,1,2,4,2,2,2,2,2,2,8,0.001099,91.548143
0,0,0,4,2,2,2,4,2,4,0,2,2,2,8,0.001099,91.549242
2,2,2,4,2,2,2,2,4,4,2,4,1,2,8,0.001099,91.550341
1,2,2,1,2,2,2,2,2,2,0,2,1,2,8,0.001099,91.551439
2,2,2,3,2,2,3,4,2,3,2,2,2,2,8,0.001099,91.552538
1,2,2,2,4,2,4,3,1,2,2,2,2,2,8,0.001099,91.553637
2,2,2,2,4,2,2,4,2,2,2,3,2,2,8,0.001099,91.554736
2,3,2,4,2,2,2,2,2,2,3,2,2,2,8,0.001099,91.555835
0,0,1,4,2,2,2,2,2,4,1,2,2,2,8,0.001099,91.556934
2,2,2,2,2,2,2,4,2,2,0,4,2,2,8,0.001099,91.558033
2,2,2,2,0,1,0,2,4,2,2,2,2,2,8,0.001099,91.559132
2,3,3,4,2,2,2,2,2,2,4,2,2,2,8,0.001099,91.560231
0,2,2,2,4,2,3,4,4,2,2,2,2,2,8,0.001099,91.561330
1,2,2,2,3,2,2,4,0,2,2,2,2,2,8,0.001099,91.562429
2,2,2,2,0,1,0,3,2,2,2,2,2,2,8,0.001099,91.563528
0,2,2,2,2,2,2,2,2,2,4,2,2,2,8,0.001099,91.564627
1,1,1,2,2,2,2,3,2,2,1,2,2,2,8,0.001099,91.565726
2,2,2,2,2,4,2,2,2,1,2,2,2,1,8,0.001099,91.566824
2,2,2,1,3,2,2,2,2,1,2,2,1,2,8,0.001099,91.567923
2,2,2,2,3,3,2,2,2,2,2,2,1,2,8,0.001099,91.569022
2,2,2,2,2,3,2,2,2,2,4,2,4,2,8,0.001099,91.570121
1,1,2,3,2,2,2,2,2,2,2,3,2,2,8,0.001099,91.571220
2,2,2,2,1,2,1,2,4,2,2,2,2,2,8,0.001099,91.572319
2,2,2,4,2,2,2,4,2,4,2,2,4,2,8,0.001099,91.573418
0,0,1,3,4,2,2,2,2,3,2,2,2,2,8,0.001099,91.574517
2,2,2,2,3,2,2,1,2,2,2,2,2,2,8,0.001099,91.575616
2,2,2,1,2,4,2,1,2,1,2,2,2,2,8,0.001099,91.576715
2,2,2,2,2,2,2,2,4,2,2,2,4,4,8,0.001099,91.577814
4,4,4,3,2,2,2,2,2,2,4,2,2,2,8,0.001099,91.578913
0,2,2,2,3,2,2,2,2,2,2,2,4,2,8,0.001099,91.580012
1,2,2,0,3,2,2,2,2,1,2,2,2,2,8,0.001099,91.581111
0,0,0,4,2,2,4,4,2,4,2,4,2,2,8,0.001099,91.582209
1,2,1,2,2,2,2,2,2,2,4,2,2,2,8,0.001099,91.583308
1,0,1,2,2,2,2,2,3,2,2,2,2,2,8,0.001099,91.584407
0,2,1,2,2,2,3,4,1,2,2,2,2,2,8,0.001099,91.585506
2,2,2,2,4,2,4,2,3,2,2,2,2,2,8,0.001099,91.586605
3,4,2,2,2,2,2,2,2,2,3,2,2,2,8,0.001099,91.587704
1,1,2,2,2,2,2,2,1,1,2,2,2,2,8,0.001099,91.588803
2,2,2,4,2,2,2,2,2,3,4,2,2,3,8,0.001099,91.589902
2,2,2,3,2,0,2,2,2,2,4,2,2,2,8,0.001099,91.591001
1,2,0,2,2,2,2,2,2,2,2,2,2,2,8,0.001099,91.592100
0,1,2,3,2,2,2,4,2,3,2,2,2,2,8,0.001099,91.593199
0,0,0,2,2,2,3,4,2,2,4,2,2,2,8,0.001099,91.594298
0,2,2,2,2,2,3,4,2,2,3,2,2,2,8,0.001099,91.595397
0,0,0,2,2,2,3,4,2,2,1,2,4,2,8,0.001099,91.596496
2,2,2,4,2,3,2,2,2,2,2,2,2,2,8,0.001099,91.597594
2,1,2,2,2,2,2,2,0,2,2,2,2,2,8,0.001099,91.598693
0,2,2,2,3,2,4,2,2,1,2,2,2,2,8,0.001099,91.599792
2,2,2,2,4,2,3,4,2,1,2,2,2,2,8,0.001099,91.600891
1,2,2,2,2,2,3,3,2,2,4,2,2,2,8,0.001099,91.601990
2,2,2,2,2,2,2,2,2,2,3,3,4,2,8,0.001099,91.603089
1,2,2,2,3,2,2,2,3,2,2,2,2,2,8,0.001099,91.604188
2,2,2,0,3,2,3,2,2,1,1,2,2,2,8,0.001099,91.605287
0,0,0,2,2,2,2,4,1,2,2,2,1,2,8,0.001099,91.606386
2,0,2,2,2,2,2,2,2,2,1,2,2,2,8,0.001099,91.607485
0,0,0,2,2,0,2,4,2,2,2,2,2,1,8,0.001099,91.608584
1,1,2,2,2,2,2,4,1,2,2,2,2,2,8,0.001099,91.609683
1,2,2,2,2,1,2,3,2,2,2,2,2,2,8,0.001099,91.610782
1,2,2,2,3,2,2,3,2,2,2,2,1,2,8,0.001099,91.611881
2,0,2,2,2,2,2,2,2,2,2,2,1,2,8,0.001099,91.612979
0,0,0,4,2,2,2,2,2,4,2,2,4,2,8,0.001099,91.614078
1,2,2,2,3,4,2,2,1,2,2,2,2,2,8,0.001099,91.615177
2,0,0,2,0,0,0,2,2,2,0,2,2,2,8,0.001099,91.616276
2,2,2,2,2,4,2,2,4,2,2,2,2,2,8,0.001099,91.617375
2,2,2,4,2,2,3,4,2,3,2,2,2,2,8,0.001099,91.618474
2,2,2,2,2,2,2,2,3,2,4,2,4,2,8,0.001099,91.619573
2,2,2,1,3,2,2,4,2,1,2,2,2,2,8,0.001099,91.620672
2,2,2,4,2,2,2,3,4,4,2,2,2,2,8,0.001099,91.621771
2,3,2,4,2,2,2,2,2,4,2,3,2,2,8,0.001099,91.622870
4,2,2,2,0,0,0,3,2,2,2,2,2,2,8,0.001099,91.623969
2,2,2,2,4,2,2,3,2,2,2,2,1,2,8,0.001099,91.625068
2,1,1,2,1,1,1,4,2,2,2,2,2,2,8,0.001099,91.626167
2,2,2,2,0,0,1,2,2,2,3,2,2,2,8,0.001099,91.627266
2,2,0,2,0,0,0,4,3,2,2,2,2,2,8,0.001099,91.628364
2,3,2,2,2,2,3,2,2,2,3,2,2,2,8,0.001099,91.629463
2,2,2,4,2,2,2,4,2,4,1,2,2,2,8,0.001099,91.630562
1,0,1,4,2,2,2,2,2,4,2,3,2,2,8,0.001099,91.631661
1,0,1,1,2,2,2,2,2,2,2,2,2,2,8,0.001099,91.632760
3,2,2,2,0,2,0,0,2,2,2,2,2,2,8,0.001099,91.633859
0,1,1,2,2,2,2,4,2,2,2,2,2,1,8,0.001099,91.634958
2,2,2,3,3,2,4,2,2,2,4,2,2,2,8,0.001099,91.636057
0,2,2,2,4,2,4,3,2,2,2,3,2,2,8,0.001099,91.637156
0,0,0,4,2,2,2,4,2,3,2,3,2,2,8,0.001099,91.638255
0,1,2,2,3,2,3,2,1,2,2,2,2,2,8,0.001099,91.639354
2,4,4,2,3,2,3,2,2,2,2,2,2,2,8,0.001099,91.640453
1,2,2,2,4,2,4,4,2,2,2,2,3,2,8,0.001099,91.641552
2,2,2,3,3,2,3,2,2,4,2,2,2,2,8,0.001099,91.642651
0,2,2,4,3,2,3,4,2,4,2,2,2,2,8,0.001099,91.643749
2,2,2,2,4,2,4,2,4,2,2,2,2,2,8,0.001099,91.644848
4,4,4,4,2,2,2,2,2,2,4,2,2,2,8,0.001099,91.645947
0,2,2,3,4,2,2,2,2,3,2,2,2,2,8,0.001099,91.647046
2,2,2,2,1,0,2,4,4,2,2,2,2,2,8,0.001099,91.648145
2,2,2,2,4,2,2,2,2,2,0,2,1,2,8,0.001099,91.649244
0,1,2,0,2,2,2,2,2,0,2,2,2,2,8,0.001099,91.650343
2,2,2,2,2,2,2,2,2,2,3,2,1,0,8,0.001099,91.651442
2,2,2,2,2,0,2,4,2,3,2,2,2,2,8,0.001099,91.652541
3,3,2,2,2,2,2,1,2,2,2,2,2,2,8,0.001099,91.653640
2,2,2,2,2,4,2,4,2,2,2,2,2,2,8,0.001099,91.654739
1,0,1,1,2,2,2,2,2,1,1,2,2,2,8,0.001099,91.655838
2,2,2,4,2,2,2,2,3,3,3,2,2,2,8,0.001099,91.656937
2,2,2,3,2,2,2,2,3,4,2,2,2,2,8,0.001099,91.658036
1,1,1,4,2,2,2,2,2,3,2,2,2,2,8,0.001099,91.659134
2,2,2,2,2,2,2,2,2,0,2,2,1,2,8,0.001099,91.660233
0,0,0,3,2,2,2,4,2,4,2,2,2,2,8,0.001099,91.661332
3,2,2,2,2,2,1,2,2,2,4,2,2,2,8,0.001099,91.662431
2,2,1,2,0,0,0,4,3,2,2,2,2,2,8,0.001099,91.663530
0,1,2,2,3,2,2,2,2,2,1,2,1,2,8,0.001099,91.664629
2,2,2,0,2,2,2,4,2,1,1,2,2,2,8,0.001099,91.665728
2,3,3,4,2,2,2,2,2,3,2,2,2,2,8,0.001099,91.666827
2,2,2,4,2,2,2,2,3,2,4,3,2,2,8,0.001099,91.667926
0,0,1,2,3,2,4,2,2,2,2,2,2,2,8,0.001099,91.669025
2,2,2,3,4,2,4,4,2,4,2,2,2,2,8,0.001099,91.670124
0,0,0,2,2,0,3,4,1,2,2,2,2,2,8,0.001099,91.671223
0,1,2,4,4,3,2,2,2,4,2,2,2,2,8,0.001099,91.672322
2,1,1,2,0,0,0,4,2,2,2,2,2,2,8,0.001099,91.673420
0,1,2,2,4,3,4,4,2,2,2,2,2,2,8,0.001099,91.674519
2,2,2,2,2,2,2,2,3,2,3,2,4,2,8,0.001099,91.675618
2,2,2,2,3,3,2,2,3,2,2,2,2,2,8,0.001099,91.676717
2,1,2,4,2,3,2,2,2,4,2,2,2,2,8,0.001099,91.677816
1,0,2,3,2,2,2,2,2,4,2,2,2,2,8,0.001099,91.678915
1,2,2,2,4,2,3,2,2,2,2,3,2,2,8,0.001099,91.680014
1,2,2,2,3,2,3,4,2,2,4,2,2,2,8,0.001099,91.681113
2,0,1,2,2,2,2,2,2,2,2,2,1,2,8,0.001099,91.682212
0,0,1,2,2,2,3,2,2,2,2,2,2,2,8,0.001099,91.683311
0,0,0,0,2,2,2,4,2,1,2,2,2,1,8,0.001099,91.684410
2,2,2,2,3,2,3,2,2,3,2,2,2,2,8,0.001099,91.685509
1,1,2,2,2,2,2,2,1,2,2,2,2,1,8,0.001099,91.686608
1,2,2,2,2,1,3,2,2,2,2,2,2,2,8,0.001099,91.687707
2,2,1,2,2,1,2,2,2,1,2,2,2,2,8,0.001099,91.688805
3,2,2,2,2,1,2,4,2,2,2,2,2,2,8,0.001099,91.689904
1,0,2,2,2,2,2,2,2,2,1,2,1,2,8,0.001099,91.691003
2,2,2,1,2,2,2,2,0,2,0,2,2,2,8,0.001099,91.692102
2,2,2,4,2,2,2,2,4,4,2,2,1,2,8,0.001099,91.693201
2,2,2,1,2,3,2,2,1,1,2,2,2,2,8,0.001099,91.694300
0,1,1,2,2,2,2,2,3,2,2,2,2,2,8,0.001099,91.695399
2,4,4,3,2,2,2,2,2,2,2,2,2,2,8,0.001099,91.696498
0,1,2,2,3,2,2,4,2,2,1,2,2,2,8,0.001099,91.697597
2,2,2,4,3,2,3,3,2,4,2,2,2,2,8,0.001099,91.698696
1,2,1,2,2,2,2,2,2,2,3,2,2,2,8,0.001099,91.699795
0,0,0,4,2,0,4,4,2,4,2,4,2,2,8,0.001099,91.700894
2,2,2,2,3,2,3,4,2,2,2,2,2,1,8,0.001099,91.701993
4,4,4,4,2,2,2,2,2,4,2,2,2,2,8,0.001099,91.703092
2,1,0,2,0,0,0,2,2,2,3,2,2,2,8,0.001099,91.704190
2,2,2,4,2,2,2,2,2,4,2,2,1,4,8,0.001099,91.705289
0,0,1,2,4,2,4,4,2,2,2,2,2,1,8,0.001099,91.706388
2,1,0,2,0,0,0,3,4,2,2,2,2,2,8,0.001099,91.707487
2,2,3,2,2,2,2,2,2,2,2,4,2,2,8,0.001099,91.708586
0,0,0,2,2,2,2,4,2,2,1,2,2,1,8,0.001099,91.709685
2,2,2,4,2,1,2,2,4,4,2,2,2,2,8,0.001099,91.710784
1,2,2,1,2,2,2,2,2,1,0,2,2,2,8,0.001099,91.711883
2,0,0,1,0,0,0,2,2,1,1,2,2,2,8,0.001099,91.712982
1,2,2,2,4,2,2,2,2,3,2,2,2,2,8,0.001099,91.714081
2,2,2,3,2,2,2,2,2,2,2,4,2,4,8,0.001099,91.715180
2,0,0,2,0,0,0,2,2,2,2,2,1,2,8,0.001099,91.716279
1,1,2,2,2,2,2,2,1,2,1,2,2,2,8,0.001099,91.717378
2,2,2,2,2,1,2,2,2,3,2,2,2,2,8,0.001099,91.718477
0,0,1,2,4,2,3,3,2,2,2,2,2,2,8,0.001099,91.719575
1,2,2,4,2,2,3,2,2,4,2,4,2,2,8,0.001099,91.720674
0,0,0,2,4,2,4,4,1,1,2,2,2,2,8,0.001099,91.721773
1,0,1,2,2,2,2,1,2,2,2,2,2,2,8,0.001099,91.722872
2,3,2,2,2,2,3,4,2,2,3,2,2,2,8,0.001099,91.723971
0,0,0,4,2,2,2,2,2,4,2,2,1,2,8,0.001099,91.725070
2,2,2,2,2,2,2,3,3,2,4,2,2,2,8,0.001099,91.726169
1,2,2,2,2,2,3,3,1,2,2,2,2,2,8,0.001099,91.727268
2,2,2,2,4,2,3,2,0,2,2,2,2,2,8,0.001099,91.728367
2,4,4,2,2,2,2,2,2,2,1,2,2,2,8,0.001099,91.729466
0,1,2,2,3,2,3,2,2,2,2,2,2,1,8,0.001099,91.730565
2,2,2,2,2,3,2,2,2,2,2,2,1,0,8,0.001099,91.731664
2,2,2,2,2,2,2,4,2,2,2,3,4,2,8,0.001099,91.732763
0,0,0,2,2,2,3,4,2,2,3,2,2,2,8,0.001099,91.733862
4,4,2,2,2,0,2,4,2,2,2,2,2,2,8,0.001099,91.734960
0,1,2,4,4,4,2,2,2,4,2,2,2,2,8,0.001099,91.736059
0,0,0,2,3,2,2,4,1,2,2,2,2,2,8,0.001099,91.737158
3,4,4,2,2,2,2,2,2,2,3,2,2,2,8,0.001099,91.738257
2,2,2,3,2,2,2,2,2,2,2,4,3,2,8,0.001099,91.739356
0,0,0,2,2,2,2,2,1,1,2,2,2,2,8,0.001099,91.740455
0,0,0,2,3,2,3,4,0,2,2,2,2,2,8,0.001099,91.741554
2,2,2,4,2,2,2,2,3,3,2,4,2,2,8,0.001099,91.742653
2,2,2,2,2,1,2,2,3,2,4,2,2,2,8,0.001099,91.743752
2,2,2,2,3,2,3,3,0,2,2,2,2,2,8,0.001099,91.744851
0,0,1,2,2,3,2,2,2,3,2,2,2,2,8,0.001099,91.745950
2,2,2,4,2,1,2,3,2,4,2,2,2,2,8,0.001099,91.747049
0,0,1,3,2,2,2,2,2,4,1,2,2,2,8,0.001099,91.748148
2,2,2,4,2,2,2,2,2,3,2,3,4,2,8,0.001099,91.749247
2,1,1,2,1,2,2,4,2,2,1,2,2,2,8,0.001099,91.750345
2,2,2,1,2,2,2,2,2,1,2,2,4,2,8,0.001099,91.751444
2,2,2,4,3,2,3,2,2,4,2,3,2,2,8,0.001099,91.752543
0,2,2,2,4,2,3,4,2,2,2,3,2,2,8,0.001099,91.753642
3,2,2,2,2,2,2,2,2,2,2,2,3,2,8,0.001099,91.754741
0,0,1,2,3,2,2,2,2,2,2,2,1,2,8,0.001099,91.755840
2,1,0,2,0,0,2,4,2,2,2,2,2,2,8,0.001099,91.756939
0,0,0,0,4,2,4,4,0,1,1,2,2,2,8,0.001099,91.758038
0,0,0,2,2,2,2,3,3,2,2,2,2,2,8,0.001099,91.759137
2,2,2,2,2,2,4,2,2,2,2,2,3,2,8,0.001099,91.760236
2,2,2,4,2,2,2,4,2,4,3,4,2,2,8,0.001099,91.761335
2,1,1,2,2,2,2,2,2,2,2,3,2,2,8,0.001099,91.762434
0,2,2,1,4,2,4,4,2,2,2,2,2,2,8,0.001099,91.763533
1,2,2,2,2,3,2,2,2,2,2,2,2,1,8,0.001099,91.764632
2,2,2,4,2,2,2,2,4,4,2,2,2,3,8,0.001099,91.765730
2,2,2,2,2,2,2,3,2,1,2,2,4,2,8,0.001099,91.766829
0,2,2,3,4,2,2,2,2,4,2,2,2,2,8,0.001099,91.767928
2,2,2,2,3,2,2,3,2,2,2,2,1,2,8,0.001099,91.769027
2,1,1,2,0,2,2,2,2,2,1,2,2,2,8,0.001099,91.770126
2,3,2,2,2,2,2,3,1,2,2,2,2,2,8,0.001099,91.771225
2,2,2,3,3,2,3,2,2,3,2,2,2,2,8,0.001099,91.772324
0,1,2,4,3,2,2,2,2,4,2,4,2,2,8,0.001099,91.773423
0,0,0,2,2,2,2,3,2,1,2,2,2,2,8,0.001099,91.774522
2,2,2,3,2,2,2,2,2,4,2,4,2,2,8,0.001099,91.775621
2,2,2,3,2,2,2,2,2,4,2,2,1,1,8,0.001099,91.776720
0,0,0,4,2,2,2,2,2,4,1,4,2,2,8,0.001099,91.777819
2,2,2,2,2,2,2,4,1,2,2,2,1,1,8,0.001099,91.778918
2,2,2,2,3,2,2,4,2,2,2,3,2,2,8,0.001099,91.780017
2,2,2,2,2,4,2,2,2,1,3,2,2,2,8,0.001099,91.781115
0,2,2,2,4,2,4,4,1,2,1,2,2,2,8,0.001099,91.782214
0,1,2,2,2,2,3,3,2,2,2,2,2,2,8,0.001099,91.783313
3,2,2,2,0,2,0,4,2,2,2,2,2,2,8,0.001099,91.784412
1,2,2,2,3,3,2,2,2,3,2,2,2,2,8,0.001099,91.785511
2,2,2,2,2,3,2,2,2,2,2,2,2,0,8,0.001099,91.786610
1,0,0,2,2,2,2,2,2,2,2,2,4,2,8,0.001099,91.787709
1,0,0,2,2,2,2,2,2,2,2,2,2,1,8,0.001099,91.788808
2,2,2,1,2,0,2,4,2,1,2,2,2,2,8,0.001099,91.789907
2,2,2,3,2,2,2,4,2,2,4,3,2,2,8,0.001099,91.791006
0,0,0,3,2,2,2,2,2,2,2,2,4,2,8,0.001099,91.792105
2,2,2,2,4,2,4,4,2,2,2,2,1,2,8,0.001099,91.793204
1,2,2,1,2,2,3,4,2,2,2,2,2,2,8,0.001099,91.794303
2,2,2,1,2,2,1,2,2,2,2,2,2,2,8,0.001099,91.795402
2,2,2,1,1,2,2,2,2,1,2,2,2,2,8,0.001099,91.796500
0,1,2,2,2,2,2,2,2,4,2,2,2,2,8,0.001099,91.797599
0,0,2,2,4,2,4,3,2,2,2,2,2,2,8,0.001099,91.798698
2,2,1,2,0,0,0,2,2,1,2,2,2,2,8,0.001099,91.799797
1,2,2,2,2,2,3,3,2,2,2,2,2,1,8,0.001099,91.800896
2,1,1,2,0,2,1,2,2,2,1,2,2,2,8,0.001099,91.801995
2,2,2,2,2,4,1,1,2,2,2,2,2,2,8,0.001099,91.803094
2,3,3,2,2,2,2,2,2,1,2,2,2,2,8,0.001099,91.804193
2,2,2,2,3,2,2,3,0,2,2,2,2,2,8,0.001099,91.805292
2,2,2,2,3,2,3,4,2,2,2,3,2,2,8,0.001099,91.806391
2,2,2,2,4,4,2,3,2,2,2,2,2,2,8,0.001099,91.807490
0,1,2,1,2,2,2,2,2,2,1,2,2,2,8,0.001099,91.808589
2,2,2,1,2,2,2,2,1,1,1,2,1,2,8,0.001099,91.809688
2,2,2,2,2,2,2,2,2,2,3,2,3,3,8,0.001099,91.810787
2,2,2,4,3,2,4,3,2,2,4,2,2,2,8,0.001099,91.811885
2,2,2,2,2,2,2,2,2,3,2,2,1,1,8,0.001099,91.812984
2,2,2,1,4,2,4,3,2,1,2,2,2,2,8,0.001099,91.814083
0,0,0,2,3,2,4,4,1,2,0,2,2,2,8,0.001099,91.815182
2,2,2,2,2,2,2,2,0,2,2,4,2,2,8,0.001099,91.816281
2,2,2,3,2,2,2,3,4,3,2,2,2,2,8,0.001099,91.817380
1,2,2,2,4,2,2,3,1,2,2,2,2,2,8,0.001099,91.818479
2,2,2,0,2,2,2,2,0,0,1,2,2,2,8,0.001099,91.819578
2,2,2,2,2,2,2,3,2,2,1,2,2,1,8,0.001099,91.820677
1,2,2,3,2,2,3,2,2,2,2,2,2,2,8,0.001099,91.821776
1,2,2,2,3,2,2,4,1,2,2,2,2,2,8,0.001099,91.822875
0,0,2,2,2,2,2,2,0,2,2,2,2,2,8,0.001099,91.823974
1,2,2,4,2,2,2,2,2,4,3,4,2,2,8,0.001099,91.825073
2,2,2,4,2,2,2,1,2,2,4,2,2,2,8,0.001099,91.826172
2,4,4,2,2,2,3,2,2,2,2,2,2,2,8,0.001099,91.827270
0,1,2,4,4,2,3,2,2,4,2,2,2,2,8,0.001099,91.828369
1,1,2,1,2,2,2,2,2,1,2,2,2,1,8,0.001099,91.829468
2,2,2,2,1,2,2,2,2,2,0,2,2,2,8,0.001099,91.830567
2,2,2,2,2,2,2,2,0,2,2,2,1,1,8,0.001099,91.831666
0,0,0,4,2,2,4,4,2,4,2,3,2,2,8,0.001099,91.832765
2,2,2,2,4,2,3,3,1,2,2,2,2,2,8,0.001099,91.833864
4,4,2,2,2,2,2,4,2,2,2,2,2,2,8,0.001099,91.834963
0,0,0,2,4,2,4,4,2,2,4,2,2,2,8,0.001099,91.836062
0,0,0,2,2,2,2,2,0,2,2,4,2,2,8,0.001099,91.837161
1,2,1,2,2,1,3,4,2,2,2,2,2,2,8,0.001099,91.838260
0,0,0,4,2,2,2,2,2,4,4,2,2,2,7,0.000962,91.839221
2,2,2,4,2,4,2,2,2,3,3,2,2,2,7,0.000962,91.840183
2,2,2,2,2,2,2,3,0,2,1,2,2,2,7,0.000962,91.841144
4,2,2,2,0,0,1,4,2,2,2,2,2,2,7,0.000962,91.842106
2,2,2,2,0,0,1,2,2,2,2,2,4,2,7,0.000962,91.843068
2,0,0,2,0,0,0,2,4,2,3,2,2,2,7,0.000962,91.844029
2,2,2,3,2,0,2,2,2,2,2,2,2,2,7,0.000962,91.844991
2,0,0,2,1,2,2,2,2,2,1,2,2,2,7,0.000962,91.845952
2,2,2,2,2,2,2,2,1,2,2,2,1,0,7,0.000962,91.846914
2,2,2,1,2,2,3,2,1,1,2,2,2,2,7,0.000962,91.847875
1,2,2,2,2,2,3,2,2,2,2,2,4,2,7,0.000962,91.848837
3,2,2,2,2,2,1,2,2,2,3,2,2,2,7,0.000962,91.849798
2,2,2,3,4,2,3,2,2,3,2,2,2,2,7,0.000962,91.850760
2,2,2,3,2,2,2,2,2,2,2,4,1,2,7,0.000962,91.851722
1,2,2,2,3,2,2,2,4,2,2,2,2,2,7,0.000962,91.852683
1,0,2,2,2,2,2,4,2,2,2,2,2,2,7,0.000962,91.853645
1,2,2,0,2,2,2,2,2,1,0,2,2,2,7,0.000962,91.854606
0,1,1,2,2,2,3,4,2,2,4,2,2,2,7,0.000962,91.855568
1,1,2,3,2,2,2,2,2,4,1,2,2,2,7,0.000962,91.856529
1,0,2,2,2,2,2,1,2,2,2,2,2,2,7,0.000962,91.857491
2,0,0,2,0,0,0,2,3,2,1,2,2,2,7,0.000962,91.858453
2,2,2,2,2,2,2,4,4,2,2,2,2,3,7,0.000962,91.859414
2,2,2,3,2,4,2,2,2,2,4,2,2,2,7,0.000962,91.860376
1,2,2,2,2,2,2,2,2,2,2,3,4,2,7,0.000962,91.861337
1,2,2,2,2,2,4,4,2,2,2,2,4,2,7,0.000962,91.862299
1,2,2,3,4,2,3,2,2,3,2,2,2,2,7,0.000962,91.863260
2,1,1,2,2,2,0,2,2,2,2,2,2,2,7,0.000962,91.864222
0,1,2,2,2,3,2,2,2,2,2,2,2,1,7,0.000962,91.865183
2,2,2,2,2,1,2,3,3,2,2,2,2,2,7,0.000962,91.866145
2,2,2,2,3,2,4,2,2,2,1,2,2,2,7,0.000962,91.867107
2,2,2,2,2,2,2,2,2,3,2,4,2,2,7,0.000962,91.868068
0,2,2,2,4,2,2,2,1,2,1,2,2,2,7,0.000962,91.869030
0,2,2,2,2,2,3,2,2,2,4,2,2,2,7,0.000962,91.869991
4,2,2,2,0,1,0,4,2,2,2,2,2,2,7,0.000962,91.870953
0,0,0,0,2,2,2,2,2,0,1,2,2,2,7,0.000962,91.871914
2,2,2,4,2,2,2,1,2,2,2,2,2,2,7,0.000962,91.872876
2,2,2,0,2,2,2,2,2,0,2,2,2,0,7,0.000962,91.873838
0,0,0,4,2,1,4,4,2,4,2,2,2,2,7,0.000962,91.874799
4,4,2,2,2,2,2,2,2,2,4,2,2,2,7,0.000962,91.875761
2,2,2,4,2,2,2,2,4,3,2,2,2,4,7,0.000962,91.876722
0,0,1,4,2,2,2,2,2,4,2,2,1,2,7,0.000962,91.877684
2,2,2,1,2,2,1,4,2,1,2,2,2,2,7,0.000962,91.878645
2,0,0,1,0,1,0,2,2,1,2,2,2,2,7,0.000962,91.879607
1,0,2,2,2,4,2,1,2,2,2,2,2,2,7,0.000962,91.880568
2,2,2,4,2,3,2,2,2,4,3,2,2,2,7,0.000962,91.881530
2,2,2,2,1,0,2,4,3,2,2,2,2,2,7,0.000962,91.882492
1,2,1,4,2,2,2,4,2,2,4,2,2,2,7,0.000962,91.883453
0,0,1,2,4,2,2,2,2,3,2,2,2,2,7,0.000962,91.884415
0,0,0,4,2,1,2,4,4,4,2,2,2,2,7,0.000962,91.885376
2,3,2,2,2,0,2,3,2,2,2,2,2,2,7,0.000962,91.886338
0,0,1,2,2,2,2,2,1,2,2,2,2,1,7,0.000962,91.887299
4,2,2,2,2,2,2,2,2,2,3,2,2,2,7,0.000962,91.888261
2,2,2,2,4,2,3,3,2,2,3,2,2,2,7,0.000962,91.889223
2,2,2,4,2,2,2,2,1,4,2,3,2,2,7,0.000962,91.890184
0,0,0,0,2,2,2,4,2,0,0,1,1,2,7,0.000962,91.891146
1,2,0,2,2,1,2,2,2,2,2,2,2,2,7,0.000962,91.892107
2,2,2,1,1,2,2,2,2,1,1,2,2,2,7,0.000962,91.893069
1,2,2,1,2,2,2,4,2,2,1,2,2,2,7,0.000962,91.894030
0,0,0,4,2,2,2,4,2,2,2,2,4,2,7,0.000962,91.894992
2,2,2,4,2,2,3,4,2,4,2,3,2,2,7,0.000962,91.895953
2,2,2,2,1,2,2,2,2,2,2,2,3,2,7,0.000962,91.896915
0,0,0,0,2,2,2,4,2,0,0,2,2,2,7,0.000962,91.897877
2,2,2,2,2,2,4,4,0,2,2,2,2,2,7,0.000962,91.898838
2,2,2,2,3,2,2,2,2,2,2,2,4,4,7,0.000962,91.899800
0,0,0,0,2,2,2,4,0,0,0,2,2,2,7,0.000962,91.900761
2,1,2,4,2,2,1,2,2,4,2,2,2,2,7,0.000962,91.901723
2,2,2,3,3,4,2,2,2,4,2,2,2,2,7,0.000962,91.902684
2,2,2,2,2,2,2,2,1,0,2,2,2,2,7,0.000962,91.903646
2,2,2,2,2,2,3,3,3,2,2,2,2,2,7,0.000962,91.904608
2,2,2,2,1,2,1,2,2,2,2,2,1,2,7,0.000962,91.905569
0,1,2,2,2,2,2,3,2,2,2,2,2,1,7,0.000962,91.906531
2,2,2,2,2,2,2,3,1,1,2,2,2,2,7,0.000962,91.907492
1,2,2,0,2,2,2,4,2,0,2,2,2,2,7,0.000962,91.908454
2,2,2,2,2,2,2,4,2,2,4,2,2,1,7,0.000962,91.909415
2,4,3,2,2,2,2,2,1,2,2,2,2,2,7,0.000962,91.910377
0,0,0,2,0,0,0,4,2,2,0,2,2,2,7,0.000962,91.911338
0,2,2,1,4,2,4,4,2,2,0,2,2,2,7,0.000962,91.912300
1,2,2,2,2,2,2,2,2,2,2,2,4,4,7,0.000962,91.913262
0,1,2,4,3,2,2,3,2,4,2,2,2,2,7,0.000962,91.914223
2,2,2,2,1,1,2,3,2,2,2,2,2,2,7,0.000962,91.915185
2,3,4,2,2,2,2,2,2,2,3,2,2,2,7,0.000962,91.916146
0,2,2,1,4,2,2,2,2,1,1,2,2,2,7,0.000962,91.917108
2,2,3,2,2,2,2,1,2,2,2,2,2,2,7,0.000962,91.918069
0,0,0,2,2,2,2,2,2,2,1,4,2,2,7,0.000962,91.919031
2,0,0,2,0,0,0,4,2,2,0,2,2,2,7,0.000962,91.919993
0,0,0,2,0,0,2,4,4,2,2,2,2,2,7,0.000962,91.920954
2,2,2,3,2,2,2,4,2,3,2,3,2,2,7,0.000962,91.921916
0,0,2,2,4,3,3,2,2,2,2,2,2,2,7,0.000962,91.922877
2,2,2,2,2,1,2,2,2,2,2,3,2,2,7,0.000962,91.923839
2,2,2,2,3,2,2,2,2,2,1,2,4,2,7,0.000962,91.924800
2,2,2,4,2,2,2,2,4,2,4,2,2,4,7,0.000962,91.925762
2,4,3,2,2,2,2,2,2,2,1,2,2,2,7,0.000962,91.926723
0,0,0,2,3,2,2,2,2,2,0,2,1,2,7,0.000962,91.927685
2,2,2,1,4,3,3,2,2,1,2,2,2,2,7,0.000962,91.928647
2,2,1,2,2,0,2,4,2,2,1,2,2,2,7,0.000962,91.929608
0,0,0,4,2,2,2,2,2,4,0,2,1,2,7,0.000962,91.930570
2,2,2,3,2,2,2,4,3,2,2,2,2,2,7,0.000962,91.931531
2,2,2,3,2,2,2,2,4,2,2,4,2,2,7,0.000962,91.932493
2,2,2,0,2,2,2,2,1,0,1,2,2,2,7,0.000962,91.933454
0,2,2,2,3,2,3,2,2,2,4,2,2,2,7,0.000962,91.934416
0,0,1,1,4,2,4,4,2,1,2,2,2,2,7,0.000962,91.935378
2,1,2,3,2,3,2,2,2,3,2,2,2,2,7,0.000962,91.936339
2,2,2,2,2,2,2,3,2,2,4,3,2,2,7,0.000962,91.937301
0,1,2,4,2,3,2,2,2,4,2,2,2,2,7,0.000962,91.938262
1,0,0,2,0,2,1,4,2,2,2,2,2,2,7,0.000962,91.939224
2,0,0,2,1,2,1,4,2,2,2,2,2,2,7,0.000962,91.940185
2,2,2,4,4,2,2,2,2,4,2,3,2,2,7,0.000962,91.941147
0,2,2,3,4,2,3,2,2,3,2,2,2,2,7,0.000962,91.942108
2,1,0,2,2,1,2,3,2,2,2,2,2,2,7,0.000962,91.943070
2,2,2,2,4,2,3,4,2,2,4,2,2,2,7,0.000962,91.944032
2,2,2,3,2,2,3,4,2,2,2,3,2,2,7,0.000962,91.944993
2,2,2,4,2,0,2,4,2,4,4,2,2,2,7,0.000962,91.945955
0,1,2,4,4,2,2,2,2,4,2,4,2,2,7,0.000962,91.946916
2,2,2,2,2,2,2,2,4,2,4,2,2,4,7,0.000962,91.947878
0,2,2,1,2,2,3,4,2,1,2,2,2,2,7,0.000962,91.948839
0,2,2,3,3,2,3,2,2,3,2,2,2,2,7,0.000962,91.949801
0,2,2,2,3,2,4,3,2,2,4,2,2,2,7,0.000962,91.950763
4,2,2,2,2,2,2,2,2,2,4,2,2,2,7,0.000962,91.951724
2,2,1,2,0,0,0,2,2,2,2,2,2,1,7,0.000962,91.952686
0,2,2,2,2,2,3,2,2,2,3,2,2,2,7,0.000962,91.953647
0,0,1,1,2,2,2,2,2,2,0,2,2,2,7,0.000962,91.954609
2,2,2,2,2,4,2,2,2,2,2,2,1,1,7,0.000962,91.955570
0,1,2,2,4,2,3,2,2,2,1,2,2,2,7,0.000962,91.956532
0,0,0,4,2,2,2,2,2,4,4,4,2,2,7,0.000962,91.957493
2,2,2,2,3,2,2,4,2,2,0,2,2,2,7,0.000962,91.958455
2,2,2,2,2,3,2,2,2,0,2,2,2,2,7,0.000962,91.959417
0,0,0,0,2,2,2,4,0,1,0,2,2,1,7,0.000962,91.960378
1,2,1,2,2,2,2,4,1,2,2,2,2,2,7,0.000962,91.961340
1,2,2,4,2,2,2,2,2,2,3,2,2,2,7,0.000962,91.962301
3,4,4,2,2,3,2,2,2,2,2,2,2,2,7,0.000962,91.963263
1,1,2,2,2,2,2,4,2,2,2,2,2,1,7,0.000962,91.964224
1,0,0,2,1,0,2,3,2,2,2,2,2,2,7,0.000962,91.965186
1,1,2,4,2,2,2,2,2,4,1,2,2,2,7,0.000962,91.966148
2,2,2,2,1,1,1,2,3,2,2,2,2,2,7,0.000962,91.967109
0,0,2,4,2,4,2,2,2,4,2,2,2,2,7,0.000962,91.968071
2,2,2,2,0,2,2,2,2,2,0,2,2,2,7,0.000962,91.969032
0,0,2,2,3,2,2,2,2,1,2,2,2,2,7,0.000962,91.969994
1,0,0,2,2,2,2,2,3,2,2,2,2,2,7,0.000962,91.970955
1,2,2,4,3,2,4,3,2,4,2,2,2,2,7,0.000962,91.971917
2,2,2,4,2,2,3,4,2,4,4,2,2,2,7,0.000962,91.972878
2,2,2,2,0,2,0,2,2,2,2,2,4,2,7,0.000962,91.973840
1,2,2,0,2,2,2,2,2,0,2,2,2,1,7,0.000962,91.974802
1,2,1,1,2,2,2,2,2,2,2,2,2,2,7,0.000962,91.975763
2,2,2,1,2,2,2,4,1,2,2,2,2,2,7,0.000962,91.976725
2,2,2,2,1,0,1,2,4,2,2,2,2,2,7,0.000962,91.977686
1,1,2,4,2,2,2,2,2,4,4,2,2,2,7,0.000962,91.978648
1,0,2,2,2,2,2,2,1,2,2,2,2,2,7,0.000962,91.979609
2,2,2,4,2,2,2,2,3,2,4,4,2,2,7,0.000962,91.980571
0,0,2,2,4,4,4,4,2,2,2,2,2,2,7,0.000962,91.981533
0,0,2,2,4,2,2,2,2,1,2,2,2,2,7,0.000962,91.982494
2,1,2,0,2,2,2,2,2,0,2,2,2,2,7,0.000962,91.983456
2,2,2,4,4,2,2,2,2,2,4,2,2,2,7,0.000962,91.984417
1,0,0,2,1,1,1,2,2,2,2,2,2,2,7,0.000962,91.985379
2,2,2,3,2,1,2,3,2,2,2,2,2,2,7,0.000962,91.986340
2,2,2,2,0,2,1,4,2,2,1,2,2,2,7,0.000962,91.987302
2,2,2,2,0,2,0,4,2,2,1,2,2,2,7,0.000962,91.988263
0,0,0,1,4,2,2,4,2,2,0,2,2,2,7,0.000962,91.989225
2,2,2,2,0,1,0,2,2,2,4,2,2,2,7,0.000962,91.990187
1,2,2,4,2,2,2,2,2,3,3,2,2,2,7,0.000962,91.991148
0,0,0,4,2,1,2,2,2,4,2,2,2,2,7,0.000962,91.992110
0,0,0,2,1,2,1,2,2,2,2,2,2,2,7,0.000962,91.993071
0,0,0,0,2,2,2,4,2,0,1,2,2,2,7,0.000962,91.994033
0,0,0,2,2,0,2,4,2,2,2,3,2,2,7,0.000962,91.994994
0,0,0,4,4,2,4,4,2,4,2,4,2,2,7,0.000962,91.995956
2,4,4,2,2,2,2,2,2,2,3,2,2,2,7,0.000962,91.996918
2,2,2,4,2,2,2,4,2,4,4,4,2,4,7,0.000962,91.997879
2,1,2,2,2,4,2,2,2,2,2,2,2,1,7,0.000962,91.998841
0,0,2,4,3,4,2,2,2,4,2,2,2,2,7,0.000962,91.999802
2,2,2,2,3,2,4,4,4,2,2,2,2,2,7,0.000962,92.000764
0,1,1,2,4,2,4,4,2,1,2,2,2,2,7,0.000962,92.001725
0,1,2,4,2,2,2,4,2,4,2,4,2,2,7,0.000962,92.002687
2,2,2,2,2,2,2,4,2,2,1,2,4,2,7,0.000962,92.003648
1,2,2,1,4,2,2,2,2,2,0,2,2,2,7,0.000962,92.004610
0,1,2,4,4,2,4,3,2,4,2,2,2,2,7,0.000962,92.005572
2,2,2,1,3,2,3,2,2,1,2,2,2,1,7,0.000962,92.006533
2,2,2,2,2,2,1,2,2,2,2,3,2,2,7,0.000962,92.007495
1,0,0,2,2,0,2,3,2,2,2,2,2,2,7,0.000962,92.008456
1,1,2,4,2,2,2,2,2,4,2,2,4,2,7,0.000962,92.009418
2,0,2,4,2,2,2,2,2,4,2,2,2,2,7,0.000962,92.010379
2,2,2,2,2,2,2,2,3,2,3,2,2,3,7,0.000962,92.011341
2,2,2,2,0,1,0,2,2,2,3,2,2,2,7,0.000962,92.012303
0,0,0,2,1,2,2,4,2,2,1,2,2,2,7,0.000962,92.013264
0,2,2,2,4,2,4,3,2,2,1,2,2,2,7,0.000962,92.014226
0,1,2,2,4,4,2,2,2,3,2,2,2,2,7,0.000962,92.015187
2,2,2,4,0,1,0,2,2,4,2,2,2,2,7,0.000962,92.016149
2,2,2,0,2,2,2,2,1,2,1,2,2,2,7,0.000962,92.017110
2,2,0,2,0,0,0,2,2,1,2,2,2,2,7,0.000962,92.018072
2,2,2,3,2,2,2,2,2,2,4,2,1,2,7,0.000962,92.019033
0,0,0,2,0,2,0,2,2,2,1,2,2,2,7,0.000962,92.019995
0,0,1,2,4,4,2,2,2,2,2,2,2,2,7,0.000962,92.020957
0,2,2,4,4,2,3,4,2,4,2,2,2,2,7,0.000962,92.021918
0,0,0,2,2,1,4,4,0,2,2,2,2,2,7,0.000962,92.022880
2,2,2,2,4,4,4,3,2,2,2,2,2,2,7,0.000962,92.023841
0,1,2,2,4,3,4,2,2,2,2,2,2,2,7,0.000962,92.024803
0,2,2,1,4,2,4,4,2,0,2,2,2,2,7,0.000962,92.025764
0,0,0,2,2,2,2,4,2,2,0,3,2,2,7,0.000962,92.026726
1,2,1,2,2,2,2,2,2,2,0,2,2,2,7,0.000962,92.027687
1,1,2,1,2,2,2,2,2,2,2,2,2,1,7,0.000962,92.028649
0,0,1,2,2,3,2,2,1,2,2,2,2,2,7,0.000962,92.029611
2,0,0,2,0,2,0,2,2,2,2,2,2,1,7,0.000962,92.030572
2,2,2,2,2,2,2,2,2,2,4,2,3,3,7,0.000962,92.031534
2,2,2,2,2,2,4,2,2,2,2,2,4,2,7,0.000962,92.032495
0,1,1,2,4,2,2,4,2,2,2,2,2,2,7,0.000962,92.033457
2,3,2,4,2,2,2,2,2,3,4,2,2,2,7,0.000962,92.034418
0,0,0,2,2,0,2,4,2,2,3,2,2,2,7,0.000962,92.035380
0,2,2,1,2,2,4,4,2,1,2,2,2,2,7,0.000962,92.036342
1,2,2,3,2,2,2,3,2,4,2,2,2,2,7,0.000962,92.037303
2,2,2,1,2,2,2,4,0,2,0,2,2,2,7,0.000962,92.038265
2,2,1,2,0,2,2,2,2,2,1,2,2,2,7,0.000962,92.039226
2,2,2,2,2,2,2,4,2,2,3,2,1,2,7,0.000962,92.040188
2,3,3,2,3,2,2,2,2,2,4,2,2,2,7,0.000962,92.041149
0,0,0,4,2,0,2,4,4,4,2,4,2,2,7,0.000962,92.042111
2,2,2,4,2,2,2,3,2,4,2,2,4,2,7,0.000962,92.043072
0,0,1,2,4,2,4,4,2,2,0,2,2,2,7,0.000962,92.044034
2,2,2,2,2,2,2,4,0,2,2,2,2,1,7,0.000962,92.044996
0,0,0,1,3,2,4,4,2,2,0,2,2,2,7,0.000962,92.045957
0,2,0,2,2,1,4,4,2,2,2,2,2,2,7,0.000962,92.046919
2,2,2,2,3,2,4,2,2,2,2,3,2,2,7,0.000962,92.047880
2,2,2,2,4,3,4,3,2,2,2,2,2,2,7,0.000962,92.048842
2,2,2,2,4,2,2,3,0,2,2,2,2,2,7,0.000962,92.049803
1,1,2,4,2,2,2,2,2,3,2,3,2,2,7,0.000962,92.050765
2,2,2,2,2,2,2,3,1,2,4,2,2,2,7,0.000962,92.051727
0,0,0,0,2,2,2,4,0,2,0,2,2,2,7,0.000962,92.052688
2,3,2,2,2,2,2,3,2,2,3,2,2,2,7,0.000962,92.053650
2,2,2,2,2,2,2,2,1,3,1,2,2,2,7,0.000962,92.054611
1,2,2,2,2,2,3,3,2,2,2,2,4,2,7,0.000962,92.055573
0,0,0,2,4,3,4,4,2,2,2,2,2,2,7,0.000962,92.056534
2,2,2,3,2,3,2,2,1,3,2,2,2,2,7,0.000962,92.057496
3,2,4,2,2,2,2,2,2,2,2,2,2,2,7,0.000962,92.058457
0,1,2,2,3,4,2,2,2,2,2,2,2,1,7,0.000962,92.059419
2,2,2,2,2,2,3,2,2,1,3,2,2,2,7,0.000962,92.060381
0,0,0,4,4,2,4,4,2,3,2,2,2,2,7,0.000962,92.061342
0,1,2,2,4,4,2,3,2,2,2,2,2,2,7,0.000962,92.062304
2,2,2,4,2,2,2,2,3,2,3,2,2,2,7,0.000962,92.063265
2,2,2,2,0,0,1,2,2,2,4,2,2,2,7,0.000962,92.064227
1,2,2,4,2,2,2,2,2,4,4,4,2,2,7,0.000962,92.065188
2,2,2,1,0,0,0,2,2,1,2,2,2,2,7,0.000962,92.066150
2,2,2,3,2,2,2,2,2,3,2,2,1,1,7,0.000962,92.067112
2,2,2,2,0,2,1,2,2,1,2,2,2,2,7,0.000962,92.068073
2,2,2,2,2,2,2,1,2,2,2,2,1,1,7,0.000962,92.069035
0,0,0,2,4,2,4,4,1,2,2,2,2,1,7,0.000962,92.069996
1,1,2,2,2,2,2,2,2,3,1,2,2,2,7,0.000962,92.070958
0,0,1,2,2,2,2,4,2,1,2,2,2,2,7,0.000962,92.071919
2,0,0,2,0,0,0,3,3,2,2,2,2,2,7,0.000962,92.072881
2,1,1,2,1,0,1,2,2,2,2,2,2,2,7,0.000962,92.073842
0,1,1,2,2,2,3,4,2,2,1,2,2,2,7,0.000962,92.074804
2,2,2,2,1,2,0,2,2,2,3,2,2,2,7,0.000962,92.075766
0,0,0,0,4,2,4,4,0,0,0,2,2,2,7,0.000962,92.076727
1,2,2,2,2,2,2,4,1,2,1,2,2,2,7,0.000962,92.077689
0,0,1,2,3,2,2,3,2,2,1,2,2,2,7,0.000962,92.078650
2,2,1,2,1,0,1,4,2,2,2,2,2,2,7,0.000962,92.079612
3,2,2,3,2,2,2,2,2,2,3,2,2,2,7,0.000962,92.080573
0,0,0,4,4,2,4,4,2,2,2,2,2,2,7,0.000962,92.081535
2,2,2,2,2,2,2,2,3,2,3,2,2,4,7,0.000962,92.082497
2,4,4,2,4,2,4,4,2,2,2,2,2,4,7,0.000962,92.083458
2,2,2,3,2,2,2,2,2,2,3,2,2,3,7,0.000962,92.084420
1,2,2,4,2,2,2,2,4,4,2,2,2,2,7,0.000962,92.085381
2,2,2,0,2,2,2,2,2,1,0,2,2,1,7,0.000962,92.086343
2,2,2,2,2,2,2,2,2,2,1,2,2,4,7,0.000962,92.087304
0,2,1,2,2,2,3,4,2,2,1,2,2,2,7,0.000962,92.088266
0,0,0,1,2,2,2,2,1,2,0,2,2,2,7,0.000962,92.089227
0,0,0,2,2,2,2,4,1,2,2,4,2,2,7,0.000962,92.090189
2,2,2,4,2,2,2,2,4,2,4,2,4,2,7,0.000962,92.091151
2,2,2,2,4,3,3,2,2,2,3,2,2,2,7,0.000962,92.092112
2,2,2,1,2,2,2,1,2,1,2,2,1,2,7,0.000962,92.093074
1,0,2,1,2,2,2,2,2,1,2,2,2,2,7,0.000962,92.094035
0,0,0,3,2,2,2,2,2,3,2,3,2,2,7,0.000962,92.094997
0,0,0,4,2,2,2,3,2,2,4,2,2,2,7,0.000962,92.095958
2,2,2,3,2,2,2,2,2,2,2,3,3,2,7,0.000962,92.096920
2,2,2,2,2,2,3,3,2,2,2,2,1,2,7,0.000962,92.097882
2,2,2,3,4,2,4,2,2,2,4,2,2,2,7,0.000962,92.098843
0,0,0,2,2,2,2,4,0,2,2,2,2,1,7,0.000962,92.099805
0,1,2,2,3,4,2,2,1,2,2,2,2,2,7,0.000962,92.100766
1,2,2,2,4,4,2,2,2,1,2,2,2,2,7,0.000962,92.101728
2,3,3,3,2,2,2,2,2,2,3,2,2,2,7,0.000962,92.102689
2,1,1,2,0,2,1,4,2,2,2,2,2,2,7,0.000962,92.103651
3,4,2,2,2,1,2,2,2,2,2,2,2,2,7,0.000962,92.104612
0,0,0,4,2,0,2,4,4,4,2,2,2,2,7,0.000962,92.105574
2,2,2,4,2,2,2,3,2,4,1,2,2,2,7,0.000962,92.106536
2,2,2,2,2,2,2,2,2,3,1,4,2,2,7,0.000962,92.107497
2,2,2,4,3,2,3,2,2,3,2,2,2,2,7,0.000962,92.108459
2,2,1,2,1,0,2,2,4,2,2,2,2,2,7,0.000962,92.109420
2,2,2,2,2,2,2,4,2,1,2,2,1,2,7,0.000962,92.110382
2,3,3,2,2,2,2,2,2,2,2,2,2,4,7,0.000962,92.111343
0,0,0,2,3,2,4,4,1,2,2,2,4,2,7,0.000962,92.112305
4,2,2,2,1,0,2,2,2,2,2,2,2,2,7,0.000962,92.113267
2,2,1,2,2,2,2,4,2,2,1,2,2,2,7,0.000962,92.114228
0,0,0,2,4,2,4,4,0,2,0,2,2,1,7,0.000962,92.115190
4,3,3,2,2,2,2,2,2,2,4,2,2,2,7,0.000962,92.116151
1,2,2,2,3,2,3,3,2,2,4,2,2,2,7,0.000962,92.117113
0,0,2,2,4,4,3,2,2,2,2,2,2,2,7,0.000962,92.118074
1,2,2,2,4,2,4,2,2,2,2,4,2,2,7,0.000962,92.119036
0,1,1,2,4,2,4,4,2,2,2,2,2,1,7,0.000962,92.119997
2,2,2,2,2,2,2,4,2,1,2,2,4,2,7,0.000962,92.120959
4,2,2,2,0,0,0,2,4,2,2,2,2,2,7,0.000962,92.121921
2,2,2,4,2,2,2,2,2,3,3,2,4,2,7,0.000962,92.122882
2,0,0,2,0,2,1,3,2,2,2,2,2,2,7,0.000962,92.123844
2,2,2,0,2,2,2,2,1,0,1,2,1,2,7,0.000962,92.124805
0,1,1,4,2,2,3,4,2,2,4,2,2,2,7,0.000962,92.125767
2,2,2,2,2,2,2,3,4,2,2,2,2,4,7,0.000962,92.126728
0,2,2,2,3,2,4,2,2,2,4,2,2,2,7,0.000962,92.127690
2,2,1,1,2,2,2,2,2,2,2,2,2,2,7,0.000962,92.128652
2,1,2,1,2,2,1,2,2,1,2,2,2,2,7,0.000962,92.129613
1,1,2,4,2,2,2,2,2,4,3,2,2,2,7,0.000962,92.130575
1,2,2,2,3,2,4,2,2,2,3,2,2,2,7,0.000962,92.131536
2,2,2,2,2,2,2,4,2,2,2,4,2,4,7,0.000962,92.132498
1,2,2,2,2,3,2,2,1,2,2,2,2,2,7,0.000962,92.133459
0,0,0,4,2,2,2,4,2,2,3,2,2,2,7,0.000962,92.134421
0,1,1,2,2,2,2,2,2,2,2,4,2,2,7,0.000962,92.135382
0,0,1,4,3,2,2,2,2,4,2,4,2,2,7,0.000962,92.136344
2,2,2,3,2,2,2,4,2,3,2,4,2,2,7,0.000962,92.137306
2,0,0,2,0,1,0,2,2,1,2,2,2,2,7,0.000962,92.138267
4,3,2,2,2,2,2,1,2,2,2,2,2,2,7,0.000962,92.139229
0,0,0,2,4,2,4,4,2,2,1,2,4,2,7,0.000962,92.140190
1,2,1,3,2,2,2,2,2,2,2,2,2,2,7,0.000962,92.141152
1,2,2,4,2,2,2,4,2,2,4,4,2,2,7,0.000962,92.142113
0,0,0,2,2,2,4,4,2,2,2,2,2,4,7,0.000962,92.143075
2,0,0,2,1,2,0,3,2,2,2,2,2,2,7,0.000962,92.144037
1,2,2,2,3,2,3,2,0,2,2,2,2,2,7,0.000962,92.144998
2,1,1,2,0,2,1,2,4,2,2,2,2,2,7,0.000962,92.145960
2,2,2,2,1,0,1,3,2,2,2,2,2,2,7,0.000962,92.146921
0,0,0,4,2,2,3,4,2,2,4,2,2,2,7,0.000962,92.147883
1,2,2,2,2,0,3,4,2,2,2,2,2,2,7,0.000962,92.148844
0,2,2,1,4,2,2,2,2,2,1,2,2,2,7,0.000962,92.149806
2,2,2,4,2,2,2,2,2,1,4,2,2,2,7,0.000962,92.150767
2,1,1,2,0,2,1,2,2,1,2,2,2,2,7,0.000962,92.151729
1,2,2,3,4,2,2,2,2,2,2,2,2,2,7,0.000962,92.152691
2,3,4,2,4,2,4,4,2,2,2,2,2,2,7,0.000962,92.153652
0,0,1,2,4,2,2,4,2,2,1,2,2,2,7,0.000962,92.154614
1,2,1,4,2,2,2,2,2,2,4,2,2,2,7,0.000962,92.155575
2,2,2,2,0,2,0,2,2,2,3,2,2,2,7,0.000962,92.156537
0,0,0,2,1,2,2,4,2,2,0,2,2,2,7,0.000962,92.157498
2,4,2,2,2,2,3,4,2,2,2,2,2,2,7,0.000962,92.158460
2,2,2,1,3,2,2,2,2,2,2,2,2,1,7,0.000962,92.159422
1,2,2,4,3,2,2,3,2,4,2,2,2,2,7,0.000962,92.160383
2,3,4,2,4,2,2,2,2,2,2,2,2,2,7,0.000962,92.161345
2,1,1,4,2,2,2,2,2,4,2,4,2,2,7,0.000962,92.162306
0,0,0,4,2,2,2,4,2,4,1,4,1,2,7,0.000962,92.163268
0,0,0,2,2,2,2,2,2,2,1,3,2,2,7,0.000962,92.164229
0,2,1,2,2,0,3,4,2,2,2,2,2,2,7,0.000962,92.165191
2,2,2,4,3,2,4,4,2,4,4,2,2,2,7,0.000962,92.166152
2,2,2,0,2,4,2,2,2,0,2,2,2,2,7,0.000962,92.167114
1,0,0,2,0,0,0,4,3,2,2,2,2,2,7,0.000962,92.168076
0,2,2,2,4,2,4,2,2,2,1,2,2,2,7,0.000962,92.169037
2,2,2,3,2,2,3,4,2,4,2,2,2,2,7,0.000962,92.169999
2,2,2,3,4,2,3,2,2,2,4,2,2,2,7,0.000962,92.170960
2,2,2,3,2,2,2,4,4,2,4,2,2,2,7,0.000962,92.171922
0,2,2,4,2,2,3,3,2,4,2,2,2,2,7,0.000962,92.172883
3,4,2,2,2,2,2,3,2,2,2,2,2,2,7,0.000962,92.173845
0,0,2,2,4,2,2,2,2,2,1,2,1,2,7,0.000962,92.174807
0,1,1,2,2,1,2,2,2,2,2,2,2,2,7,0.000962,92.175768
2,2,2,2,2,4,2,1,2,2,4,2,2,2,7,0.000962,92.176730
2,1,0,2,0,1,1,2,2,2,2,2,2,2,7,0.000962,92.177691
0,2,2,1,4,2,3,2,2,1,2,2,2,2,7,0.000962,92.178653
1,2,2,1,3,2,4,2,2,2,2,2,2,2,7,0.000962,92.179614
2,2,2,4,3,2,2,2,2,4,3,2,2,2,7,0.000962,92.180576
2,2,2,3,2,1,2,4,2,2,4,2,2,2,7,0.000962,92.181537
2,2,2,0,2,2,2,2,1,1,0,2,1,2,7,0.000962,92.182499
2,2,2,2,2,1,2,4,2,2,2,2,2,3,7,0.000962,92.183461
2,2,2,2,2,2,2,3,2,2,3,2,2,3,7,0.000962,92.184422
0,1,1,2,2,2,2,4,4,2,2,2,2,2,7,0.000962,92.185384
0,0,0,2,2,2,3,4,2,2,2,2,1,2,7,0.000962,92.186345
0,0,0,2,4,2,2,2,2,2,2,2,4,2,7,0.000962,92.187307
2,1,2,2,2,2,2,2,2,2,0,2,1,2,7,0.000962,92.188268
0,0,0,2,3,1,4,4,1,2,2,2,2,2,7,0.000962,92.189230
3,2,2,2,0,1,0,4,2,2,2,2,2,2,7,0.000962,92.190192
0,0,0,2,2,2,2,2,1,2,1,2,2,1,7,0.000962,92.191153
2,2,2,4,4,2,2,2,2,3,2,4,2,2,7,0.000962,92.192115
2,2,2,3,2,2,2,2,2,2,2,3,2,4,7,0.000962,92.193076
0,0,2,3,4,2,2,2,2,4,2,2,2,2,7,0.000962,92.194038
1,2,2,2,2,2,4,4,2,2,2,2,3,2,7,0.000962,92.194999
0,0,0,3,2,1,2,4,2,2,2,2,2,2,7,0.000962,92.195961
2,2,2,2,2,2,2,4,2,1,2,2,3,2,7,0.000962,92.196922
2,2,2,2,2,2,3,3,2,2,2,2,3,2,7,0.000962,92.197884
2,2,2,0,3,2,3,2,2,0,2,2,2,2,7,0.000962,92.198846
0,0,0,2,2,2,3,4,2,2,2,3,2,2,7,0.000962,92.199807
2,3,3,2,2,3,2,2,2,2,2,2,2,2,7,0.000962,92.200769
2,2,2,2,3,2,4,2,2,2,2,4,2,2,7,0.000962,92.201730
2,2,2,2,1,2,2,2,2,2,2,4,2,2,7,0.000962,92.202692
2,2,2,2,2,1,2,4,0,2,2,2,2,2,7,0.000962,92.203653
2,2,2,2,2,2,2,4,2,2,0,2,2,1,7,0.000962,92.204615
2,2,2,4,2,2,0,2,2,4,2,2,2,2,7,0.000962,92.205577
1,2,2,2,4,3,4,3,2,2,2,2,2,2,7,0.000962,92.206538
2,1,2,2,2,2,2,2,2,2,2,2,1,1,7,0.000962,92.207500
1,0,0,2,0,2,2,4,2,2,1,2,2,2,7,0.000962,92.208461
1,2,2,2,3,2,3,3,1,2,2,2,2,2,7,0.000962,92.209423
4,2,2,2,1,1,1,2,2,2,2,2,2,2,7,0.000962,92.210384
2,2,2,2,3,4,2,2,1,2,2,2,2,1,7,0.000962,92.211346
2,2,2,3,2,2,2,2,2,2,2,2,3,4,7,0.000962,92.212307
0,2,2,2,4,2,4,2,2,2,4,2,2,2,7,0.000962,92.213269
0,2,2,2,4,2,4,4,4,2,2,2,2,4,7,0.000962,92.214231
1,2,2,3,2,2,2,3,2,2,4,2,2,2,7,0.000962,92.215192
0,1,0,2,2,2,2,4,2,2,2,2,4,2,7,0.000962,92.216154
1,2,2,2,4,2,4,4,2,2,0,2,2,2,7,0.000962,92.217115
2,2,2,2,2,2,2,4,1,2,2,2,4,2,7,0.000962,92.218077
2,2,2,4,2,2,4,3,2,2,4,2,2,2,7,0.000962,92.219038
1,2,2,2,4,4,3,4,2,2,2,2,2,2,7,0.000962,92.220000
2,2,2,0,2,2,2,2,1,1,1,2,2,1,7,0.000962,92.220962
1,1,2,3,2,2,2,2,2,2,2,4,2,2,7,0.000962,92.221923
2,2,2,1,3,4,2,2,2,1,2,2,2,1,7,0.000962,92.222885
1,2,2,2,4,4,2,4,2,2,2,2,2,2,7,0.000962,92.223846
2,2,2,4,2,2,2,2,2,1,4,2,2,4,7,0.000962,92.224808
2,1,2,2,2,3,2,2,2,3,2,2,2,2,7,0.000962,92.225769
0,1,2,2,4,2,3,2,2,1,2,2,2,2,7,0.000962,92.226731
0,1,2,1,4,2,4,4,2,2,2,2,2,2,7,0.000962,92.227692
0,2,2,4,2,2,2,4,2,4,2,4,2,2,7,0.000962,92.228654
2,2,2,2,2,2,2,4,2,4,2,2,2,2,7,0.000962,92.229616
2,2,2,0,2,2,2,2,2,1,2,1,2,2,7,0.000962,92.230577
3,2,2,2,1,0,1,2,2,2,2,2,2,2,7,0.000962,92.231539
1,2,2,2,4,2,4,3,2,1,2,2,2,2,7,0.000962,92.232500
3,2,2,2,2,0,2,4,2,2,2,2,2,2,7,0.000962,92.233462
2,0,0,2,0,2,0,2,2,2,2,3,2,2,7,0.000962,92.234423
0,0,2,4,3,2,2,2,2,4,2,3,2,2,7,0.000962,92.235385
0,0,1,2,2,2,2,3,2,3,2,2,2,2,7,0.000962,92.236347
2,2,2,3,2,2,2,2,4,2,2,3,2,2,7,0.000962,92.237308
3,3,2,2,2,2,2,2,2,1,2,2,2,2,7,0.000962,92.238270
2,2,2,2,2,0,2,3,2,1,2,2,2,2,7,0.000962,92.239231
2,2,2,2,1,1,1,2,2,2,2,2,4,2,7,0.000962,92.240193
1,2,2,4,4,2,4,4,2,4,2,4,2,2,7,0.000962,92.241154
2,2,2,4,0,2,0,2,2,4,2,2,2,2,7,0.000962,92.242116
0,0,0,2,2,2,2,4,4,2,2,4,2,2,7,0.000962,92.243077
2,3,2,2,2,2,2,2,2,3,2,2,2,2,7,0.000962,92.244039
2,2,2,4,2,2,2,4,2,3,4,4,2,2,7,0.000962,92.245001
2,2,2,4,2,2,2,4,2,2,3,4,2,2,7,0.000962,92.245962
2,2,2,4,2,2,2,4,2,4,4,4,4,2,7,0.000962,92.246924
0,0,2,2,2,3,2,2,1,2,2,2,2,2,7,0.000962,92.247885
0,0,0,2,0,0,0,4,2,2,1,2,2,2,7,0.000962,92.248847
2,2,2,2,2,2,2,3,4,2,4,2,2,2,7,0.000962,92.249808
0,0,0,2,2,2,2,4,1,2,2,3,2,2,7,0.000962,92.250770
0,0,0,2,0,1,0,4,2,2,2,2,2,2,7,0.000962,92.251731
0,1,2,1,3,2,2,2,2,1,1,2,2,2,7,0.000962,92.252693
2,1,1,2,0,2,0,3,2,2,2,2,2,2,7,0.000962,92.253655
1,2,2,1,4,4,3,2,2,1,2,2,2,2,7,0.000962,92.254616
2,2,2,4,2,2,2,2,2,2,2,2,4,3,7,0.000962,92.255578
0,1,1,2,2,2,2,3,1,2,2,2,2,2,7,0.000962,92.256539
2,2,4,2,4,2,2,2,2,2,2,2,2,2,7,0.000962,92.257501
2,2,2,4,2,2,2,2,2,4,4,2,2,3,7,0.000962,92.258462
2,2,2,2,2,2,2,4,2,2,4,2,3,2,7,0.000962,92.259424
2,2,2,4,2,2,2,2,2,2,4,4,3,2,7,0.000962,92.260386
1,2,2,2,2,2,3,4,0,2,2,2,2,2,7,0.000962,92.261347
3,2,0,2,0,0,0,2,2,2,2,2,2,2,7,0.000962,92.262309
0,0,0,2,2,2,2,4,2,2,0,2,2,1,7,0.000962,92.263270
2,2,2,2,2,2,2,3,2,2,4,2,3,2,7,0.000962,92.264232
2,2,2,2,2,2,3,3,2,2,1,2,2,2,7,0.000962,92.265193
0,1,2,4,4,2,4,4,2,4,2,2,2,2,7,0.000962,92.266155
2,1,2,0,2,2,2,2,2,1,1,2,2,2,7,0.000962,92.267116
2,2,2,3,2,2,2,2,0,2,4,2,2,2,7,0.000962,92.268078
0,0,0,2,4,2,3,2,2,2,1,2,2,2,7,0.000962,92.269040
2,1,2,4,2,2,2,2,2,2,4,2,2,2,6,0.000824,92.269864
1,2,2,4,2,2,2,3,2,4,2,4,2,2,6,0.000824,92.270688
0,0,0,2,2,2,2,2,2,4,1,2,2,2,6,0.000824,92.271512
2,2,2,2,2,2,2,2,2,2,0,2,3,2,6,0.000824,92.272336
1,2,2,4,2,2,2,2,2,2,2,2,4,2,6,0.000824,92.273161
0,1,2,2,2,2,2,2,2,2,2,2,3,2,6,0.000824,92.273985
1,2,1,2,2,2,2,4,2,2,1,2,2,2,6,0.000824,92.274809
0,1,2,2,2,2,2,4,2,3,2,2,2,2,6,0.000824,92.275633
2,2,2,3,2,2,2,2,2,2,4,2,2,1,6,0.000824,92.276457
2,2,2,4,4,2,3,3,2,4,2,2,2,2,6,0.000824,92.277282
0,2,2,2,3,2,3,2,2,2,2,2,2,1,6,0.000824,92.278106
2,2,2,2,2,2,2,2,1,2,2,2,2,3,6,0.000824,92.278930
0,1,2,2,4,4,4,2,2,2,2,2,2,2,6,0.000824,92.279754
2,2,2,1,0,2,0,2,2,1,2,2,2,2,6,0.000824,92.280578
1,2,1,2,2,2,2,4,2,1,2,2,2,2,6,0.000824,92.281403
2,2,2,2,1,1,1,2,4,2,2,2,2,2,6,0.000824,92.282227
2,3,3,2,2,2,3,3,2,2,2,2,2,2,6,0.000824,92.283051
0,0,0,4,2,2,2,2,2,2,2,2,4,2,6,0.000824,92.283875
1,2,2,2,4,2,4,3,2,2,2,2,2,1,6,0.000824,92.284699
1,1,0,2,2,2,2,4,2,2,1,2,2,2,6,0.000824,92.285524
1,2,2,4,3,2,4,4,2,2,2,2,2,2,6,0.000824,92.286348
2,2,1,2,1,1,1,4,2,2,2,2,2,2,6,0.000824,92.287172
2,2,2,3,3,2,2,4,2,2,4,2,2,2,6,0.000824,92.287996
2,0,0,2,1,1,1,4,2,2,2,2,2,2,6,0.000824,92.288820
2,2,2,2,3,2,2,2,2,4,2,2,2,2,6,0.000824,92.289645
3,3,2,2,2,2,2,2,3,2,2,2,2,2,6,0.000824,92.290469
2,2,2,4,3,2,2,2,2,2,3,4,2,2,6,0.000824,92.291293
2,2,2,2,2,2,2,4,2,2,0,3,2,2,6,0.000824,92.292117
2,2,2,2,4,2,2,2,2,3,2,2,2,2,6,0.000824,92.292941
1,0,1,2,2,2,2,4,2,2,1,2,2,2,6,0.000824,92.293766
2,2,2,1,3,2,4,2,2,2,2,2,2,2,6,0.000824,92.294590
2,2,2,4,3,2,2,4,2,3,2,2,2,2,6,0.000824,92.295414
2,3,2,4,2,2,2,4,2,4,2,2,2,2,6,0.000824,92.296238
2,2,2,4,2,2,2,4,3,4,4,2,2,2,6,0.000824,92.297062
2,1,2,3,2,3,2,2,2,2,2,2,2,2,6,0.000824,92.297886
2,2,2,2,2,2,2,2,2,2,2,3,4,4,6,0.000824,92.298711
0,2,2,0,4,2,4,2,2,0,2,2,2,2,6,0.000824,92.299535
2,2,2,2,2,2,2,3,3,2,3,2,2,2,6,0.000824,92.300359
0,1,2,2,3,2,2,4,0,2,2,2,2,2,6,0.000824,92.301183
2,2,2,4,2,2,2,3,4,4,2,4,2,2,6,0.000824,92.302007
2,2,2,4,3,2,3,4,2,3,2,2,2,2,6,0.000824,92.302832
0,2,2,2,4,3,2,2,2,2,2,2,2,1,6,0.000824,92.303656
2,3,2,4,2,2,2,2,2,4,4,2,2,2,6,0.000824,92.304480
1,2,2,4,2,2,2,2,2,4,4,3,2,2,6,0.000824,92.305304
2,0,1,1,2,2,2,2,2,1,2,2,2,2,6,0.000824,92.306128
2,2,2,2,2,2,4,2,2,2,2,3,2,2,6,0.000824,92.306953
2,2,2,4,2,4,2,2,2,4,3,2,2,2,6,0.000824,92.307777
2,2,2,4,2,2,2,2,2,2,4,2,2,1,6,0.000824,92.308601
0,0,0,3,2,2,2,4,2,4,0,2,2,2,6,0.000824,92.309425
3,4,3,2,2,2,2,2,2,2,2,2,3,2,6,0.000824,92.310249
2,0,0,2,0,0,0,2,2,2,2,2,3,2,6,0.000824,92.311074
2,1,0,1,2,2,2,2,2,1,2,2,2,2,6,0.000824,92.311898
2,2,2,2,4,4,2,2,2,2,2,2,3,2,6,0.000824,92.312722
1,2,2,2,4,3,2,2,1,2,2,2,2,2,6,0.000824,92.313546
0,0,0,2,0,0,2,4,2,2,1,2,2,2,6,0.000824,92.314370
2,2,2,4,2,2,2,2,2,3,4,2,2,4,6,0.000824,92.315195
2,0,0,2,0,0,0,2,4,2,2,4,2,2,6,0.000824,92.316019
2,1,0,2,0,2,0,2,2,2,1,2,2,2,6,0.000824,92.316843
2,2,2,1,3,2,2,2,2,1,1,2,1,2,6,0.000824,92.317667
1,2,1,2,2,2,2,2,2,2,2,3,2,2,6,0.000824,92.318491
2,2,2,2,2,0,2,3,2,2,2,2,2,1,6,0.000824,92.319316
0,1,0,2,2,2,2,2,2,2,4,2,2,2,6,0.000824,92.320140
2,4,2,3,2,2,2,2,2,2,2,2,2,2,6,0.000824,92.320964
0,2,2,2,4,2,4,3,2,2,2,2,2,1,6,0.000824,92.321788
2,2,2,2,2,2,2,4,2,2,2,2,3,4,6,0.000824,92.322612
2,2,2,4,3,2,2,3,2,2,4,2,2,2,6,0.000824,92.323437
2,2,2,4,2,2,2,3,2,3,4,4,2,2,6,0.000824,92.324261
2,2,2,2,4,2,4,3,2,2,2,3,2,2,6,0.000824,92.325085
0,1,2,4,4,2,3,4,2,4,2,2,2,2,6,0.000824,92.325909
0,1,1,2,2,2,2,3,4,2,2,2,2,2,6,0.000824,92.326733
0,0,0,2,2,2,2,4,1,1,2,2,2,2,6,0.000824,92.327558
2,2,2,4,2,2,2,4,2,4,0,2,2,2,6,0.000824,92.328382
0,2,2,2,3,2,2,2,2,2,3,2,2,2,6,0.000824,92.329206
0,0,1,2,2,2,2,2,2,2,2,2,2,4,6,0.000824,92.330030
1,2,2,2,2,2,3,2,2,2,2,2,3,2,6,0.000824,92.330854
0,1,2,1,4,2,2,2,2,2,1,2,2,2,6,0.000824,92.331679
0,0,0,2,2,2,2,2,2,2,2,3,4,2,6,0.000824,92.332503
2,2,2,0,2,2,2,2,1,1,0,2,2,1,6,0.000824,92.333327
0,0,0,2,4,2,2,4,2,2,0,2,1,2,6,0.000824,92.334151
1,2,2,2,4,2,2,2,2,2,1,3,2,2,6,0.000824,92.334975
1,2,2,4,2,2,2,2,2,4,2,2,1,2,6,0.000824,92.335800
2,2,2,4,2,2,2,4,2,2,4,2,1,2,6,0.000824,92.336624
2,1,1,1,0,2,0,2,2,1,2,2,2,2,6,0.000824,92.337448
2,2,2,4,2,0,2,4,2,4,2,4,2,2,6,0.000824,92.338272
0,0,0,1,2,2,3,4,2,2,2,2,2,2,6,0.000824,92.339096
3,3,2,4,2,2,2,2,2,4,2,2,2,2,6,0.000824,92.339920
2,2,2,1,2,2,2,2,1,1,0,2,2,2,6,0.000824,92.340745
1,2,2,2,4,3,2,4,2,2,2,2,2,2,6,0.000824,92.341569
2,3,2,2,2,2,2,2,2,2,4,2,4,2,6,0.000824,92.342393
0,0,0,2,3,2,2,4,2,2,2,2,4,2,6,0.000824,92.343217
3,2,2,2,2,2,1,0,2,2,2,2,2,2,6,0.000824,92.344041
4,4,4,2,2,2,2,2,2,2,2,2,4,2,6,0.000824,92.344866
2,2,2,2,3,2,2,4,2,2,2,2,4,2,6,0.000824,92.345690
2,3,4,2,2,2,2,2,2,2,2,3,2,2,6,0.000824,92.346514
2,2,2,2,2,2,2,2,2,1,3,2,3,2,6,0.000824,92.347338
2,2,1,2,0,0,0,2,2,2,3,2,2,2,6,0.000824,92.348162
0,2,2,2,4,2,4,3,2,1,2,2,2,2,6,0.000824,92.348987
1,1,2,1,2,2,2,2,2,2,1,2,1,2,6,0.000824,92.349811
0,0,0,2,4,2,2,4,2,2,2,2,1,2,6,0.000824,92.350635
3,3,3,2,2,2,2,1,2,2,2,2,2,2,6,0.000824,92.351459
2,2,2,2,2,0,2,3,2,2,3,2,2,2,6,0.000824,92.352283
2,2,2,2,2,2,2,2,0,2,0,2,1,2,6,0.000824,92.353108
2,2,2,3,2,2,2,2,2,2,2,3,1,2,6,0.000824,92.353932
2,2,2,2,2,2,2,2,2,1,4,2,2,1,6,0.000824,92.354756
2,2,1,2,2,2,2,2,2,2,2,2,3,2,6,0.000824,92.355580
0,1,2,3,4,2,4,4,2,2,2,2,2,2,6,0.000824,92.356404
2,2,2,2,2,0,2,4,2,2,2,3,2,2,6,0.000824,92.357229
3,2,2,3,2,2,2,2,2,3,2,2,2,2,6,0.000824,92.358053
2,2,0,2,1,0,2,4,2,2,2,2,2,2,6,0.000824,92.358877
1,1,1,1,2,2,2,2,2,2,1,2,2,2,6,0.000824,92.359701
2,2,2,1,2,2,2,0,2,1,2,2,2,2,6,0.000824,92.360525
2,2,2,3,2,2,3,2,2,2,2,3,2,2,6,0.000824,92.361350
1,2,2,3,4,2,4,4,2,3,2,2,2,2,6,0.000824,92.362174
2,2,2,4,2,2,2,3,2,4,2,4,2,4,6,0.000824,92.362998
4,2,2,2,2,2,2,2,3,2,2,2,2,2,6,0.000824,92.363822
0,2,2,1,3,2,4,4,2,2,2,2,2,2,6,0.000824,92.364646
2,0,0,2,0,0,0,3,2,1,2,2,2,2,6,0.000824,92.365471
0,2,2,4,4,2,4,2,2,4,2,3,2,2,6,0.000824,92.366295
2,2,2,3,2,2,2,2,2,2,2,4,2,3,6,0.000824,92.367119
1,0,1,2,2,2,2,2,2,2,2,2,4,2,6,0.000824,92.367943
0,0,0,1,2,2,2,2,1,2,2,2,2,2,6,0.000824,92.368767
0,2,2,3,4,2,4,2,2,3,2,2,2,2,6,0.000824,92.369592
2,2,2,2,1,0,2,2,2,2,2,2,2,1,6,0.000824,92.370416
2,2,2,4,3,2,2,2,2,3,2,3,2,2,6,0.000824,92.371240
2,2,2,0,2,2,1,2,2,0,2,2,2,2,6,0.000824,92.372064
0,2,2,1,3,2,4,2,2,1,2,2,2,2,6,0.000824,92.372888
0,0,0,2,4,4,4,4,2,2,2,2,2,2,6,0.000824,92.373713
0,0,2,2,3,2,2,2,1,2,2,2,2,2,6,0.000824,92.374537
1,2,2,3,3,4,2,2,2,3,2,2,2,2,6,0.000824,92.375361
2,2,2,2,2,2,1,4,2,2,2,2,2,1,6,0.000824,92.376185
2,2,2,3,2,2,3,3,2,2,3,2,2,2,6,0.000824,92.377009
0,1,2,2,2,2,2,2,1,1,2,2,2,2,6,0.000824,92.377834
1,2,2,2,3,2,4,4,2,2,2,2,4,2,6,0.000824,92.378658
0,0,0,2,2,2,2,2,2,2,2,2,4,4,6,0.000824,92.379482
0,1,1,2,2,2,4,4,1,2,2,2,2,2,6,0.000824,92.380306
1,0,0,2,0,1,0,2,2,2,1,2,2,2,6,0.000824,92.381130
2,3,4,2,2,2,2,2,2,2,1,2,2,2,6,0.000824,92.381954
2,2,2,2,0,0,0,4,2,1,2,2,2,2,6,0.000824,92.382779
1,2,2,2,3,2,4,4,2,2,2,3,2,2,6,0.000824,92.383603
2,2,2,2,2,2,2,3,2,2,4,2,2,4,6,0.000824,92.384427
2,2,2,4,2,2,2,2,4,3,3,2,2,2,6,0.000824,92.385251
2,2,2,4,3,3,2,2,2,4,2,4,2,2,6,0.000824,92.386075
2,2,2,2,1,2,1,2,2,2,2,2,2,1,6,0.000824,92.386900
0,2,2,2,2,2,4,4,2,2,3,2,2,2,6,0.000824,92.387724
2,2,1,2,2,0,2,2,4,2,2,2,2,2,6,0.000824,92.388548
2,2,2,2,3,4,2,2,2,2,2,2,1,2,6,0.000824,92.389372
2,0,0,2,0,0,0,2,4,2,2,2,2,4,6,0.000824,92.390196
4,2,2,2,2,2,2,4,2,2,2,2,2,2,6,0.000824,92.391021
2,3,3,2,3,2,4,4,2,2,2,2,2,2,6,0.000824,92.391845
1,2,2,4,2,2,4,4,2,4,2,2,2,2,6,0.000824,92.392669
2,2,2,2,2,2,2,4,2,2,1,4,2,2,6,0.000824,92.393493
2,2,2,2,2,2,2,2,2,1,4,2,2,3,6,0.000824,92.394317
0,0,0,2,2,2,2,4,2,4,0,2,2,2,6,0.000824,92.395142
1,2,2,4,3,2,4,4,2,3,2,2,2,2,6,0.000824,92.395966
2,2,2,3,1,2,1,2,2,2,2,2,2,2,6,0.000824,92.396790
0,2,2,2,4,2,3,3,1,2,2,2,2,2,6,0.000824,92.397614
2,2,2,1,2,2,2,2,2,1,2,2,3,2,6,0.000824,92.398438
0,1,1,2,2,2,2,4,2,2,2,2,3,2,6,0.000824,92.399263
2,2,2,4,3,2,4,4,2,2,4,4,2,2,6,0.000824,92.400087
1,1,1,2,2,2,2,4,2,2,2,2,3,2,6,0.000824,92.400911
2,2,2,3,2,2,4,4,2,2,3,2,2,2,6,0.000824,92.401735
0,1,1,2,2,2,2,3,2,2,4,2,2,2,6,0.000824,92.402559
1,2,2,2,2,2,2,3,2,2,2,2,1,2,6,0.000824,92.403384
2,2,1,2,0,1,1,2,2,2,2,2,2,2,6,0.000824,92.404208
1,1,0,4,2,2,2,2,2,2,4,2,2,2,6,0.000824,92.405032
2,2,2,3,2,2,2,2,3,2,2,2,2,4,6,0.000824,92.405856
2,2,2,4,3,2,2,2,2,4,2,4,1,2,6,0.000824,92.406680
2,2,2,2,2,2,2,3,2,2,3,3,2,2,6,0.000824,92.407505
0,2,2,4,4,2,4,4,2,2,3,2,2,2,6,0.000824,92.408329
2,2,2,2,0,2,0,2,2,2,2,2,2,1,6,0.000824,92.409153
2,2,3,2,3,2,2,2,2,1,2,2,2,2,6,0.000824,92.409977
2,2,2,3,2,2,2,4,4,3,2,2,2,2,6,0.000824,92.410801
2,2,2,1,2,1,2,3,2,1,2,2,2,2,6,0.000824,92.411626
2,2,2,4,3,2,2,2,2,3,4,2,2,2,6,0.000824,92.412450
2,2,2,4,2,2,2,2,3,2,2,2,4,2,6,0.000824,92.413274
2,4,4,2,2,2,4,4,2,2,2,2,2,2,6,0.000824,92.414098
2,4,3,2,3,2,3,2,2,2,2,2,2,2,6,0.000824,92.414922
0,1,0,2,2,2,4,4,2,2,2,2,4,2,6,0.000824,92.415747
1,2,2,1,2,3,2,2,2,1,2,2,2,2,6,0.000824,92.416571
2,2,2,4,2,1,2,2,2,3,4,2,2,2,6,0.000824,92.417395
1,0,2,2,2,2,2,2,2,2,0,2,2,2,6,0.000824,92.418219
2,2,2,4,4,2,4,4,2,2,4,4,2,2,6,0.000824,92.419043
4,2,1,2,0,0,0,2,2,2,2,2,2,2,6,0.000824,92.419868
0,0,0,2,4,2,4,4,1,2,2,2,1,2,6,0.000824,92.420692
0,0,1,2,2,2,2,4,2,3,2,2,2,2,6,0.000824,92.421516
4,4,4,2,2,2,2,2,1,2,2,2,2,2,6,0.000824,92.422340
2,2,1,2,2,2,2,4,2,2,3,2,2,2,6,0.000824,92.423164
2,1,2,2,2,4,2,2,2,3,2,2,2,2,6,0.000824,92.423989
1,1,1,2,2,2,2,2,2,2,1,2,1,2,6,0.000824,92.424813
0,1,2,2,2,2,2,2,1,2,1,2,2,2,6,0.000824,92.425637
2,2,2,4,2,2,2,2,4,2,4,4,2,2,6,0.000824,92.426461
2,2,2,2,3,4,2,2,2,3,2,2,2,2,6,0.000824,92.427285
2,3,4,2,3,2,3,2,2,2,2,2,2,2,6,0.000824,92.428109
1,1,1,2,2,2,2,4,2,2,3,2,2,2,6,0.000824,92.428934
2,2,2,0,2,2,2,2,2,1,1,2,1,1,6,0.000824,92.429758
0,1,1,2,2,2,2,2,0,2,2,2,2,2,6,0.000824,92.430582
2,2,2,2,0,2,0,2,2,2,2,3,2,2,6,0.000824,92.431406
2,2,2,2,3,3,2,2,2,2,2,3,2,2,6,0.000824,92.432230
2,2,2,2,2,4,2,2,2,2,2,4,2,2,6,0.000824,92.433055
0,0,0,1,2,2,4,4,2,2,2,2,2,2,6,0.000824,92.433879
2,2,2,2,3,2,4,3,2,1,2,2,2,2,6,0.000824,92.434703
1,2,2,2,4,2,4,4,2,2,2,2,2,3,6,0.000824,92.435527
0,0,0,2,4,2,2,4,1,2,2,2,2,2,6,0.000824,92.436351
2,2,2,2,2,2,3,2,1,1,2,2,2,2,6,0.000824,92.437176
1,2,2,1,2,2,4,2,2,2,2,2,2,2,6,0.000824,92.438000
0,0,2,2,4,3,4,4,2,2,2,2,2,2,6,0.000824,92.438824
0,2,2,2,2,2,4,4,2,2,1,2,2,2,6,0.000824,92.439648
2,3,3,4,2,2,2,2,2,2,2,2,2,2,6,0.000824,92.440472
2,2,2,2,1,2,0,2,2,1,2,2,2,2,6,0.000824,92.441297
2,2,2,2,4,2,2,3,2,2,2,2,4,2,6,0.000824,92.442121
2,2,2,2,2,2,2,4,2,2,2,3,3,2,6,0.000824,92.442945
3,2,2,2,0,0,0,2,2,2,4,2,2,2,6,0.000824,92.443769
1,2,2,2,4,2,2,4,2,2,2,3,2,2,6,0.000824,92.444593
0,0,0,2,2,0,3,4,2,2,2,2,4,2,6,0.000824,92.445418
2,2,2,4,2,2,2,2,2,4,2,4,4,4,6,0.000824,92.446242
0,1,2,3,2,2,2,4,2,2,2,2,2,2,6,0.000824,92.447066
0,0,0,2,2,2,4,4,2,2,2,2,2,3,6,0.000824,92.447890
1,1,0,2,2,2,2,2,2,2,0,2,2,2,6,0.000824,92.448714
2,2,2,2,2,2,2,3,2,2,1,3,2,2,6,0.000824,92.449539
2,2,2,3,4,2,4,3,2,2,2,2,2,2,6,0.000824,92.450363
2,2,2,2,2,2,4,4,2,2,2,3,2,2,6,0.000824,92.451187
0,2,2,3,4,2,4,4,2,2,2,4,2,2,6,0.000824,92.452011
2,2,2,4,3,2,3,2,2,4,4,2,2,2,6,0.000824,92.452835
0,0,0,2,4,2,4,4,0,2,2,2,1,2,6,0.000824,92.453660
2,2,2,2,2,2,2,2,4,2,3,2,2,4,6,0.000824,92.454484
2,2,1,2,0,2,1,4,2,2,2,2,2,2,6,0.000824,92.455308
1,2,2,3,2,3,2,2,2,4,2,2,2,2,6,0.000824,92.456132
1,2,2,2,2,2,2,2,2,2,3,2,4,2,6,0.000824,92.456956
0,1,2,2,4,2,4,2,2,2,2,2,2,1,6,0.000824,92.457781
2,1,0,2,0,2,0,4,2,2,2,2,2,2,6,0.000824,92.458605
2,2,2,4,2,2,2,3,2,4,2,4,2,3,6,0.000824,92.459429
2,2,2,2,3,2,2,2,0,2,2,2,2,1,6,0.000824,92.460253
0,0,1,4,2,3,2,2,2,4,2,2,2,2,6,0.000824,92.461077
0,0,0,4,2,2,2,2,2,2,2,3,2,2,6,0.000824,92.461902
2,2,2,0,2,2,2,4,2,0,1,2,2,2,6,0.000824,92.462726
2,2,2,3,2,2,2,2,0,4,2,2,2,2,6,0.000824,92.463550
2,0,0,1,0,0,0,2,2,2,1,2,2,2,6,0.000824,92.464374
0,0,0,2,2,2,3,4,2,2,2,2,2,4,6,0.000824,92.465198
0,1,2,1,2,2,2,2,2,2,1,2,1,2,6,0.000824,92.466023
2,2,2,4,2,2,2,2,0,2,4,4,2,4,6,0.000824,92.466847
1,2,2,2,3,2,3,2,2,2,1,2,2,2,6,0.000824,92.467671
0,0,0,2,2,2,2,2,2,2,2,2,2,4,6,0.000824,92.468495
2,2,2,2,2,2,2,2,2,2,1,2,1,0,6,0.000824,92.469319
2,2,1,2,1,0,2,2,2,1,2,2,2,2,6,0.000824,92.470143
2,2,2,2,2,2,2,2,2,0,2,2,2,1,6,0.000824,92.470968
0,1,1,3,2,2,2,4,2,2,2,2,2,2,6,0.000824,92.471792
1,0,1,1,2,2,2,2,2,2,1,2,2,2,6,0.000824,92.472616
1,2,0,2,2,2,2,4,2,2,2,2,2,2,6,0.000824,92.473440
2,2,2,2,4,2,3,3,2,2,4,2,2,2,6,0.000824,92.474264
2,2,2,2,2,2,3,3,2,2,2,2,2,4,6,0.000824,92.475089
2,2,2,2,2,2,3,2,2,2,0,2,2,2,6,0.000824,92.475913
0,1,2,2,4,2,2,2,2,2,2,2,4,2,6,0.000824,92.476737
2,2,2,4,2,2,2,2,2,4,2,2,4,3,6,0.000824,92.477561
0,0,0,0,4,2,4,4,1,1,2,2,2,1,6,0.000824,92.478385
0,2,2,3,3,2,2,2,2,2,2,2,2,2,6,0.000824,92.479210
2,2,2,4,2,2,2,2,3,4,2,2,2,4,6,0.000824,92.480034
2,2,2,3,2,2,2,2,2,4,1,3,2,2,6,0.000824,92.480858
2,2,2,4,2,2,2,2,3,2,2,3,2,2,6,0.000824,92.481682
2,2,2,4,4,2,3,2,2,4,2,4,2,2,6,0.000824,92.482506
1,0,0,2,0,2,2,4,2,2,2,2,2,2,6,0.000824,92.483331
2,2,2,4,2,2,2,3,2,4,3,3,2,2,6,0.000824,92.484155
1,2,1,2,2,2,2,4,2,2,2,2,4,2,6,0.000824,92.484979
0,2,2,2,3,2,2,4,1,2,2,2,2,2,6,0.000824,92.485803
2,2,2,2,2,0,2,2,2,2,1,2,2,2,6,0.000824,92.486627
0,0,2,4,4,2,2,2,2,4,2,4,2,2,6,0.000824,92.487452
1,1,2,2,2,2,2,2,2,1,4,2,2,2,6,0.000824,92.488276
2,2,2,2,3,2,2,4,2,1,2,2,2,2,6,0.000824,92.489100
1,1,2,2,2,2,2,2,2,2,2,2,2,0,6,0.000824,92.489924
2,2,3,2,3,2,4,2,2,2,2,2,2,2,6,0.000824,92.490748
0,1,0,2,2,0,2,2,2,2,2,2,2,2,6,0.000824,92.491573
0,0,0,2,3,2,2,3,2,2,1,2,2,2,6,0.000824,92.492397
1,2,2,2,3,2,3,4,2,1,2,2,2,2,6,0.000824,92.493221
2,2,2,2,2,2,2,4,2,2,2,4,4,2,6,0.000824,92.494045
0,0,0,2,3,0,4,4,1,2,2,2,2,2,6,0.000824,92.494869
2,2,2,3,2,2,1,2,2,4,2,2,2,2,6,0.000824,92.495694
1,2,2,1,3,2,2,2,2,2,0,2,2,2,6,0.000824,92.496518
2,2,2,4,4,2,2,2,2,3,2,3,2,2,6,0.000824,92.497342
2,2,2,4,2,2,2,3,3,4,2,2,2,2,6,0.000824,92.498166
2,2,2,2,0,2,1,2,2,2,2,3,2,2,6,0.000824,92.498990
2,2,2,3,2,2,4,4,2,2,2,3,2,2,6,0.000824,92.499815
0,0,0,2,3,2,4,4,2,2,3,2,2,2,6,0.000824,92.500639
1,1,1,2,2,2,2,2,2,3,2,2,2,2,6,0.000824,92.501463
0,2,2,2,2,2,2,4,2,2,2,3,2,2,6,0.000824,92.502287
3,4,2,2,2,0,2,4,2,2,2,2,2,2,6,0.000824,92.503111
2,2,2,1,2,1,2,4,2,2,1,2,2,2,6,0.000824,92.503936
1,2,2,0,2,2,3,2,2,1,2,2,2,2,6,0.000824,92.504760
4,4,3,3,2,2,2,2,2,2,4,2,2,2,6,0.000824,92.505584
4,4,4,4,2,2,2,2,2,2,2,2,2,2,6,0.000824,92.506408
0,0,2,2,4,2,3,3,2,2,2,2,2,2,6,0.000824,92.507232
2,2,2,2,2,2,2,1,2,3,2,2,2,2,6,0.000824,92.508057
2,2,2,3,2,2,2,3,2,2,4,3,2,2,6,0.000824,92.508881
0,2,2,2,4,2,3,2,2,2,0,2,2,2,6,0.000824,92.509705
2,2,2,2,2,0,2,3,4,2,2,2,2,2,6,0.000824,92.510529
0,0,0,2,2,2,2,3,2,2,1,2,1,2,6,0.000824,92.511353
2,2,2,4,3,2,2,2,2,2,2,2,4,2,6,0.000824,92.512177
0,0,1,2,2,2,2,4,0,2,2,2,2,2,6,0.000824,92.513002
1,2,2,1,3,3,2,2,2,1,2,2,2,2,6,0.000824,92.513826
0,2,2,4,2,2,3,2,2,4,2,2,2,2,6,0.000824,92.514650
2,2,1,2,0,0,0,4,4,2,2,2,2,2,6,0.000824,92.515474
2,2,2,1,2,2,2,2,0,2,0,2,1,2,6,0.000824,92.516298
0,0,2,2,4,4,2,4,2,2,2,2,2,2,6,0.000824,92.517123
4,4,3,3,2,2,2,2,2,2,2,2,2,2,6,0.000824,92.517947
2,2,2,2,2,2,0,2,2,2,2,2,4,2,6,0.000824,92.518771
0,0,1,2,3,2,2,2,2,2,0,2,2,2,6,0.000824,92.519595
0,1,1,2,3,2,4,4,2,2,1,2,2,2,6,0.000824,92.520419
0,0,0,4,2,2,4,4,2,2,4,2,2,2,6,0.000824,92.521244
0,1,1,4,2,2,2,3,2,4,2,2,2,2,6,0.000824,92.522068
0,1,2,2,2,2,2,3,2,2,1,2,1,2,6,0.000824,92.522892
2,0,0,2,0,0,0,2,2,2,2,2,2,3,6,0.000824,92.523716
0,0,0,2,0,2,2,4,2,2,1,2,2,2,6,0.000824,92.524540
2,2,2,4,4,2,4,2,2,4,2,4,2,2,6,0.000824,92.525365
2,2,2,4,1,2,2,2,2,4,2,2,2,2,6,0.000824,92.526189
2,2,2,4,2,2,2,2,2,4,4,3,2,3,6,0.000824,92.527013
0,1,1,2,2,0,4,4,2,2,2,2,2,2,6,0.000824,92.527837
2,2,2,2,2,1,2,2,4,2,4,2,2,2,6,0.000824,92.528661
2,2,2,1,2,2,3,2,2,1,2,2,2,1,6,0.000824,92.529486
2,2,2,0,3,2,2,2,2,0,1,2,2,2,6,0.000824,92.530310
1,2,2,2,2,2,3,2,2,2,1,2,2,2,6,0.000824,92.531134
0,0,0,2,2,1,2,4,0,2,2,2,2,2,6,0.000824,92.531958
2,2,3,2,3,2,2,2,2,2,4,2,2,2,6,0.000824,92.532782
2,2,2,1,1,0,2,4,2,1,2,2,2,2,6,0.000824,92.533607
2,2,2,3,2,0,2,2,2,2,3,2,2,2,6,0.000824,92.534431
0,1,2,1,4,4,2,2,2,1,2,2,2,2,6,0.000824,92.535255
1,2,2,4,2,2,2,2,2,4,2,2,3,2,6,0.000824,92.536079
0,0,0,4,2,2,2,2,1,4,2,2,2,2,6,0.000824,92.536903
2,2,2,3,4,4,2,2,2,2,2,2,2,2,6,0.000824,92.537728
2,2,2,2,2,2,2,2,3,2,0,2,2,2,6,0.000824,92.538552
0,2,2,1,3,2,3,2,2,2,2,2,2,2,6,0.000824,92.539376
0,0,0,4,2,2,2,2,2,4,0,2,2,2,6,0.000824,92.540200
0,1,2,3,2,2,2,2,2,2,3,2,2,2,6,0.000824,92.541024
0,0,0,3,2,2,2,4,2,2,2,3,4,2,6,0.000824,92.541849
2,2,2,0,4,2,2,2,2,1,1,2,2,2,6,0.000824,92.542673
2,2,2,2,4,4,3,4,2,2,2,2,2,2,6,0.000824,92.543497
1,0,0,1,2,2,2,4,2,1,2,2,2,2,6,0.000824,92.544321
1,0,0,4,2,2,2,4,2,2,2,2,2,2,6,0.000824,92.545145
1,2,2,1,3,2,2,2,2,1,2,2,2,1,6,0.000824,92.545970
2,2,2,2,2,2,3,3,0,2,2,2,2,2,6,0.000824,92.546794
2,2,2,3,0,2,1,2,2,2,2,2,2,2,6,0.000824,92.547618
2,1,1,2,1,2,2,4,2,2,2,2,2,2,6,0.000824,92.548442
2,2,2,2,0,0,0,2,2,2,2,2,2,1,6,0.000824,92.549266
2,2,2,2,2,2,2,4,4,2,2,2,1,2,6,0.000824,92.550091
0,2,2,2,3,2,3,2,2,3,2,2,2,2,6,0.000824,92.550915
2,2,2,2,2,0,2,2,0,2,2,2,2,2,6,0.000824,92.551739
1,2,2,1,2,2,2,4,2,2,0,2,2,2,6,0.000824,92.552563
2,3,2,3,2,2,2,2,2,2,2,4,2,2,6,0.000824,92.553387
2,2,2,3,2,0,2,2,2,3,2,2,2,2,6,0.000824,92.554212
0,2,2,2,3,2,3,4,2,2,3,2,2,2,6,0.000824,92.555036
2,2,2,2,2,2,2,2,2,2,0,3,1,2,6,0.000824,92.555860
2,2,2,2,2,2,2,3,2,1,3,2,2,2,6,0.000824,92.556684
2,3,2,3,2,2,2,4,2,2,2,2,2,2,6,0.000824,92.557508
2,4,4,2,3,2,3,4,2,2,2,2,2,2,6,0.000824,92.558332
0,0,0,2,3,2,2,4,0,2,2,2,2,2,6,0.000824,92.559157
1,2,2,3,3,2,3,2,2,2,4,2,2,2,6,0.000824,92.559981
1,2,2,2,2,2,2,3,3,2,2,2,2,2,6,0.000824,92.560805
1,1,2,4,2,2,2,2,2,2,2,2,2,2,6,0.000824,92.561629
0,0,1,4,2,2,2,2,2,4,3,2,2,2,6,0.000824,92.562453
0,0,0,0,2,2,2,4,0,1,2,2,2,2,6,0.000824,92.563278
2,2,2,2,3,2,3,4,2,2,2,2,2,3,6,0.000824,92.564102
2,0,0,2,0,0,0,2,4,2,1,2,2,2,6,0.000824,92.564926
2,2,2,2,2,2,2,2,2,2,2,4,4,4,6,0.000824,92.565750
0,0,0,2,2,2,2,4,1,2,1,2,1,2,6,0.000824,92.566574
2,2,2,2,2,1,2,3,2,2,1,2,2,2,6,0.000824,92.567399
2,2,2,4,2,2,2,1,2,4,2,4,2,2,6,0.000824,92.568223
3,4,2,3,2,2,2,2,2,2,4,2,2,2,6,0.000824,92.569047
0,0,0,2,2,2,4,4,2,2,2,2,1,2,6,0.000824,92.569871
1,1,1,0,2,2,2,2,2,1,2,2,2,2,6,0.000824,92.570695
3,3,2,2,2,0,2,4,2,2,2,2,2,2,6,0.000824,92.571520
3,2,2,2,1,2,1,4,2,2,2,2,2,2,6,0.000824,92.572344
2,2,1,2,0,2,0,2,2,2,1,2,2,2,6,0.000824,92.573168
0,1,1,3,2,2,2,3,2,2,2,2,2,2,6,0.000824,92.573992
1,2,2,4,2,2,2,2,2,4,2,2,2,3,6,0.000824,92.574816
0,0,1,2,2,2,2,4,2,2,2,3,2,2,6,0.000824,92.575641
2,1,1,2,2,2,2,4,2,2,1,2,2,2,6,0.000824,92.576465
0,1,1,2,2,2,2,4,3,2,2,2,2,2,6,0.000824,92.577289
2,2,1,2,2,0,2,4,2,1,2,2,2,2,6,0.000824,92.578113
2,2,2,2,2,2,2,2,1,1,4,2,2,2,6,0.000824,92.578937
2,2,2,3,2,2,2,4,2,2,2,2,2,3,6,0.000824,92.579762
2,2,2,4,2,2,2,2,3,2,4,2,4,4,6,0.000824,92.580586
0,2,2,4,3,2,3,3,2,4,2,2,2,2,6,0.000824,92.581410
0,0,0,2,2,0,2,4,2,2,4,2,2,2,6,0.000824,92.582234
1,2,2,4,2,4,2,2,2,4,2,2,2,2,6,0.000824,92.583058
2,0,0,1,0,0,0,2,2,1,2,2,2,1,6,0.000824,92.583883
0,0,0,2,2,1,3,4,2,2,0,2,2,2,6,0.000824,92.584707
2,0,0,2,0,2,1,2,3,2,2,2,2,2,6,0.000824,92.585531
1,1,1,2,2,2,2,4,3,2,2,2,2,2,6,0.000824,92.586355
0,0,2,2,2,2,2,2,2,2,2,2,4,2,6,0.000824,92.587179
2,2,2,4,2,2,3,4,2,4,4,4,2,2,6,0.000824,92.588004
1,2,2,2,3,2,2,3,1,2,2,2,2,2,6,0.000824,92.588828
2,2,2,4,4,2,2,2,2,2,2,2,2,2,6,0.000824,92.589652
2,2,2,4,2,2,2,2,2,4,3,2,2,3,6,0.000824,92.590476
4,2,2,2,0,0,0,2,2,2,3,2,2,2,6,0.000824,92.591300
2,2,1,2,2,2,2,2,2,2,2,4,2,2,6,0.000824,92.592125
0,0,0,2,2,2,4,4,0,2,1,2,2,2,6,0.000824,92.592949
2,2,2,2,2,2,4,4,2,2,2,2,3,2,6,0.000824,92.593773
0,1,0,2,2,2,2,4,2,2,2,2,2,1,6,0.000824,92.594597
0,0,0,2,2,1,2,4,2,2,2,4,2,2,6,0.000824,92.595421
1,2,2,2,2,0,2,2,2,2,2,2,2,2,6,0.000824,92.596246
0,0,0,2,3,2,2,2,2,2,2,3,2,2,6,0.000824,92.597070
2,2,2,4,4,2,2,4,2,4,2,2,2,2,6,0.000824,92.597894
2,2,2,4,3,2,4,3,2,4,2,2,2,2,6,0.000824,92.598718
2,2,2,0,3,4,2,2,2,0,2,2,2,2,6,0.000824,92.599542
0,1,0,2,2,2,3,4,1,2,2,2,2,2,6,0.000824,92.600366
1,2,2,4,4,2,4,3,2,4,2,2,2,2,6,0.000824,92.601191
1,2,2,2,3,2,3,2,2,2,2,2,3,2,6,0.000824,92.602015
1,0,0,2,2,2,2,2,2,2,2,3,2,2,6,0.000824,92.602839
2,2,0,2,0,0,0,4,2,1,2,2,2,2,6,0.000824,92.603663
0,2,1,2,2,2,2,4,2,2,2,3,2,2,6,0.000824,92.604487
2,2,2,2,3,4,2,4,2,2,2,2,2,2,6,0.000824,92.605312
2,2,2,2,2,2,4,4,4,2,2,2,2,2,6,0.000824,92.606136
0,0,0,2,2,2,4,4,1,2,0,2,2,2,6,0.000824,92.606960
1,1,1,2,2,2,2,4,4,2,2,2,2,2,6,0.000824,92.607784
0,0,0,2,2,2,2,3,2,2,2,2,3,2,6,0.000824,92.608608
2,2,2,4,2,2,2,2,4,2,4,2,2,3,6,0.000824,92.609433
2,4,3,2,3,2,4,2,2,2,2,2,2,2,6,0.000824,92.610257
1,2,2,2,2,2,2,3,2,2,2,4,2,2,6,0.000824,92.611081
2,2,2,2,3,2,3,4,2,2,2,2,2,4,6,0.000824,92.611905
0,0,0,0,4,2,4,4,0,2,0,2,2,2,6,0.000824,92.612729
2,2,2,4,2,3,2,2,2,4,4,4,2,2,6,0.000824,92.613554
2,2,2,3,4,2,4,2,2,2,3,2,2,2,6,0.000824,92.614378
2,2,2,4,2,3,2,2,2,3,3,2,2,2,6,0.000824,92.615202
0,0,2,2,2,3,2,2,2,2,2,2,2,1,6,0.000824,92.616026
2,2,2,2,1,2,2,2,1,2,2,2,2,2,6,0.000824,92.616850
1,2,2,0,2,2,2,2,2,0,1,2,2,2,6,0.000824,92.617675
0,1,2,3,2,2,2,2,2,2,4,2,2,2,6,0.000824,92.618499
0,0,0,2,0,0,0,2,2,2,0,2,2,2,6,0.000824,92.619323
0,2,2,2,2,2,2,4,2,2,0,2,2,2,6,0.000824,92.620147
2,2,2,4,2,2,2,2,1,2,2,2,2,2,6,0.000824,92.620971
1,2,2,2,4,2,3,2,2,2,2,2,4,2,6,0.000824,92.621796
0,0,0,2,2,2,2,4,0,2,2,2,4,2,6,0.000824,92.622620
0,0,0,2,3,2,4,4,1,2,1,2,2,2,6,0.000824,92.623444
2,2,2,4,3,2,2,2,1,4,2,2,2,2,6,0.000824,92.624268
2,4,3,4,2,2,2,2,2,4,2,4,2,2,6,0.000824,92.625092
0,0,0,2,2,2,2,4,2,2,2,2,2,0,6,0.000824,92.625917
2,2,2,3,0,2,2,2,2,2,2,2,2,2,6,0.000824,92.626741
2,2,2,4,2,2,1,2,2,4,2,4,2,2,6,0.000824,92.627565
2,2,2,4,3,2,3,4,2,4,2,4,2,2,6,0.000824,92.628389
0,2,2,4,3,2,4,4,2,4,2,4,2,2,6,0.000824,92.629213
2,0,0,1,0,0,0,3,2,1,2,2,2,2,6,0.000824,92.630038
2,2,2,2,2,2,2,3,1,2,2,2,1,1,6,0.000824,92.630862
0,0,0,2,2,2,3,4,2,2,2,2,3,2,6,0.000824,92.631686
2,1,0,2,0,2,1,4,2,2,2,2,2,2,6,0.000824,92.632510
2,2,2,1,2,2,2,1,1,1,2,2,2,2,6,0.000824,92.633334
2,2,2,1,2,2,2,4,2,2,2,2,2,1,6,0.000824,92.634159
2,2,2,2,1,0,2,2,3,2,2,2,2,2,6,0.000824,92.634983
1,0,1,2,2,2,2,2,2,2,1,2,1,2,6,0.000824,92.635807
2,2,2,4,2,2,2,2,2,4,4,2,3,2,6,0.000824,92.636631
1,2,2,4,2,2,2,3,2,4,2,3,2,2,6,0.000824,92.637455
2,2,2,2,2,2,2,4,2,2,1,2,3,2,6,0.000824,92.638280
4,2,2,2,2,2,2,1,2,2,2,2,2,2,6,0.000824,92.639104
2,2,2,3,2,2,2,2,2,2,4,2,3,4,6,0.000824,92.639928
2,0,0,2,0,0,0,4,2,2,2,3,2,2,6,0.000824,92.640752
0,2,2,2,4,0,4,4,2,2,2,2,2,2,6,0.000824,92.641576
2,2,2,1,2,2,2,3,2,2,2,2,2,1,6,0.000824,92.642400
2,2,2,2,4,4,2,2,3,2,2,2,2,2,6,0.000824,92.643225
2,2,2,0,2,2,2,2,2,2,0,2,1,2,6,0.000824,92.644049
2,2,2,4,2,2,2,2,4,2,2,3,2,2,6,0.000824,92.644873
2,2,2,0,2,2,2,2,0,0,2,2,2,2,6,0.000824,92.645697
4,2,2,2,0,0,0,1,2,2,2,2,2,2,6,0.000824,92.646521
2,2,2,3,2,0,2,4,2,2,4,2,2,2,6,0.000824,92.647346
2,2,2,4,2,2,2,2,4,2,2,4,2,2,6,0.000824,92.648170
0,1,0,2,2,2,2,4,2,2,2,3,2,2,6,0.000824,92.648994
0,0,0,2,3,2,4,4,2,2,2,2,3,2,6,0.000824,92.649818
0,0,1,2,2,2,2,4,2,2,2,2,1,2,6,0.000824,92.650642
2,2,2,4,2,2,2,3,2,2,2,2,4,4,6,0.000824,92.651467
0,0,1,4,2,2,2,4,2,2,4,4,4,2,6,0.000824,92.652291
0,0,0,2,2,1,4,4,2,2,2,2,4,2,6,0.000824,92.653115
2,2,2,2,2,1,2,2,2,1,4,2,2,2,6,0.000824,92.653939
1,2,2,4,2,2,3,4,2,4,2,2,2,2,6,0.000824,92.654763
1,2,1,1,2,2,2,2,2,1,2,2,2,2,6,0.000824,92.655588
0,0,0,4,2,2,3,4,2,3,2,2,2,2,6,0.000824,92.656412
1,2,2,4,4,2,3,4,2,4,2,2,2,2,6,0.000824,92.657236
0,1,2,2,2,3,2,2,2,3,2,2,2,2,6,0.000824,92.658060
0,0,0,2,4,2,2,2,2,2,0,2,2,2,6,0.000824,92.658884
0,0,0,2,1,0,2,4,4,2,2,2,2,2,6,0.000824,92.659709
0,0,0,4,2,2,2,4,2,4,2,2,2,4,6,0.000824,92.660533
0,2,2,2,4,4,3,4,2,2,2,2,2,2,6,0.000824,92.661357
0,0,0,0,2,2,2,4,2,2,0,2,2,2,6,0.000824,92.662181
0,1,2,2,4,2,2,4,2,2,1,2,2,2,6,0.000824,92.663005
2,2,2,2,2,2,2,4,3,2,2,2,2,3,6,0.000824,92.663830
0,0,2,2,3,2,2,2,2,3,1,2,2,2,6,0.000824,92.664654
1,2,2,4,2,2,2,2,2,4,3,3,2,2,6,0.000824,92.665478
1,2,2,2,2,2,4,2,2,1,2,2,2,2,6,0.000824,92.666302
2,2,1,2,2,0,2,2,2,2,2,2,2,1,6,0.000824,92.667126
0,0,1,2,2,2,2,4,2,2,4,2,2,2,6,0.000824,92.667951
2,2,2,2,2,2,2,3,2,2,2,2,4,3,6,0.000824,92.668775
0,1,1,1,2,2,2,4,2,1,2,2,2,2,6,0.000824,92.669599
4,3,2,2,2,2,2,2,4,2,2,2,2,2,6,0.000824,92.670423
0,0,0,0,2,2,2,4,0,0,2,2,2,1,6,0.000824,92.671247
0,0,0,2,4,1,4,4,1,2,2,2,2,2,6,0.000824,92.672072
2,2,2,2,2,2,2,4,3,2,2,4,2,2,6,0.000824,92.672896
2,2,2,4,1,2,2,2,2,4,2,3,2,2,6,0.000824,92.673720
2,2,2,2,0,1,0,2,2,1,2,2,2,2,6,0.000824,92.674544
2,2,1,3,0,0,0,2,2,3,2,2,2,2,6,0.000824,92.675368
2,1,0,2,0,2,2,4,2,2,2,2,2,2,6,0.000824,92.676193
2,3,2,2,2,2,3,2,2,2,4,2,2,2,6,0.000824,92.677017
1,2,2,1,2,2,3,3,2,1,2,2,2,2,6,0.000824,92.677841
2,2,1,2,0,0,0,3,4,2,2,2,2,2,6,0.000824,92.678665
1,1,1,2,2,2,2,3,2,2,2,2,2,1,6,0.000824,92.679489
2,3,2,4,2,2,2,2,2,4,2,2,1,2,6,0.000824,92.680314
2,2,2,4,2,2,2,2,0,4,2,4,2,2,6,0.000824,92.681138
0,2,2,2,3,2,2,2,2,2,2,2,3,2,6,0.000824,92.681962
0,0,0,2,0,0,0,2,2,2,1,2,2,2,6,0.000824,92.682786
0,0,0,2,4,2,3,3,2,2,2,2,2,2,6,0.000824,92.683610
0,1,2,2,3,2,2,2,2,2,2,3,2,2,6,0.000824,92.684435
1,2,2,2,2,2,2,2,4,2,4,2,2,2,6,0.000824,92.685259
1,2,1,4,2,2,2,2,2,4,2,2,2,2,6,0.000824,92.686083
1,1,2,2,2,2,2,2,2,4,2,2,2,2,6,0.000824,92.686907
2,2,2,4,2,2,2,2,2,2,3,4,4,2,6,0.000824,92.687731
2,2,2,2,2,2,2,4,1,2,0,2,2,2,6,0.000824,92.688555
0,2,2,4,4,2,4,4,2,2,2,3,2,2,6,0.000824,92.689380
2,2,2,2,2,2,2,3,2,2,1,2,4,2,6,0.000824,92.690204
1,2,2,2,2,1,4,3,2,2,2,2,2,2,6,0.000824,92.691028
2,2,2,2,3,2,3,2,2,2,4,2,4,2,6,0.000824,92.691852
0,0,0,2,2,0,4,4,2,2,1,2,4,2,6,0.000824,92.692676
1,2,2,4,2,2,2,3,2,2,4,2,2,2,6,0.000824,92.693501
1,2,2,4,3,2,2,2,2,2,4,2,2,2,6,0.000824,92.694325
0,2,2,4,4,3,2,2,2,4,2,2,2,2,6,0.000824,92.695149
1,2,2,4,3,3,2,2,2,4,2,2,2,2,6,0.000824,92.695973
2,2,2,4,2,2,4,4,2,4,2,4,2,2,6,0.000824,92.696797
2,2,2,2,3,2,4,3,2,2,2,2,4,2,6,0.000824,92.697622
2,2,2,2,4,2,4,4,3,2,2,2,2,2,6,0.000824,92.698446
2,2,2,2,2,2,2,3,2,2,3,2,3,2,6,0.000824,92.699270
2,2,2,4,1,2,1,2,2,4,2,2,2,2,6,0.000824,92.700094
0,0,0,2,3,2,4,4,2,2,2,2,2,3,6,0.000824,92.700918
1,2,2,2,4,2,2,3,2,2,0,2,2,2,6,0.000824,92.701743
0,0,1,2,2,2,2,4,2,2,1,2,1,2,6,0.000824,92.702567
0,2,2,1,4,2,4,4,2,1,2,2,2,1,6,0.000824,92.703391
1,2,2,2,3,2,2,3,2,3,2,2,2,2,6,0.000824,92.704215
2,2,2,4,2,2,3,4,2,2,2,4,2,2,6,0.000824,92.705039
0,2,2,2,2,2,2,2,2,2,2,3,2,2,6,0.000824,92.705864
2,2,2,3,1,2,1,2,2,3,2,2,2,2,6,0.000824,92.706688
2,2,2,2,2,2,2,2,1,2,0,2,2,1,6,0.000824,92.707512
2,2,2,3,2,2,2,2,2,3,2,2,2,4,6,0.000824,92.708336
2,1,0,2,0,1,0,2,3,2,2,2,2,2,6,0.000824,92.709160
0,0,0,2,1,1,1,4,2,2,2,2,2,2,6,0.000824,92.709985
0,0,0,2,2,2,3,4,2,2,2,4,2,2,6,0.000824,92.710809
0,2,2,2,4,2,4,2,2,2,3,2,2,2,6,0.000824,92.711633
2,2,2,3,2,2,2,2,1,2,2,4,2,2,6,0.000824,92.712457
2,2,2,2,2,2,2,4,0,1,2,2,2,2,6,0.000824,92.713281
0,0,2,2,2,4,2,2,2,2,2,2,2,1,6,0.000824,92.714106
2,2,2,2,3,2,2,2,2,2,2,3,1,2,6,0.000824,92.714930
2,2,2,4,2,2,4,2,2,2,2,2,2,2,6,0.000824,92.715754
0,2,2,4,3,2,4,4,2,2,4,2,2,2,6,0.000824,92.716578
2,2,2,4,2,2,2,2,2,4,1,2,1,1,6,0.000824,92.717402
0,1,2,2,4,2,4,4,2,2,2,2,3,2,6,0.000824,92.718227
1,2,2,2,2,2,2,2,1,2,2,2,1,2,6,0.000824,92.719051
2,4,2,2,2,1,2,4,2,2,2,2,2,2,6,0.000824,92.719875
2,2,2,2,2,2,1,2,2,2,2,2,1,0,6,0.000824,92.720699
0,2,1,2,2,1,2,4,2,2,2,2,2,2,6,0.000824,92.721523
0,2,2,4,4,2,3,3,2,4,2,2,2,2,6,0.000824,92.722348
0,2,2,2,3,2,3,4,2,2,2,2,2,1,6,0.000824,92.723172
0,2,2,2,4,2,4,4,1,2,4,2,2,2,6,0.000824,92.723996
1,1,0,2,2,2,2,2,2,2,1,2,2,2,6,0.000824,92.724820
2,1,0,2,0,0,0,4,3,2,2,2,2,2,6,0.000824,92.725644
2,2,3,2,2,2,2,2,0,2,2,2,2,2,6,0.000824,92.726469
2,2,2,2,0,2,0,2,2,2,2,2,2,4,6,0.000824,92.727293
0,0,0,2,4,2,4,4,4,2,2,2,2,4,6,0.000824,92.728117
0,0,0,4,3,2,4,4,2,2,4,2,2,2,6,0.000824,92.728941
0,2,2,2,4,2,4,3,0,2,2,2,2,2,6,0.000824,92.729765
0,0,0,4,2,2,2,4,2,2,2,3,2,2,6,0.000824,92.730589
2,2,2,4,2,2,2,2,2,2,4,4,4,4,6,0.000824,92.731414
2,2,2,4,2,2,2,4,0,2,4,2,2,2,6,0.000824,92.732238
0,0,0,0,2,2,2,2,2,1,1,2,2,2,6,0.000824,92.733062
2,2,2,4,2,2,2,2,3,4,2,2,4,2,6,0.000824,92.733886
2,0,0,2,1,0,2,4,2,2,2,2,2,2,6,0.000824,92.734710
0,1,2,2,2,2,2,3,2,1,2,2,2,2,6,0.000824,92.735535
0,0,0,0,2,2,3,4,2,1,2,2,2,2,6,0.000824,92.736359
0,0,0,1,0,0,0,4,2,1,2,2,2,2,6,0.000824,92.737183
2,2,2,2,2,4,2,1,2,2,2,2,4,2,6,0.000824,92.738007
0,1,2,2,3,2,2,2,1,2,1,2,2,2,6,0.000824,92.738831
2,2,2,2,2,2,2,4,4,2,2,2,4,2,6,0.000824,92.739656
2,2,2,4,2,2,2,2,2,2,4,3,4,4,6,0.000824,92.740480
1,0,1,2,2,2,2,4,2,2,2,2,4,2,6,0.000824,92.741304
0,1,2,3,2,2,2,4,2,4,2,2,2,2,6,0.000824,92.742128
2,3,2,2,2,2,4,3,2,2,2,2,2,2,6,0.000824,92.742952
1,2,2,2,2,2,4,3,2,2,2,2,4,2,6,0.000824,92.743777
2,2,2,2,2,2,2,2,1,1,2,4,2,2,6,0.000824,92.744601
4,4,4,4,2,2,2,2,2,4,2,4,2,2,6,0.000824,92.745425
2,1,2,2,2,3,2,2,2,2,2,2,2,1,6,0.000824,92.746249
0,0,0,3,2,2,2,2,2,2,3,2,2,2,6,0.000824,92.747073
2,2,2,3,4,2,2,2,2,2,2,4,2,2,6,0.000824,92.747898
2,2,2,2,3,2,2,2,2,2,2,2,2,0,6,0.000824,92.748722
0,2,2,2,2,2,2,2,3,2,2,2,2,2,6,0.000824,92.749546
0,0,1,2,2,2,2,4,4,2,2,2,2,2,6,0.000824,92.750370
2,2,2,2,3,2,3,3,2,2,1,2,2,2,6,0.000824,92.751194
0,1,2,2,4,4,2,2,2,2,2,2,2,1,6,0.000824,92.752019
0,0,0,2,4,2,4,4,0,2,2,2,4,1,6,0.000824,92.752843
0,2,2,2,4,3,4,3,2,2,2,2,2,2,6,0.000824,92.753667
2,2,2,2,2,2,2,4,0,2,3,2,2,2,6,0.000824,92.754491
2,2,2,2,3,2,3,4,0,2,2,2,2,2,6,0.000824,92.755315
2,2,2,2,2,1,2,4,2,3,2,2,2,2,6,0.000824,92.756140
0,2,2,0,4,2,4,4,2,1,1,2,2,2,6,0.000824,92.756964
2,2,2,0,2,2,2,2,0,1,1,2,2,2,6,0.000824,92.757788
1,2,2,1,3,2,4,4,2,1,2,2,2,2,6,0.000824,92.758612
2,2,2,2,0,0,0,4,3,2,2,2,2,2,6,0.000824,92.759436
2,2,2,2,3,2,4,4,2,2,2,2,2,4,6,0.000824,92.760261
1,2,2,2,4,2,4,3,2,2,2,2,4,2,6,0.000824,92.761085
4,2,0,2,0,0,0,0,2,2,2,2,2,2,6,0.000824,92.761909
0,0,0,2,3,2,2,2,2,2,2,2,1,2,6,0.000824,92.762733
2,2,2,3,2,2,2,2,3,2,2,2,4,2,6,0.000824,92.763557
2,2,2,2,2,2,2,4,2,2,3,2,2,4,6,0.000824,92.764382
2,2,2,3,2,2,2,2,2,2,2,3,2,3,6,0.000824,92.765206
0,2,2,3,2,2,2,3,2,4,2,2,2,2,6,0.000824,92.766030
2,2,2,4,1,2,2,2,2,4,2,4,2,2,6,0.000824,92.766854
2,2,2,3,2,2,3,3,2,3,2,2,2,2,5,0.000687,92.767541
2,2,2,2,3,4,2,2,2,2,1,2,2,2,5,0.000687,92.768228
2,1,2,2,2,2,2,2,2,2,2,2,2,3,5,0.000687,92.768915
2,1,1,4,2,2,2,4,2,4,2,4,2,2,5,0.000687,92.769601
0,0,1,2,2,2,2,2,2,2,1,2,2,1,5,0.000687,92.770288
1,2,2,2,3,2,2,2,2,2,0,2,1,2,5,0.000687,92.770975
2,2,2,2,2,4,2,3,2,2,2,2,2,2,5,0.000687,92.771662
0,0,0,2,1,0,2,4,2,2,1,2,2,2,5,0.000687,92.772349
2,0,0,2,0,0,2,2,2,2,2,2,2,2,5,0.000687,92.773036
2,1,0,2,0,2,1,2,2,2,1,2,2,2,5,0.000687,92.773722
2,2,2,2,1,1,2,2,2,1,2,2,2,2,5,0.000687,92.774409
2,1,0,2,2,2,1,2,2,2,2,2,2,2,5,0.000687,92.775096
1,2,2,2,3,3,2,2,0,2,2,2,2,2,5,0.000687,92.775783
1,2,2,2,2,2,2,2,2,2,2,4,3,2,5,0.000687,92.776470
2,2,2,4,2,2,2,2,2,2,2,3,2,3,5,0.000687,92.777157
1,1,2,4,2,2,2,2,3,4,2,2,2,2,5,0.000687,92.777843
2,2,2,2,2,2,2,4,1,2,2,2,1,2,5,0.000687,92.778530
2,0,0,2,0,2,2,2,3,2,2,2,2,2,5,0.000687,92.779217
2,2,1,2,2,2,2,4,1,2,2,2,2,2,5,0.000687,92.779904
2,1,2,1,2,4,2,2,2,1,2,2,2,2,5,0.000687,92.780591
2,4,3,2,2,2,2,2,2,2,2,2,4,2,5,0.000687,92.781278
0,0,1,2,2,4,2,2,2,2,2,2,2,1,5,0.000687,92.781964
0,2,2,1,3,2,2,2,2,2,0,2,2,2,5,0.000687,92.782651
1,2,2,3,3,2,2,4,2,2,2,2,2,2,5,0.000687,92.783338
0,1,2,2,4,4,2,4,2,2,2,2,2,2,5,0.000687,92.784025
0,1,2,2,4,2,4,4,4,2,2,2,2,2,5,0.000687,92.784712
2,2,2,4,2,2,3,2,2,2,4,3,2,2,5,0.000687,92.785399
1,2,2,2,2,2,4,4,2,1,2,2,2,2,5,0.000687,92.786085
0,2,2,1,2,2,2,4,2,1,2,2,2,2,5,0.000687,92.786772
2,0,0,2,0,0,0,2,4,2,2,2,4,2,5,0.000687,92.787459
2,2,2,4,2,4,2,2,2,4,2,4,2,2,5,0.000687,92.788146
0,0,1,2,3,2,2,2,2,2,1,2,1,2,5,0.000687,92.788833
2,2,2,2,2,1,4,4,2,2,3,2,2,2,5,0.000687,92.789520
2,2,2,1,2,3,2,2,2,1,2,2,1,2,5,0.000687,92.790206
2,2,2,2,2,2,2,2,0,2,2,2,2,4,5,0.000687,92.790893
0,1,2,3,2,2,2,3,2,4,2,2,2,2,5,0.000687,92.791580
1,2,2,1,2,2,2,2,1,2,2,2,2,2,5,0.000687,92.792267
1,0,1,2,2,2,2,2,0,2,2,2,2,2,5,0.000687,92.792954
0,1,2,1,2,2,2,2,2,1,2,2,2,1,5,0.000687,92.793641
2,2,1,2,0,0,1,2,3,2,2,2,2,2,5,0.000687,92.794327
1,2,2,2,3,2,4,4,2,2,2,2,3,2,5,0.000687,92.795014
2,2,2,2,2,2,2,4,1,2,2,3,2,2,5,0.000687,92.795701
4,2,2,2,2,1,2,2,2,2,2,2,2,2,5,0.000687,92.796388
2,2,2,2,1,1,1,2,2,1,2,2,2,2,5,0.000687,92.797075
0,0,0,2,4,2,4,4,0,2,2,3,2,2,5,0.000687,92.797761
1,0,0,4,2,2,2,4,2,4,2,4,2,2,5,0.000687,92.798448
2,2,2,4,2,0,2,3,2,4,2,2,2,2,5,0.000687,92.799135
2,2,0,2,0,0,0,2,2,2,1,2,2,2,5,0.000687,92.799822
1,2,2,2,3,3,2,2,2,1,2,2,2,2,5,0.000687,92.800509
2,2,2,4,2,2,2,2,1,2,4,4,2,4,5,0.000687,92.801196
2,1,2,2,2,2,2,2,1,2,2,2,2,1,5,0.000687,92.801882
2,2,2,4,2,1,2,4,4,4,2,2,2,2,5,0.000687,92.802569
2,0,0,2,2,2,1,4,2,2,2,2,2,2,5,0.000687,92.803256
2,2,2,2,2,2,2,4,1,2,2,2,3,2,5,0.000687,92.803943
0,0,2,1,4,2,2,2,2,1,1,2,2,2,5,0.000687,92.804630
2,2,2,2,3,2,2,2,2,1,2,2,3,2,5,0.000687,92.805317
2,2,2,2,2,2,2,3,2,2,3,2,2,1,5,0.000687,92.806003
2,2,2,1,4,2,2,2,2,1,2,2,1,2,5,0.000687,92.806690
2,2,2,3,3,4,2,2,2,2,3,2,2,2,5,0.000687,92.807377
1,1,2,2,2,2,2,2,2,1,2,2,4,2,5,0.000687,92.808064
2,2,2,2,3,2,3,3,2,2,2,3,2,2,5,0.000687,92.808751
2,2,2,2,4,2,3,3,2,2,2,4,2,2,5,0.000687,92.809438
2,0,0,2,0,1,0,4,4,2,2,2,2,2,5,0.000687,92.810124
2,0,0,2,0,0,0,2,3,2,2,2,4,2,5,0.000687,92.810811
2,1,1,2,0,2,0,2,3,2,2,2,2,2,5,0.000687,92.811498
1,2,2,2,3,2,2,2,1,2,1,2,2,2,5,0.000687,92.812185
2,0,0,2,0,2,0,4,2,2,1,2,2,2,5,0.000687,92.812872
0,2,2,2,2,2,2,2,0,2,2,2,2,2,5,0.000687,92.813559
2,1,1,1,2,2,2,4,2,1,2,2,2,2,5,0.000687,92.814245
0,1,1,2,2,2,2,3,2,2,3,2,2,2,5,0.000687,92.814932
2,0,0,2,0,0,0,2,2,2,2,3,2,2,5,0.000687,92.815619
1,0,0,2,1,2,2,3,2,2,2,2,2,2,5,0.000687,92.816306
0,1,1,2,2,2,2,2,2,2,1,2,1,2,5,0.000687,92.816993
2,1,2,2,2,4,2,2,1,2,2,2,2,2,5,0.000687,92.817680
0,1,2,4,3,2,2,2,2,3,2,2,2,2,5,0.000687,92.818366
2,2,2,2,2,2,2,3,2,2,4,2,2,3,5,0.000687,92.819053
2,1,1,2,1,1,2,2,2,2,2,2,2,2,5,0.000687,92.819740
2,2,2,4,2,2,2,2,2,4,3,2,3,2,5,0.000687,92.820427
1,2,2,2,2,2,2,4,2,2,0,2,1,2,5,0.000687,92.821114
0,0,0,4,2,2,2,2,2,4,3,2,2,2,5,0.000687,92.821801
2,2,2,4,2,2,2,4,2,2,3,2,4,2,5,0.000687,92.822487
0,2,2,2,2,1,3,4,2,2,2,2,2,2,5,0.000687,92.823174
0,0,1,2,2,3,2,2,2,2,2,2,2,1,5,0.000687,92.823861
0,1,2,2,2,2,2,2,1,3,2,2,2,2,5,0.000687,92.824548
2,2,2,2,2,2,0,2,3,2,2,2,2,2,5,0.000687,92.825235
2,1,1,2,0,2,0,2,2,2,1,2,2,2,5,0.000687,92.825922
0,2,1,2,3,2,4,3,2,2,2,2,2,2,5,0.000687,92.826608
2,4,4,2,2,2,3,4,2,2,2,2,2,2,5,0.000687,92.827295
0,1,2,2,4,2,4,4,2,2,4,2,2,2,5,0.000687,92.827982
0,0,0,2,2,2,2,2,2,1,3,2,2,2,5,0.000687,92.828669
2,2,0,2,0,2,0,2,2,2,2,2,2,2,5,0.000687,92.829356
0,0,0,1,2,2,2,3,2,2,1,2,2,2,5,0.000687,92.830043
2,2,2,4,2,2,2,2,2,4,1,3,1,2,5,0.000687,92.830729
2,2,2,2,2,4,2,2,2,2,2,3,2,2,5,0.000687,92.831416
2,2,2,3,2,2,2,2,2,2,4,3,4,2,5,0.000687,92.832103
2,1,2,0,2,2,2,2,2,0,2,2,2,1,5,0.000687,92.832790
0,0,2,1,2,2,2,2,2,2,2,2,2,2,5,0.000687,92.833477
2,2,1,2,0,2,0,2,3,2,2,2,2,2,5,0.000687,92.834163
0,2,2,2,4,2,3,2,0,2,2,2,2,2,5,0.000687,92.834850
2,1,1,1,2,1,2,2,2,1,2,2,2,2,5,0.000687,92.835537
0,0,1,3,2,2,2,2,2,2,2,3,2,2,5,0.000687,92.836224
0,1,2,4,2,2,2,2,2,2,2,2,2,2,5,0.000687,92.836911
2,1,2,2,2,2,2,4,2,2,2,2,4,2,5,0.000687,92.837598
3,2,2,3,2,2,2,2,2,2,2,2,2,2,5,0.000687,92.838284
4,4,4,2,2,4,2,2,2,2,2,2,2,2,5,0.000687,92.838971
0,2,2,2,4,2,2,4,2,2,2,2,1,2,5,0.000687,92.839658
0,2,2,3,4,2,4,4,2,2,3,2,2,2,5,0.000687,92.840345
1,2,2,2,2,2,2,2,1,2,1,2,2,1,5,0.000687,92.841032
2,2,2,4,3,2,4,4,2,4,2,3,2,2,5,0.000687,92.841719
2,2,2,3,2,2,2,2,4,2,4,3,2,2,5,0.000687,92.842405
0,0,0,2,2,2,3,2,2,2,2,2,2,1,5,0.000687,92.843092
1,1,1,4,2,2,2,2,2,2,4,2,2,2,5,0.000687,92.843779
2,2,2,4,2,2,2,4,2,4,2,4,4,2,5,0.000687,92.844466
2,2,2,3,4,2,2,3,2,2,2,2,2,2,5,0.000687,92.845153
1,2,2,1,3,2,4,2,2,1,2,2,2,2,5,0.000687,92.845840
1,2,2,2,2,2,2,4,2,2,1,2,4,2,5,0.000687,92.846526
2,0,0,2,0,0,0,4,2,2,2,2,2,1,5,0.000687,92.847213
2,0,1,4,2,2,1,2,2,4,2,2,2,2,5,0.000687,92.847900
2,2,2,2,2,2,2,4,2,2,3,2,2,1,5,0.000687,92.848587
2,2,2,3,2,2,4,3,2,2,4,2,2,2,5,0.000687,92.849274
2,2,2,2,4,4,2,2,2,2,2,3,2,2,5,0.000687,92.849961
2,2,2,4,2,2,2,4,2,4,3,4,2,4,5,0.000687,92.850647
1,2,2,4,2,2,3,4,2,2,2,2,2,2,5,0.000687,92.851334
1,0,2,3,2,2,2,2,2,2,2,2,2,2,5,0.000687,92.852021
2,2,2,2,2,1,2,2,1,1,2,2,2,2,5,0.000687,92.852708
1,0,1,4,2,2,2,2,2,3,2,2,2,2,5,0.000687,92.853395
2,0,0,2,2,2,0,2,2,2,2,2,2,2,5,0.000687,92.854082
1,2,2,2,4,3,2,2,2,2,4,2,2,2,5,0.000687,92.854768
2,2,2,4,3,2,2,3,2,2,2,2,2,2,5,0.000687,92.855455
2,2,2,2,2,2,2,2,2,2,4,3,4,2,5,0.000687,92.856142
2,1,0,2,2,2,2,2,2,1,2,2,2,2,5,0.000687,92.856829
2,2,2,2,3,2,3,2,2,1,2,2,2,1,5,0.000687,92.857516
2,1,2,1,2,2,2,2,2,2,1,2,1,2,5,0.000687,92.858203
2,2,2,1,2,2,2,2,2,2,1,2,1,1,5,0.000687,92.858889
2,2,2,0,2,2,3,2,2,0,2,2,2,2,5,0.000687,92.859576
1,2,2,2,4,3,2,2,2,2,2,2,2,1,5,0.000687,92.860263
2,2,2,2,2,0,2,4,2,2,2,2,2,3,5,0.000687,92.860950
2,0,0,2,0,0,0,0,2,2,2,2,2,2,5,0.000687,92.861637
2,2,2,2,2,2,2,2,3,2,4,2,2,4,5,0.000687,92.862324
0,0,0,2,2,2,2,4,0,2,0,2,1,2,5,0.000687,92.863010
2,1,1,2,1,2,0,2,2,1,2,2,2,2,5,0.000687,92.863697
0,1,0,2,2,2,2,2,2,1,2,2,2,2,5,0.000687,92.864384
2,2,2,2,3,2,3,4,2,2,2,2,1,1,5,0.000687,92.865071
2,2,2,3,3,2,2,4,2,2,2,3,2,2,5,0.000687,92.865758
2,2,2,2,2,2,2,3,0,2,0,2,2,2,5,0.000687,92.866445
2,2,2,2,2,2,1,2,2,2,2,2,4,4,5,0.000687,92.867131
2,2,2,0,3,2,2,2,2,1,0,2,1,2,5,0.000687,92.867818
2,2,2,1,1,2,2,2,2,2,1,2,2,2,5,0.000687,92.868505
1,2,2,2,4,2,4,4,2,2,2,2,1,2,5,0.000687,92.869192
2,1,1,4,2,2,2,4,2,4,2,2,2,2,5,0.000687,92.869879
2,1,2,2,2,2,2,3,2,1,2,2,2,2,5,0.000687,92.870565
0,0,0,4,2,0,2,4,2,4,2,2,2,4,5,0.000687,92.871252
0,2,2,2,2,2,2,4,2,3,2,2,2,2,5,0.000687,92.871939
2,2,2,4,2,2,2,4,4,4,2,2,2,4,5,0.000687,92.872626
0,2,2,1,4,2,3,4,2,1,2,2,2,2,5,0.000687,92.873313
2,2,2,3,4,2,2,2,2,2,4,2,2,2,5,0.000687,92.874000
0,1,2,3,3,4,2,2,2,3,2,2,2,2,5,0.000687,92.874686
1,2,2,2,3,2,2,2,2,1,2,2,2,1,5,0.000687,92.875373
0,1,2,2,3,2,2,2,2,2,0,2,2,2,5,0.000687,92.876060
0,0,2,1,2,2,2,2,2,2,1,2,2,2,5,0.000687,92.876747
2,4,2,2,2,0,3,4,2,2,2,2,2,2,5,0.000687,92.877434
2,2,2,2,2,2,2,4,2,2,2,4,1,2,5,0.000687,92.878121
2,2,2,4,0,2,2,2,2,4,2,2,2,2,5,0.000687,92.878807
1,0,0,3,2,2,2,2,2,4,2,2,2,2,5,0.000687,92.879494
0,0,0,1,2,0,2,4,2,1,2,2,2,2,5,0.000687,92.880181
2,2,2,2,0,2,0,2,2,2,4,2,2,2,5,0.000687,92.880868
2,3,2,4,2,2,2,2,2,3,2,2,2,2,5,0.000687,92.881555
1,0,2,2,2,2,2,2,2,2,3,2,2,2,5,0.000687,92.882242
1,2,2,4,2,2,2,4,2,4,4,4,2,2,5,0.000687,92.882928
2,2,2,2,3,4,2,2,2,1,2,2,2,1,5,0.000687,92.883615
0,1,2,4,2,2,2,2,2,4,1,2,2,2,5,0.000687,92.884302
2,2,2,2,2,2,2,4,2,3,1,2,1,2,5,0.000687,92.884989
2,2,2,2,3,3,2,2,4,2,2,2,2,2,5,0.000687,92.885676
2,2,2,2,4,4,2,2,2,2,2,2,1,2,5,0.000687,92.886363
0,0,0,0,4,2,4,4,0,0,2,2,2,2,5,0.000687,92.887049
0,0,2,2,3,4,2,2,1,2,2,2,2,2,5,0.000687,92.887736
0,0,0,4,2,2,2,4,3,4,2,4,2,2,5,0.000687,92.888423
0,0,2,3,2,4,2,2,2,3,2,2,2,2,5,0.000687,92.889110
2,2,2,4,3,2,2,2,2,2,4,3,2,2,5,0.000687,92.889797
2,1,2,4,2,4,2,2,2,4,2,2,2,2,5,0.000687,92.890484
0,0,0,2,0,0,2,2,2,2,2,2,2,2,5,0.000687,92.891170
2,2,2,4,2,2,2,3,2,2,4,4,2,4,5,0.000687,92.891857
0,1,2,2,3,3,2,2,2,1,2,2,2,2,5,0.000687,92.892544
2,2,2,4,2,2,2,2,4,4,4,3,2,2,5,0.000687,92.893231
2,0,0,2,0,0,0,2,4,1,2,2,2,2,5,0.000687,92.893918
2,2,2,3,2,2,2,4,2,2,3,4,2,2,5,0.000687,92.894605
2,2,2,4,2,2,2,2,2,2,3,3,4,2,5,0.000687,92.895291
0,1,1,4,2,2,2,4,2,3,2,2,2,2,5,0.000687,92.895978
0,1,1,4,2,2,2,2,2,2,4,2,2,2,5,0.000687,92.896665
0,0,1,0,2,2,2,2,2,1,2,2,2,2,5,0.000687,92.897352
2,2,2,2,3,2,4,2,0,2,2,2,2,2,5,0.000687,92.898039
2,2,2,2,4,2,4,4,0,2,1,2,2,2,5,0.000687,92.898726
1,1,1,2,2,2,2,4,2,1,2,2,2,2,5,0.000687,92.899412
2,1,0,1,0,0,1,2,2,1,2,2,2,2,5,0.000687,92.900099
2,2,2,2,1,1,1,4,3,2,2,2,2,2,5,0.000687,92.900786
0,0,1,2,2,2,2,3,2,2,3,2,2,2,5,0.000687,92.901473
2,2,2,4,2,2,2,4,2,2,2,2,3,2,5,0.000687,92.902160
2,2,2,1,4,2,3,2,2,0,2,2,2,2,5,0.000687,92.902846
1,2,2,2,4,2,2,2,2,2,2,2,2,1,5,0.000687,92.903533
0,0,0,2,2,2,2,4,2,2,1,2,3,2,5,0.000687,92.904220
0,2,1,2,2,1,4,4,1,2,2,2,2,2,5,0.000687,92.904907
0,2,2,4,3,2,4,4,2,2,4,3,2,2,5,0.000687,92.905594
1,1,0,2,2,2,2,2,4,2,2,2,2,2,5,0.000687,92.906281
2,2,2,2,2,4,2,2,2,2,2,2,1,0,5,0.000687,92.906967
0,0,0,1,2,1,2,4,2,2,2,2,2,2,5,0.000687,92.907654
2,2,2,2,2,2,3,3,2,2,2,4,2,2,5,0.000687,92.908341
2,2,2,2,4,2,4,2,2,3,2,2,2,2,5,0.000687,92.909028
2,2,3,4,2,2,2,2,2,2,2,2,2,2,5,0.000687,92.909715
2,2,2,2,4,2,2,4,2,2,2,2,1,2,5,0.000687,92.910402
2,2,2,4,2,2,2,2,2,2,2,3,4,4,5,0.000687,92.911088
2,2,2,4,4,2,3,2,2,2,4,2,2,2,5,0.000687,92.911775
0,0,2,2,3,2,2,2,2,2,0,2,2,2,5,0.000687,92.912462
0,1,2,3,3,2,2,2,2,2,4,2,2,2,5,0.000687,92.913149
0,2,2,2,3,2,4,3,2,2,3,2,2,2,5,0.000687,92.913836
2,2,2,4,0,2,0,2,2,4,4,2,2,2,5,0.000687,92.914523
0,2,2,2,3,2,4,4,4,2,2,2,2,2,5,0.000687,92.915209
0,1,1,2,2,2,3,4,1,2,2,2,2,2,5,0.000687,92.915896
1,2,2,1,4,2,4,2,2,0,2,2,2,2,5,0.000687,92.916583
2,2,2,3,4,2,4,3,2,2,4,2,2,2,5,0.000687,92.917270
2,2,2,4,2,2,4,2,2,3,2,2,2,2,5,0.000687,92.917957
0,0,2,4,2,2,2,2,2,4,2,2,1,2,5,0.000687,92.918644
0,0,2,2,2,2,2,2,2,2,2,2,3,2,5,0.000687,92.919330
0,2,2,4,2,2,2,2,2,3,2,2,2,2,5,0.000687,92.920017
0,1,1,2,2,2,3,4,2,1,2,2,2,2,5,0.000687,92.920704
3,4,2,2,2,0,2,2,2,2,2,2,2,2,5,0.000687,92.921391
3,2,1,2,0,0,0,4,2,2,2,2,2,2,5,0.000687,92.922078
2,2,2,4,2,2,2,4,0,2,4,4,2,4,5,0.000687,92.922765
0,2,2,2,4,4,4,3,2,2,2,2,2,2,5,0.000687,92.923451
2,2,2,4,2,2,2,4,2,2,3,2,2,4,5,0.000687,92.924138
2,2,2,2,3,3,2,2,2,2,2,2,2,4,5,0.000687,92.924825
1,2,2,4,2,2,2,4,2,3,2,4,2,2,5,0.000687,92.925512
2,2,2,1,2,2,3,2,2,2,2,2,2,1,5,0.000687,92.926199
2,2,2,4,1,2,2,2,2,3,2,2,2,2,5,0.000687,92.926886
0,0,2,4,2,2,2,2,2,4,1,2,2,2,5,0.000687,92.927572
2,0,0,2,0,2,0,3,2,2,1,2,2,2,5,0.000687,92.928259
0,0,0,1,2,2,3,4,2,1,2,2,2,2,5,0.000687,92.928946
4,3,2,2,2,1,2,2,2,2,2,2,2,2,5,0.000687,92.929633
2,2,2,4,2,2,2,4,2,4,4,2,4,2,5,0.000687,92.930320
0,0,2,2,3,2,2,2,2,2,2,2,2,1,5,0.000687,92.931007
0,2,2,3,4,2,4,2,2,2,4,2,2,2,5,0.000687,92.931693
1,2,2,1,2,2,4,2,2,1,2,2,2,2,5,0.000687,92.932380
2,2,2,1,2,1,2,2,2,0,2,2,2,2,5,0.000687,92.933067
0,2,2,0,4,2,4,4,2,0,0,1,2,2,5,0.000687,92.933754
0,1,0,2,2,2,4,3,2,2,2,2,2,2,5,0.000687,92.934441
2,0,1,2,2,2,2,2,2,2,2,2,2,1,5,0.000687,92.935128
0,0,0,2,2,2,2,4,0,2,1,2,1,2,5,0.000687,92.935814
2,4,4,2,4,2,2,4,2,2,2,2,2,2,5,0.000687,92.936501
1,2,2,3,2,2,3,2,2,2,4,2,2,2,5,0.000687,92.937188
2,2,2,2,2,3,2,2,2,2,4,2,3,2,5,0.000687,92.937875
1,1,2,2,2,2,2,3,2,1,2,2,2,2,5,0.000687,92.938562
2,2,2,2,2,0,2,4,0,2,2,2,2,2,5,0.000687,92.939248
0,1,2,3,2,2,2,2,2,3,2,3,2,2,5,0.000687,92.939935
0,1,1,2,4,2,4,4,2,2,1,2,2,2,5,0.000687,92.940622
0,0,0,2,1,0,2,4,3,2,2,2,2,2,5,0.000687,92.941309
1,0,2,2,2,4,2,2,2,2,2,2,2,1,5,0.000687,92.941996
2,2,2,4,2,3,2,2,2,3,4,2,2,2,5,0.000687,92.942683
2,2,2,2,2,1,2,4,2,2,2,3,2,2,5,0.000687,92.943369
1,2,2,1,3,2,4,3,2,1,2,2,2,2,5,0.000687,92.944056
2,2,1,2,0,1,0,2,3,2,2,2,2,2,5,0.000687,92.944743
0,0,1,2,3,2,2,4,2,2,1,2,2,2,5,0.000687,92.945430
2,0,0,2,0,0,1,3,2,2,2,2,2,2,5,0.000687,92.946117
2,2,2,2,2,1,2,3,2,2,2,2,3,2,5,0.000687,92.946804
0,1,2,3,2,2,2,2,2,3,2,4,2,2,5,0.000687,92.947490
0,1,1,2,2,1,2,3,2,2,2,2,2,2,5,0.000687,92.948177
2,2,2,4,2,2,3,2,2,3,4,2,2,2,5,0.000687,92.948864
2,1,1,2,0,2,0,2,2,2,2,2,1,2,5,0.000687,92.949551
4,4,3,2,2,1,2,2,2,2,2,2,2,2,5,0.000687,92.950238
2,2,2,4,2,2,2,2,4,4,2,4,4,2,5,0.000687,92.950925
2,2,2,2,3,3,2,2,1,2,2,2,2,1,5,0.000687,92.951611
0,2,1,2,2,2,4,4,2,2,1,2,2,2,5,0.000687,92.952298
1,1,2,3,2,4,2,2,2,4,2,2,2,2,5,0.000687,92.952985
2,1,2,2,2,2,2,4,2,3,2,2,2,2,5,0.000687,92.953672
2,2,2,4,3,2,4,4,2,2,3,2,2,2,5,0.000687,92.954359
4,4,3,2,2,2,2,1,2,2,2,2,2,2,5,0.000687,92.955046
2,4,2,2,2,2,2,2,2,2,3,2,2,2,5,0.000687,92.955732
1,2,1,2,2,2,2,2,4,2,2,2,2,2,5,0.000687,92.956419
1,2,2,1,4,3,2,2,2,1,2,2,2,2,5,0.000687,92.957106
2,2,2,4,3,2,3,2,2,2,4,2,4,2,5,0.000687,92.957793
3,4,3,2,2,2,2,2,2,2,1,2,2,2,5,0.000687,92.958480
2,2,0,2,0,0,0,4,4,2,2,2,2,2,5,0.000687,92.959167
1,0,2,2,2,2,2,2,2,2,2,2,4,2,5,0.000687,92.959853
1,2,2,2,3,2,4,3,2,2,2,2,2,1,5,0.000687,92.960540
1,1,2,2,2,2,2,2,2,2,2,2,1,1,5,0.000687,92.961227
1,2,2,3,3,2,3,2,2,2,2,2,2,2,5,0.000687,92.961914
2,2,2,3,2,2,2,3,4,2,2,2,2,2,5,0.000687,92.962601
2,0,0,2,2,2,1,3,2,2,2,2,2,2,5,0.000687,92.963288
2,4,2,2,2,0,2,2,2,2,2,2,2,2,5,0.000687,92.963974
3,2,2,1,2,2,2,2,2,1,2,2,2,2,5,0.000687,92.964661
0,0,0,2,4,2,4,4,1,1,2,2,2,1,5,0.000687,92.965348
1,2,2,2,4,2,2,3,2,2,2,2,4,2,5,0.000687,92.966035
2,2,2,4,2,2,2,2,2,4,2,3,1,4,5,0.000687,92.966722
0,0,0,2,2,0,2,3,4,2,2,2,2,2,5,0.000687,92.967409
2,2,2,2,2,3,2,2,3,2,4,2,2,2,5,0.000687,92.968095
2,2,2,3,4,2,4,4,2,2,4,3,2,2,5,0.000687,92.968782
0,0,2,3,3,2,2,2,2,4,2,2,2,2,5,0.000687,92.969469
0,0,0,2,2,2,2,2,0,2,2,2,2,1,5,0.000687,92.970156
0,0,1,2,2,2,2,1,2,2,2,2,2,2,5,0.000687,92.970843
2,2,2,3,3,2,4,3,2,2,4,2,2,2,5,0.000687,92.971530
3,3,2,3,2,2,2,2,2,2,2,2,2,2,5,0.000687,92.972216
0,0,0,0,2,2,2,2,0,0,1,2,1,2,5,0.000687,92.972903
2,2,2,4,2,2,2,2,1,4,1,2,2,2,5,0.000687,92.973590
1,2,1,2,2,2,3,3,2,2,2,2,2,2,5,0.000687,92.974277
4,2,2,2,2,2,2,2,2,2,2,2,2,1,5,0.000687,92.974964
3,4,4,2,2,2,3,4,2,2,2,2,2,2,5,0.000687,92.975650
0,0,0,2,2,2,3,4,0,2,2,2,2,1,5,0.000687,92.976337
1,2,2,3,2,2,2,2,1,4,2,2,2,2,5,0.000687,92.977024
2,2,2,2,4,2,3,4,2,2,3,2,2,2,5,0.000687,92.977711
0,1,2,1,3,2,2,2,2,2,1,2,2,2,5,0.000687,92.978398
2,1,2,2,2,2,2,2,2,4,2,2,2,2,5,0.000687,92.979085
2,2,2,1,2,2,2,2,2,1,0,2,1,2,5,0.000687,92.979771
2,2,2,4,2,1,2,4,2,4,2,4,2,2,5,0.000687,92.980458
2,1,2,4,2,2,2,2,2,2,2,2,2,2,5,0.000687,92.981145
1,1,2,4,2,2,2,4,2,4,2,2,2,2,5,0.000687,92.981832
1,1,2,2,2,2,2,2,2,3,2,2,1,2,5,0.000687,92.982519
0,1,2,2,4,2,2,3,2,2,1,2,2,2,5,0.000687,92.983206
1,1,1,2,2,2,2,4,2,2,2,2,2,1,5,0.000687,92.983892
2,2,1,2,2,2,2,4,2,2,4,2,2,2,5,0.000687,92.984579
0,2,2,2,3,2,3,2,2,2,0,2,2,2,5,0.000687,92.985266
2,0,2,2,2,2,1,2,2,2,2,2,2,2,5,0.000687,92.985953
2,2,2,2,3,2,4,3,0,2,2,2,2,2,5,0.000687,92.986640
0,0,0,4,2,2,2,4,0,2,4,4,2,2,5,0.000687,92.987327
2,2,2,2,4,2,3,3,2,2,1,2,2,2,5,0.000687,92.988013
2,2,1,2,0,0,2,4,4,2,2,2,2,2,5,0.000687,92.988700
0,2,2,0,4,2,4,2,2,1,2,2,2,2,5,0.000687,92.989387
0,1,2,4,2,2,2,2,2,4,2,2,2,4,5,0.000687,92.990074
2,2,2,2,3,2,4,4,1,2,4,2,2,2,5,0.000687,92.990761
1,2,2,2,4,4,2,2,0,2,2,2,2,2,5,0.000687,92.991448
2,2,2,1,2,2,2,4,0,2,1,2,2,2,5,0.000687,92.992134
0,2,0,2,2,2,2,4,2,2,2,2,2,2,5,0.000687,92.992821
2,3,2,2,2,1,2,2,2,2,4,2,2,2,5,0.000687,92.993508
2,2,2,1,2,2,3,4,2,0,2,2,2,2,5,0.000687,92.994195
0,2,2,3,4,2,4,4,2,3,2,2,2,2,5,0.000687,92.994882
2,2,2,2,2,2,2,4,2,0,4,2,2,2,5,0.000687,92.995569
2,1,2,2,2,2,2,2,1,2,1,2,2,2,5,0.000687,92.996255
1,0,0,4,2,2,2,4,2,4,2,2,2,2,5,0.000687,92.996942
1,2,2,4,3,2,2,2,2,2,2,2,2,2,5,0.000687,92.997629
0,0,0,2,2,2,2,2,2,2,1,2,2,1,5,0.000687,92.998316
2,2,2,2,2,2,4,4,2,2,2,2,2,4,5,0.000687,92.999003
2,2,2,4,2,2,3,3,2,2,3,2,2,2,5,0.000687,92.999690
2,2,2,4,2,2,2,2,2,2,4,2,3,3,5,0.000687,93.000376
2,2,2,3,3,2,2,2,1,2,2,2,2,2,5,0.000687,93.001063
0,0,0,2,3,1,4,4,2,2,1,2,2,2,5,0.000687,93.001750
3,3,3,2,2,2,2,2,2,2,2,2,2,1,5,0.000687,93.002437
1,2,2,2,4,2,3,2,2,3,2,2,2,2,5,0.000687,93.003124
2,0,0,2,0,1,0,2,2,2,2,2,4,2,5,0.000687,93.003811
0,0,0,2,2,2,2,2,2,2,3,2,3,2,5,0.000687,93.004497
0,0,1,2,4,2,2,2,1,2,2,2,2,2,5,0.000687,93.005184
2,3,4,2,3,4,2,2,2,2,2,2,2,2,5,0.000687,93.005871
0,0,1,3,2,2,2,4,2,2,2,2,2,2,5,0.000687,93.006558
2,2,2,4,2,2,2,4,2,4,4,4,4,4,5,0.000687,93.007245
2,2,2,2,2,2,2,3,1,3,2,2,2,2,5,0.000687,93.007932
2,2,2,2,4,3,3,2,2,1,2,2,2,2,5,0.000687,93.008618
2,2,2,4,2,2,2,2,2,4,2,3,4,4,5,0.000687,93.009305
2,2,2,2,3,2,2,4,2,2,2,2,3,2,5,0.000687,93.009992
1,1,2,1,2,2,2,3,2,1,2,2,2,2,5,0.000687,93.010679
2,3,4,2,3,3,2,2,2,2,2,2,2,2,5,0.000687,93.011366
0,0,2,4,4,2,2,2,2,4,1,2,2,2,5,0.000687,93.012052
2,0,1,3,2,2,2,2,2,4,2,2,2,2,5,0.000687,93.012739
2,2,2,2,1,0,2,4,2,1,2,2,2,2,5,0.000687,93.013426
1,2,2,4,4,3,2,2,2,4,2,2,2,2,5,0.000687,93.014113
2,2,2,4,2,2,2,4,2,2,4,4,4,2,5,0.000687,93.014800
1,1,2,2,3,2,2,2,2,2,2,2,1,2,5,0.000687,93.015487
2,2,2,2,2,3,2,2,2,1,2,2,4,2,5,0.000687,93.016173
1,2,2,1,2,2,2,3,2,1,1,2,2,2,5,0.000687,93.016860
0,2,2,4,3,2,4,4,2,2,2,2,2,2,5,0.000687,93.017547
0,0,1,2,4,2,4,3,2,2,1,2,2,2,5,0.000687,93.018234
1,2,2,4,3,2,4,2,2,2,2,2,2,2,5,0.000687,93.018921
2,2,2,4,2,1,2,4,2,4,2,3,2,2,5,0.000687,93.019608
0,0,1,2,4,2,2,2,2,2,2,4,2,2,5,0.000687,93.020294
0,0,0,3,2,0,4,4,2,2,2,2,2,2,5,0.000687,93.020981
1,1,2,2,4,4,2,2,2,2,2,2,2,2,5,0.000687,93.021668
2,2,2,2,4,2,4,2,2,2,2,2,2,4,5,0.000687,93.022355
0,0,2,2,4,2,2,2,1,2,1,2,2,2,5,0.000687,93.023042
0,0,0,0,4,2,4,4,2,0,1,2,2,2,5,0.000687,93.023729
2,2,2,4,2,1,2,4,2,2,4,2,2,2,5,0.000687,93.024415
1,2,2,2,2,2,4,2,2,2,2,2,2,1,5,0.000687,93.025102
2,3,2,2,2,2,2,2,2,1,4,2,2,2,5,0.000687,93.025789
0,0,1,2,2,2,2,2,2,3,2,2,1,2,5,0.000687,93.026476
0,0,0,2,4,2,2,4,2,2,0,2,2,2,5,0.000687,93.027163
0,0,0,2,3,3,2,2,2,2,2,2,2,2,5,0.000687,93.027850
0,0,0,1,2,2,2,3,2,1,2,2,2,2,5,0.000687,93.028536
0,1,2,4,4,2,3,2,2,4,2,3,2,2,5,0.000687,93.029223
2,2,1,2,2,1,2,4,2,2,3,2,2,2,5,0.000687,93.029910
2,2,2,4,2,2,4,4,2,2,3,2,2,2,5,0.000687,93.030597
2,2,2,1,3,2,4,3,2,1,2,2,2,2,5,0.000687,93.031284
1,0,1,2,2,2,2,2,2,2,2,3,2,2,5,0.000687,93.031971
0,0,0,2,3,2,2,3,2,2,0,2,2,2,5,0.000687,93.032657
0,1,2,2,3,2,2,4,1,2,2,2,2,2,5,0.000687,93.033344
0,0,0,1,3,2,4,4,2,2,2,2,2,2,5,0.000687,93.034031
0,0,0,4,3,2,4,4,2,2,2,2,2,2,5,0.000687,93.034718
1,2,2,2,3,2,4,4,0,2,2,2,2,2,5,0.000687,93.035405
2,2,1,4,2,2,2,2,2,2,2,2,2,2,5,0.000687,93.036092
0,2,2,2,4,2,4,3,2,2,3,2,2,2,5,0.000687,93.036778
0,0,0,2,4,2,4,4,0,2,2,2,2,0,5,0.000687,93.037465
0,1,2,1,2,2,2,4,2,1,2,2,2,2,5,0.000687,93.038152
2,2,1,2,2,0,2,2,2,1,2,2,2,2,5,0.000687,93.038839
0,0,0,4,2,0,2,4,2,2,4,2,2,2,5,0.000687,93.039526
1,1,2,3,2,2,2,2,2,3,2,3,2,2,5,0.000687,93.040213
1,2,2,3,2,3,2,2,2,3,2,2,2,2,5,0.000687,93.040899
2,1,1,2,1,2,1,4,2,2,2,2,2,2,5,0.000687,93.041586
1,2,2,2,3,2,2,2,2,2,2,2,2,3,5,0.000687,93.042273
2,2,2,2,2,2,2,2,3,2,2,2,1,0,5,0.000687,93.042960
0,0,0,2,2,2,2,1,2,2,2,2,2,2,5,0.000687,93.043647
0,0,0,2,2,2,2,2,2,0,2,2,2,2,5,0.000687,93.044334
1,1,2,2,2,2,2,2,1,2,2,2,1,2,5,0.000687,93.045020
2,0,0,2,0,2,1,2,4,2,2,2,2,2,5,0.000687,93.045707
2,2,2,4,2,2,2,2,2,4,2,3,1,1,5,0.000687,93.046394
0,0,1,2,4,2,2,2,2,1,2,2,2,2,5,0.000687,93.047081
2,2,2,2,3,2,3,2,2,1,4,2,2,2,5,0.000687,93.047768
2,2,2,3,2,2,2,2,2,3,1,2,2,2,5,0.000687,93.048454
2,0,0,2,0,0,1,2,4,2,2,2,2,2,5,0.000687,93.049141
0,1,2,4,2,2,2,2,1,4,2,2,2,2,5,0.000687,93.049828
3,3,2,3,2,2,2,2,2,2,4,2,2,2,5,0.000687,93.050515
2,0,1,2,2,2,2,2,3,2,2,2,2,2,5,0.000687,93.051202
2,2,1,4,2,2,2,2,2,4,2,2,2,2,5,0.000687,93.051889
1,1,2,4,2,2,2,2,2,3,2,2,4,2,5,0.000687,93.052575
0,2,2,2,3,2,2,3,2,2,1,2,2,2,5,0.000687,93.053262
2,2,2,2,2,2,3,2,2,3,2,2,2,2,5,0.000687,93.053949
1,0,0,2,1,1,2,4,2,2,2,2,2,2,5,0.000687,93.054636
0,1,1,2,2,2,2,4,2,2,2,4,2,2,5,0.000687,93.055323
4,1,0,2,0,0,0,0,2,2,2,2,2,2,5,0.000687,93.056010
1,2,2,4,2,2,2,4,2,4,2,2,1,2,5,0.000687,93.056696
1,2,2,4,2,2,2,2,1,2,4,2,2,2,5,0.000687,93.057383
0,0,0,2,2,1,3,4,2,2,1,2,2,2,5,0.000687,93.058070
2,2,2,2,1,0,2,2,2,2,2,2,4,2,5,0.000687,93.058757
0,0,0,2,2,0,4,4,2,2,2,2,1,2,5,0.000687,93.059444
1,0,2,4,2,2,2,2,2,4,2,3,2,2,5,0.000687,93.060131
0,1,0,2,2,2,2,2,2,2,2,2,2,1,5,0.000687,93.060817
2,2,2,2,2,2,2,4,0,2,0,2,2,2,5,0.000687,93.061504
1,2,2,2,3,2,3,3,2,1,2,2,2,2,5,0.000687,93.062191
2,2,2,3,3,2,3,4,2,2,4,2,2,2,5,0.000687,93.062878
2,2,2,3,3,3,2,2,2,4,2,2,2,2,5,0.000687,93.063565
0,0,0,4,3,2,4,4,2,4,2,4,2,2,5,0.000687,93.064252
0,0,1,2,4,2,4,4,2,2,2,2,4,2,5,0.000687,93.064938
2,1,1,1,2,2,2,2,2,2,2,2,2,2,5,0.000687,93.065625
2,2,2,2,3,2,4,3,2,2,2,3,2,2,5,0.000687,93.066312
0,0,2,2,2,2,2,2,2,2,2,4,2,2,5,0.000687,93.066999
2,2,2,4,4,2,2,3,2,4,2,2,2,2,5,0.000687,93.067686
0,1,2,2,3,2,2,2,2,2,2,2,3,2,5,0.000687,93.068373
0,1,2,2,4,2,3,2,1,2,2,2,2,2,5,0.000687,93.069059
1,2,2,4,2,2,2,4,2,2,4,4,2,4,5,0.000687,93.069746
2,2,2,2,2,2,2,0,4,2,2,2,2,2,5,0.000687,93.070433
1,1,1,2,2,2,2,2,0,2,2,2,2,2,5,0.000687,93.071120
0,0,0,0,4,2,4,4,2,1,2,2,2,2,5,0.000687,93.071807
4,3,2,2,2,2,2,2,2,2,2,2,4,2,5,0.000687,93.072494
2,0,0,2,0,0,0,2,1,2,2,2,2,2,5,0.000687,93.073180
2,2,2,2,2,2,2,2,2,3,0,2,2,1,5,0.000687,93.073867
0,1,2,3,3,2,2,4,2,2,2,2,2,2,5,0.000687,93.074554
0,0,0,3,2,2,4,4,2,2,2,2,4,2,5,0.000687,93.075241
2,1,2,4,2,2,2,2,2,4,2,2,1,2,5,0.000687,93.075928
1,1,2,4,2,2,2,2,2,4,2,2,3,2,5,0.000687,93.076615
0,0,0,2,2,0,4,4,0,2,2,2,2,2,5,0.000687,93.077301
0,1,2,2,3,2,3,4,1,2,2,2,2,2,5,0.000687,93.077988
2,2,2,4,2,2,2,2,3,4,3,2,2,2,5,0.000687,93.078675
0,1,2,2,2,2,2,3,1,2,2,2,2,2,5,0.000687,93.079362
2,0,0,2,2,1,2,4,2,2,2,2,2,2,5,0.000687,93.080049
0,0,0,2,3,2,2,2,2,2,0,2,2,2,5,0.000687,93.080736
2,4,2,2,2,2,4,4,2,2,2,2,2,2,5,0.000687,93.081422
0,0,2,2,4,2,2,2,2,3,1,2,2,2,5,0.000687,93.082109
0,2,2,3,2,2,2,3,2,3,2,2,2,2,5,0.000687,93.082796
0,0,0,2,2,2,3,4,1,2,0,2,2,2,5,0.000687,93.083483
4,4,2,2,2,0,2,2,2,2,2,2,2,2,5,0.000687,93.084170
2,2,2,4,2,2,2,4,2,4,1,2,1,2,5,0.000687,93.084856
2,2,2,4,3,3,2,2,2,2,2,2,2,2,5,0.000687,93.085543
2,1,1,3,2,2,2,2,2,2,2,2,2,2,5,0.000687,93.086230
2,2,2,2,2,1,2,2,2,2,2,4,2,2,5,0.000687,93.086917
0,0,0,4,3,2,4,4,2,2,4,2,2,4,5,0.000687,93.087604
2,2,2,4,2,2,2,2,2,3,2,3,3,2,5,0.000687,93.088291
0,0,0,2,2,2,2,2,0,2,0,2,1,2,5,0.000687,93.088977
2,2,2,2,2,2,2,2,2,2,4,3,3,2,5,0.000687,93.089664
3,2,2,2,0,2,0,2,2,2,3,2,2,2,5,0.000687,93.090351
2,2,2,2,4,3,3,2,1,2,2,2,2,2,5,0.000687,93.091038
1,2,2,2,4,2,4,3,2,2,4,2,2,2,5,0.000687,93.091725
0,2,1,2,2,1,2,2,2,2,2,2,2,2,5,0.000687,93.092412
2,2,2,2,4,2,4,3,2,2,2,2,4,2,5,0.000687,93.093098
2,2,1,4,2,0,2,4,2,4,2,2,2,2,5,0.000687,93.093785
0,2,2,2,4,2,4,3,2,3,2,2,2,2,5,0.000687,93.094472
2,2,3,2,2,4,2,2,2,2,4,2,2,2,5,0.000687,93.095159
0,2,2,2,4,2,2,2,2,2,0,2,1,2,5,0.000687,93.095846
1,0,2,2,2,2,2,3,2,2,2,2,2,2,5,0.000687,93.096533
2,2,2,4,2,3,2,2,2,3,2,4,2,2,5,0.000687,93.097219
1,1,2,0,2,2,2,2,2,1,0,2,2,2,5,0.000687,93.097906
1,2,2,3,3,2,4,2,2,2,4,2,2,2,5,0.000687,93.098593
0,0,0,2,2,0,4,4,2,2,2,2,2,1,5,0.000687,93.099280
2,2,2,3,2,2,2,4,1,3,2,2,2,2,5,0.000687,93.099967
0,0,0,0,4,2,4,4,1,0,2,2,2,2,5,0.000687,93.100654
0,0,1,2,2,2,2,2,2,2,2,2,1,1,5,0.000687,93.101340
0,1,2,4,4,2,2,2,2,4,2,3,2,2,5,0.000687,93.102027
0,0,0,2,2,2,2,2,0,2,1,2,2,1,5,0.000687,93.102714
0,1,1,2,3,1,4,4,2,2,2,2,2,2,5,0.000687,93.103401
2,2,2,0,2,2,2,2,2,2,2,2,2,2,5,0.000687,93.104088
1,1,1,2,2,2,2,3,1,2,2,2,2,2,5,0.000687,93.104775
2,2,2,2,4,2,3,4,2,2,2,2,3,2,5,0.000687,93.105461
2,2,2,2,2,2,1,2,2,2,2,2,2,4,5,0.000687,93.106148
2,2,2,2,2,2,2,2,4,2,4,2,2,3,5,0.000687,93.106835
0,1,1,1,2,2,2,2,2,2,1,2,2,2,5,0.000687,93.107522
1,2,2,4,2,2,2,2,2,2,2,3,2,2,5,0.000687,93.108209
0,0,2,2,4,2,2,2,2,2,2,3,2,2,5,0.000687,93.108896
0,1,2,2,2,2,2,4,2,2,2,2,4,2,5,0.000687,93.109582
2,2,2,0,2,2,2,2,2,0,2,1,2,2,5,0.000687,93.110269
2,2,2,4,4,2,3,2,2,3,2,2,2,2,5,0.000687,93.110956
0,2,2,2,4,2,4,3,2,2,2,2,3,2,5,0.000687,93.111643
0,0,1,2,2,2,2,2,2,3,1,2,1,2,5,0.000687,93.112330
2,2,2,2,2,0,2,2,3,2,4,2,2,2,5,0.000687,93.113017
0,0,0,2,3,2,4,4,2,2,2,2,2,4,5,0.000687,93.113703
0,0,1,3,2,2,2,2,1,4,2,2,2,2,5,0.000687,93.114390
2,0,0,1,0,0,0,4,2,2,2,2,2,2,5,0.000687,93.115077
3,4,3,2,2,2,2,2,2,2,2,2,4,2,5,0.000687,93.115764
2,2,2,2,2,4,2,2,2,2,2,2,2,4,5,0.000687,93.116451
0,2,2,4,4,2,4,4,2,4,2,3,2,2,5,0.000687,93.117138
1,2,1,2,2,2,2,3,1,2,2,2,2,2,5,0.000687,93.117824
2,2,2,1,3,3,2,2,2,1,2,2,2,1,5,0.000687,93.118511
0,0,0,3,2,0,2,4,2,3,2,2,2,2,5,0.000687,93.119198
1,2,2,4,2,2,2,4,3,4,2,4,2,2,5,0.000687,93.119885
2,2,2,4,3,2,2,2,2,2,3,3,2,2,5,0.000687,93.120572
0,0,0,2,4,2,3,4,0,2,0,2,2,2,5,0.000687,93.121258
0,0,0,2,3,2,4,4,0,2,1,2,2,2,5,0.000687,93.121945
2,3,2,2,2,0,2,2,2,2,4,2,2,2,5,0.000687,93.122632
2,2,2,3,2,4,2,1,2,4,2,2,2,2,5,0.000687,93.123319
2,2,1,2,2,2,2,2,1,2,2,2,2,2,5,0.000687,93.124006
0,0,0,3,2,2,2,4,2,2,3,2,2,2,5,0.000687,93.124693
0,2,2,2,4,2,2,2,2,2,2,2,3,2,5,0.000687,93.125379
0,0,1,2,2,2,2,3,2,2,2,2,4,2,5,0.000687,93.126066
2,2,2,2,4,2,3,2,2,2,0,2,2,2,5,0.000687,93.126753
2,2,2,2,2,2,2,3,2,4,0,2,2,2,5,0.000687,93.127440
2,2,2,2,4,2,2,3,2,2,2,4,2,2,5,0.000687,93.128127
2,2,2,2,0,0,1,2,2,1,2,2,2,2,5,0.000687,93.128814
0,0,0,2,2,2,2,4,2,3,1,2,2,2,5,0.000687,93.129500
0,2,2,2,4,2,4,2,2,2,2,3,2,2,5,0.000687,93.130187
2,1,0,1,0,0,0,2,2,2,2,2,2,2,5,0.000687,93.130874
2,0,0,4,0,0,0,2,4,4,2,4,2,2,5,0.000687,93.131561
2,2,2,2,4,2,4,3,2,2,1,2,2,2,5,0.000687,93.132248
0,1,1,2,4,2,4,4,2,2,2,2,4,2,5,0.000687,93.132935
2,2,2,2,2,2,2,2,2,2,0,2,2,0,5,0.000687,93.133621
2,1,2,1,2,2,2,2,2,1,1,2,1,2,5,0.000687,93.134308
2,2,2,2,3,2,2,2,1,2,4,2,2,2,5,0.000687,93.134995
0,2,2,2,4,2,4,4,2,2,0,2,1,2,5,0.000687,93.135682
2,2,2,2,2,2,0,2,2,2,4,2,2,2,5,0.000687,93.136369
2,2,2,4,2,3,2,2,2,2,3,2,2,2,5,0.000687,93.137056
2,2,2,1,3,2,3,2,1,2,2,2,2,2,5,0.000687,93.137742
1,2,2,3,2,2,3,4,2,2,4,2,2,2,5,0.000687,93.138429
2,2,2,4,2,2,2,3,2,2,2,4,4,2,5,0.000687,93.139116
0,0,0,3,4,2,4,4,2,3,2,2,2,2,5,0.000687,93.139803
3,4,4,4,2,2,2,2,2,2,2,2,2,2,5,0.000687,93.140490
2,1,2,2,2,3,2,4,2,2,2,2,2,2,5,0.000687,93.141177
0,0,0,4,2,0,2,4,4,4,2,4,2,4,5,0.000687,93.141863
0,0,2,2,4,4,2,2,2,2,2,2,2,1,5,0.000687,93.142550
0,0,0,1,2,2,4,4,2,2,1,2,2,2,5,0.000687,93.143237
2,2,2,2,3,2,2,3,2,2,2,2,2,4,5,0.000687,93.143924
1,2,2,4,2,2,2,2,4,4,2,4,2,2,5,0.000687,93.144611
2,0,0,2,1,2,2,4,2,2,2,2,2,2,5,0.000687,93.145298
2,2,2,2,3,2,3,2,2,2,2,2,1,1,5,0.000687,93.145984
2,2,2,3,2,2,2,2,2,3,2,2,2,3,5,0.000687,93.146671
1,2,2,2,4,3,3,2,2,1,2,2,2,2,5,0.000687,93.147358
0,1,1,2,2,2,3,4,2,2,2,2,2,1,5,0.000687,93.148045
2,2,2,3,2,1,2,4,2,3,2,2,2,2,5,0.000687,93.148732
2,2,3,4,2,2,2,2,2,4,2,2,2,2,5,0.000687,93.149419
2,2,2,4,2,2,4,4,2,4,4,4,2,2,5,0.000687,93.150105
0,0,2,2,3,2,2,2,2,2,2,3,2,2,5,0.000687,93.150792
1,0,0,2,2,2,2,2,2,2,2,2,3,2,5,0.000687,93.151479
0,0,0,1,4,2,4,4,1,2,2,2,2,2,5,0.000687,93.152166
1,0,2,4,2,2,2,2,2,4,2,4,2,2,5,0.000687,93.152853
2,2,2,2,3,2,2,3,2,2,2,4,2,2,5,0.000687,93.153540
1,1,2,1,2,3,2,2,2,1,2,2,2,2,5,0.000687,93.154226
2,2,2,4,2,2,2,2,0,4,2,3,2,2,5,0.000687,93.154913
2,2,2,2,2,2,2,2,4,2,0,2,2,2,5,0.000687,93.155600
1,2,2,4,2,2,2,4,2,4,4,2,2,2,5,0.000687,93.156287
0,0,0,4,2,2,2,4,2,2,4,4,4,2,5,0.000687,93.156974
1,2,2,2,2,3,2,2,2,3,2,2,2,2,5,0.000687,93.157660
3,3,4,2,2,4,2,2,2,2,2,2,2,2,5,0.000687,93.158347
2,2,2,3,2,2,2,2,4,2,2,2,2,3,5,0.000687,93.159034
0,1,2,2,2,2,2,2,2,2,2,2,2,3,5,0.000687,93.159721
2,2,2,2,2,2,2,2,2,1,1,2,4,2,5,0.000687,93.160408
2,2,2,2,2,2,2,4,0,2,2,2,1,2,5,0.000687,93.161095
1,2,2,2,2,2,2,3,4,2,2,2,2,2,5,0.000687,93.161781
2,0,0,1,0,0,0,2,2,2,2,2,2,2,5,0.000687,93.162468
0,0,0,4,2,2,2,3,2,2,2,4,2,2,5,0.000687,93.163155
1,1,1,2,2,2,2,3,2,1,2,2,2,2,5,0.000687,93.163842
2,2,2,2,4,2,3,2,2,2,2,2,2,3,5,0.000687,93.164529
2,2,2,4,2,2,2,2,2,2,2,2,2,1,5,0.000687,93.165216
2,2,2,4,2,4,2,2,2,4,2,2,1,2,5,0.000687,93.165902
0,2,2,2,2,2,2,2,2,2,2,2,3,2,5,0.000687,93.166589
0,0,0,2,3,2,4,4,0,2,0,2,2,2,5,0.000687,93.167276
2,2,2,2,2,2,3,2,2,2,3,3,2,2,5,0.000687,93.167963
2,3,3,2,3,2,4,2,2,2,2,2,2,2,5,0.000687,93.168650
0,0,1,2,2,2,2,2,2,4,2,2,2,2,5,0.000687,93.169337
1,1,2,2,2,2,2,4,2,2,0,2,2,2,5,0.000687,93.170023
0,2,2,1,4,2,4,4,2,1,1,2,2,2,5,0.000687,93.170710
2,1,2,2,2,2,1,1,2,2,2,2,2,2,5,0.000687,93.171397
1,0,0,2,2,2,2,2,2,2,2,2,1,2,5,0.000687,93.172084
2,1,0,2,1,0,2,3,2,2,2,2,2,2,5,0.000687,93.172771
2,2,0,2,2,2,2,4,2,2,2,2,2,2,5,0.000687,93.173458
2,3,4,2,2,2,2,2,2,1,2,2,2,2,5,0.000687,93.174144
0,1,0,2,2,2,3,4,2,2,1,2,2,2,5,0.000687,93.174831
2,2,2,4,3,2,2,2,2,3,2,4,2,2,5,0.000687,93.175518
2,2,2,4,2,2,2,3,2,2,2,2,3,2,5,0.000687,93.176205
3,2,2,2,1,0,2,4,2,2,2,2,2,2,5,0.000687,93.176892
0,0,0,1,2,2,4,4,1,1,2,2,2,2,5,0.000687,93.177579
2,2,2,2,2,1,2,2,2,2,4,2,4,2,5,0.000687,93.178265
0,0,0,2,3,2,4,2,1,2,2,2,2,2,5,0.000687,93.178952
2,4,3,3,2,2,2,2,2,2,2,2,2,2,5,0.000687,93.179639
2,2,2,2,2,2,2,2,3,2,4,3,2,2,5,0.000687,93.180326
2,2,2,1,2,2,2,2,2,0,2,2,4,2,5,0.000687,93.181013
2,2,2,3,3,2,4,4,2,2,2,4,2,2,5,0.000687,93.181700
4,2,2,2,1,2,0,4,2,2,2,2,2,2,5,0.000687,93.182386
1,1,1,2,2,2,2,4,2,2,2,2,1,2,5,0.000687,93.183073
0,0,0,2,2,2,2,2,2,2,0,3,2,2,5,0.000687,93.183760
0,1,1,2,3,2,2,2,2,2,1,2,2,2,5,0.000687,93.184447
2,2,2,2,1,2,2,2,2,2,0,2,1,2,5,0.000687,93.185134
2,2,2,2,2,2,2,4,0,2,2,4,2,2,5,0.000687,93.185821
0,0,0,2,2,2,2,2,4,2,2,4,2,2,5,0.000687,93.186507
3,2,2,2,0,0,0,2,4,2,2,2,2,2,5,0.000687,93.187194
1,0,1,2,2,2,2,2,2,2,2,2,3,2,5,0.000687,93.187881
0,0,0,2,3,2,4,4,0,2,2,2,2,1,5,0.000687,93.188568
2,0,1,2,2,2,2,1,2,2,2,2,2,2,5,0.000687,93.189255
0,2,2,2,4,2,4,4,4,2,1,2,2,2,5,0.000687,93.189942
0,0,0,2,3,2,3,4,0,2,0,2,2,2,5,0.000687,93.190628
2,2,2,4,2,2,4,4,2,4,2,3,2,2,5,0.000687,93.191315
2,2,2,0,3,2,2,2,2,0,2,2,2,1,5,0.000687,93.192002
2,2,2,4,2,4,2,2,2,3,4,2,2,2,5,0.000687,93.192689
0,2,2,2,4,2,3,2,2,2,4,2,2,2,5,0.000687,93.193376
1,1,2,4,2,2,2,2,4,4,2,4,2,2,5,0.000687,93.194062
1,2,2,2,4,2,4,4,3,2,2,2,2,2,5,0.000687,93.194749
2,2,2,4,4,2,4,4,2,4,2,3,2,2,5,0.000687,93.195436
2,2,2,4,4,2,4,4,2,2,2,3,2,2,5,0.000687,93.196123
0,2,2,1,4,2,4,4,0,1,2,2,2,2,5,0.000687,93.196810
1,1,2,2,2,2,2,2,2,0,2,2,2,2,5,0.000687,93.197497
0,1,2,3,4,2,3,2,2,4,2,2,2,2,5,0.000687,93.198183
2,2,2,1,2,2,2,4,2,1,2,2,1,2,5,0.000687,93.198870
2,4,4,2,3,2,2,4,2,2,2,2,2,2,5,0.000687,93.199557
0,0,0,2,2,1,2,4,2,2,2,2,3,2,5,0.000687,93.200244
0,0,1,1,2,2,2,2,2,0,2,2,2,2,5,0.000687,93.200931
0,0,0,2,2,2,2,4,3,2,2,2,4,2,5,0.000687,93.201618
2,2,2,4,2,2,2,3,2,2,4,2,3,2,5,0.000687,93.202304
0,0,0,2,2,2,2,4,4,2,0,2,2,2,5,0.000687,93.202991
2,2,2,1,2,2,2,2,0,1,1,2,1,2,5,0.000687,93.203678
0,0,0,2,2,2,4,2,1,2,2,2,2,2,5,0.000687,93.204365
2,2,2,3,4,2,2,4,2,2,2,2,2,2,5,0.000687,93.205052
1,1,2,2,2,2,2,3,2,2,2,2,4,2,5,0.000687,93.205739
2,2,2,2,1,2,0,2,2,2,2,2,2,1,5,0.000687,93.206425
2,1,1,2,0,2,2,4,2,2,1,2,2,2,5,0.000687,93.207112
0,2,2,1,2,2,2,2,2,1,1,2,2,2,5,0.000687,93.207799
1,1,1,2,2,2,2,4,2,2,0,2,2,2,5,0.000687,93.208486
2,2,0,2,1,1,2,2,2,2,2,2,2,2,5,0.000687,93.209173
2,3,2,2,2,2,2,4,2,1,2,2,2,2,5,0.000687,93.209860
0,2,1,2,2,1,3,4,2,2,2,2,2,2,5,0.000687,93.210546
0,0,0,4,0,0,0,4,4,4,2,2,2,2,5,0.000687,93.211233
0,2,2,4,2,2,3,4,2,2,4,2,2,2,5,0.000687,93.211920
2,0,1,2,2,2,1,4,2,2,2,2,2,2,5,0.000687,93.212607
2,2,2,1,2,4,2,2,1,1,2,2,2,2,5,0.000687,93.213294
0,2,2,4,2,2,4,4,2,2,4,2,2,2,5,0.000687,93.213981
1,2,2,4,2,2,2,2,3,4,2,2,2,2,5,0.000687,93.214667
0,0,0,2,2,1,4,4,2,2,0,2,2,2,5,0.000687,93.215354
2,0,0,2,2,0,2,2,2,2,2,2,2,2,5,0.000687,93.216041
0,0,0,2,2,2,2,2,2,3,0,2,2,2,5,0.000687,93.216728
0,1,2,4,2,2,2,2,2,2,4,2,2,2,5,0.000687,93.217415
2,2,2,4,2,2,2,2,2,3,2,4,3,2,5,0.000687,93.218102
2,2,2,4,3,4,2,2,2,3,2,2,2,2,5,0.000687,93.218788
0,1,1,2,3,2,4,4,2,2,3,2,2,2,5,0.000687,93.219475
2,2,2,4,2,2,2,2,2,3,2,4,4,4,5,0.000687,93.220162
2,2,2,2,2,2,3,3,4,2,2,2,2,2,5,0.000687,93.220849
2,2,2,2,3,2,3,4,2,2,2,4,2,2,5,0.000687,93.221536
2,2,2,1,2,3,2,2,1,2,2,2,2,2,5,0.000687,93.222223
0,0,0,2,2,2,2,4,2,2,2,4,1,2,5,0.000687,93.222909
1,2,2,3,2,2,2,2,2,4,2,2,1,2,5,0.000687,93.223596
2,2,2,2,3,2,4,3,2,2,2,2,3,2,5,0.000687,93.224283
0,0,0,2,4,2,3,2,2,2,0,2,2,2,5,0.000687,93.224970
2,2,2,4,2,2,2,3,1,2,4,2,2,2,5,0.000687,93.225657
0,0,0,4,2,2,2,2,4,4,2,2,1,2,5,0.000687,93.226344
2,2,2,2,2,2,4,3,2,2,2,4,2,2,5,0.000687,93.227030
0,0,0,2,0,1,2,4,2,2,2,2,2,2,5,0.000687,93.227717
1,2,2,2,2,2,2,2,2,2,1,2,4,2,5,0.000687,93.228404
0,2,2,4,2,2,4,4,2,2,2,2,2,2,5,0.000687,93.229091
2,2,2,3,2,2,3,2,2,4,2,2,2,2,5,0.000687,93.229778
0,2,2,2,4,2,2,3,2,2,0,2,2,2,5,0.000687,93.230464
2,1,1,2,2,2,2,4,2,1,2,2,2,2,5,0.000687,93.231151
2,0,0,2,0,2,0,2,2,2,2,2,3,2,5,0.000687,93.231838
2,0,0,2,2,2,2,3,2,2,2,2,2,2,5,0.000687,93.232525
2,4,4,2,2,2,2,2,2,2,4,2,2,2,5,0.000687,93.233212
0,1,2,3,2,2,2,2,2,2,2,3,2,2,5,0.000687,93.233899
1,1,2,3,2,3,2,2,2,3,2,2,2,2,5,0.000687,93.234585
0,1,2,2,2,2,2,2,2,2,2,3,4,2,5,0.000687,93.235272
2,2,2,2,4,2,4,4,2,2,2,2,1,1,5,0.000687,93.235959
0,2,2,1,2,2,3,2,2,2,2,2,2,2,5,0.000687,93.236646
2,2,2,2,2,2,2,4,2,2,3,2,2,3,5,0.000687,93.237333
0,0,0,4,0,0,0,4,2,4,2,2,2,2,5,0.000687,93.238020
0,0,0,0,4,2,4,4,0,0,2,1,2,1,5,0.000687,93.238706
0,0,1,4,3,2,2,2,2,4,2,3,2,2,5,0.000687,93.239393
1,0,0,2,2,2,1,4,2,2,2,2,2,2,5,0.000687,93.240080
0,1,1,2,4,2,4,4,2,2,0,2,2,2,5,0.000687,93.240767
2,2,3,2,4,4,4,2,2,2,2,2,2,2,5,0.000687,93.241454
0,2,2,2,4,1,4,4,2,2,2,2,2,2,5,0.000687,93.242141
2,2,2,1,2,2,2,2,1,1,2,2,1,0,5,0.000687,93.242827
2,2,2,4,3,2,2,2,2,4,3,3,2,2,5,0.000687,93.243514
0,1,2,2,4,3,2,2,2,3,2,2,2,2,5,0.000687,93.244201
2,0,0,2,0,2,1,4,2,2,1,2,2,2,5,0.000687,93.244888
2,2,2,3,2,2,2,2,2,4,1,4,2,2,5,0.000687,93.245575
1,2,2,1,3,2,2,2,2,0,2,2,2,2,5,0.000687,93.246262
2,2,2,2,2,3,2,1,1,2,2,2,2,2,5,0.000687,93.246948
0,0,1,2,2,2,2,3,2,2,2,2,2,1,5,0.000687,93.247635
2,0,0,2,0,2,1,2,2,2,1,2,1,2,5,0.000687,93.248322
2,1,1,2,2,2,2,4,3,2,2,2,2,2,5,0.000687,93.249009
2,2,2,2,4,2,2,4,1,2,2,2,2,2,5,0.000687,93.249696
2,2,2,1,3,2,3,2,2,2,1,2,2,2,5,0.000687,93.250383
2,1,1,2,0,2,2,3,2,2,2,2,2,2,5,0.000687,93.251069
2,2,3,2,3,2,3,4,2,2,2,2,2,2,5,0.000687,93.251756
0,1,1,2,3,2,4,4,1,2,2,2,2,2,5,0.000687,93.252443
0,1,1,2,2,2,2,4,2,3,2,2,2,2,5,0.000687,93.253130
0,1,0,2,2,2,2,2,1,2,2,2,2,2,5,0.000687,93.253817
2,2,2,2,3,2,4,4,2,2,2,2,2,3,5,0.000687,93.254504
3,4,3,4,2,2,2,2,2,4,2,2,2,2,5,0.000687,93.255190
0,1,2,2,4,2,3,4,2,2,1,2,2,2,5,0.000687,93.255877
2,1,1,2,1,2,2,2,3,2,2,2,2,2,5,0.000687,93.256564
0,1,0,4,2,2,4,4,2,4,2,2,2,2,5,0.000687,93.257251
2,1,2,2,2,2,2,2,2,3,1,2,2,2,5,0.000687,93.257938
0,2,2,2,2,2,3,2,1,2,2,2,2,2,5,0.000687,93.258625
2,2,2,2,2,2,2,2,3,2,4,2,2,3,5,0.000687,93.259311
0,0,0,2,2,2,2,2,3,2,1,2,2,2,5,0.000687,93.259998
0,2,2,2,2,2,3,4,0,2,2,2,2,2,5,0.000687,93.260685
2,2,2,4,2,2,2,4,2,2,4,3,2,4,5,0.000687,93.261372
2,4,4,2,3,2,4,2,2,2,2,2,2,2,5,0.000687,93.262059
2,1,2,0,2,2,2,2,2,1,2,2,2,2,5,0.000687,93.262746
1,1,2,3,2,3,2,2,2,4,2,2,2,2,5,0.000687,93.263432
2,2,2,1,1,2,2,2,2,2,0,2,2,2,5,0.000687,93.264119
2,2,2,2,2,2,2,2,1,2,0,2,1,1,5,0.000687,93.264806
1,2,2,3,3,2,3,2,2,3,2,2,2,2,5,0.000687,93.265493
2,1,2,1,2,2,2,2,2,1,2,2,1,2,5,0.000687,93.266180
2,4,2,4,2,2,2,2,2,4,2,2,2,2,5,0.000687,93.266866
2,2,2,2,2,4,1,0,2,2,2,2,2,2,5,0.000687,93.267553
0,0,0,2,3,2,4,4,4,2,2,2,2,2,5,0.000687,93.268240
3,2,2,2,2,2,2,2,2,2,2,2,2,4,5,0.000687,93.268927
0,0,0,2,2,2,2,4,2,2,2,2,4,4,5,0.000687,93.269614
0,0,1,4,2,2,2,2,2,4,1,4,2,2,5,0.000687,93.270301
0,0,0,2,3,2,4,3,1,2,2,2,2,2,5,0.000687,93.270987
0,1,2,4,2,2,2,3,2,4,2,3,2,2,5,0.000687,93.271674
2,2,2,4,2,2,4,4,2,4,4,2,2,2,5,0.000687,93.272361
2,3,3,2,3,2,2,2,2,2,3,2,2,2,5,0.000687,93.273048
0,0,0,0,2,2,2,4,2,1,0,2,1,2,5,0.000687,93.273735
2,2,2,4,2,2,2,2,0,3,2,2,2,2,5,0.000687,93.274422
0,0,0,4,2,2,2,4,4,4,2,4,1,2,5,0.000687,93.275108
2,2,1,2,2,1,2,2,4,2,2,2,2,2,5,0.000687,93.275795
2,2,2,0,2,2,2,1,2,1,2,2,2,2,5,0.000687,93.276482
2,2,2,1,2,3,2,2,2,2,2,2,2,1,5,0.000687,93.277169
1,1,2,2,2,2,2,4,2,2,2,2,1,2,5,0.000687,93.277856
0,0,0,2,2,0,3,3,2,2,2,2,2,2,5,0.000687,93.278543
2,4,2,2,2,2,4,2,2,2,2,2,2,2,5,0.000687,93.279229
1,2,2,2,4,2,4,4,2,2,2,2,2,4,5,0.000687,93.279916
2,2,2,1,2,2,2,2,2,1,2,1,2,1,5,0.000687,93.280603
2,2,2,4,3,2,2,3,2,4,2,4,2,2,5,0.000687,93.281290
1,1,1,4,2,2,2,2,2,2,2,2,2,2,5,0.000687,93.281977
0,1,2,1,2,2,2,2,2,0,2,2,2,2,5,0.000687,93.282664
1,1,2,3,2,2,2,4,2,2,2,2,2,2,5,0.000687,93.283350
0,1,2,2,3,3,2,2,1,2,2,2,2,2,5,0.000687,93.284037
2,2,2,0,2,1,2,2,2,0,2,2,2,2,5,0.000687,93.284724
1,2,1,2,2,1,4,4,2,2,2,2,2,2,5,0.000687,93.285411
0,0,0,0,2,2,4,4,2,1,2,2,2,2,5,0.000687,93.286098
0,0,0,1,4,2,4,4,1,1,2,2,2,1,5,0.000687,93.286785
0,2,2,1,3,2,4,3,2,1,2,2,2,2,5,0.000687,93.287471
0,0,0,2,2,2,4,4,4,2,2,2,2,2,5,0.000687,93.288158
2,2,2,0,2,2,2,2,1,0,0,2,2,1,5,0.000687,93.288845
0,0,0,2,2,2,4,4,3,2,2,2,2,2,5,0.000687,93.289532
2,2,4,2,2,2,2,2,2,2,4,2,2,2,5,0.000687,93.290219
2,0,2,2,2,2,2,2,2,1,2,2,2,2,5,0.000687,93.290906
2,2,2,0,2,2,2,3,2,1,0,2,2,2,5,0.000687,93.291592
0,0,0,2,0,0,0,4,2,1,2,2,2,2,5,0.000687,93.292279
0,1,0,4,2,2,2,4,2,4,2,4,2,2,5,0.000687,93.292966
0,2,2,1,3,2,2,2,2,1,1,2,2,2,5,0.000687,93.293653
2,2,2,2,2,2,2,2,2,3,1,2,2,1,5,0.000687,93.294340
2,1,0,2,0,0,0,2,2,2,1,2,2,2,5,0.000687,93.295027
4,4,2,3,2,2,2,2,2,2,2,2,2,2,5,0.000687,93.295713
0,0,2,2,3,2,2,2,0,2,2,2,2,2,5,0.000687,93.296400
2,2,3,3,2,2,2,2,2,2,3,2,2,2,5,0.000687,93.297087
0,0,1,4,2,2,2,2,1,4,2,2,2,2,5,0.000687,93.297774
0,1,1,0,2,2,2,2,2,1,2,2,2,2,5,0.000687,93.298461
0,0,0,2,2,2,2,4,2,2,0,4,2,2,5,0.000687,93.299148
2,2,2,2,2,1,2,4,2,2,2,2,2,4,5,0.000687,93.299834
0,2,2,4,4,2,4,2,2,3,2,2,2,2,5,0.000687,93.300521
2,2,2,2,2,2,2,2,2,2,4,3,2,4,5,0.000687,93.301208
0,2,2,2,4,2,4,4,0,1,2,2,2,2,5,0.000687,93.301895
2,2,2,4,3,2,2,2,2,4,1,4,2,2,5,0.000687,93.302582
2,2,2,2,2,2,2,4,0,2,2,2,1,1,5,0.000687,93.303268
2,2,2,2,2,2,2,2,3,2,1,2,1,2,5,0.000687,93.303955
2,1,2,2,2,2,2,4,2,1,2,2,2,2,5,0.000687,93.304642
2,2,2,3,4,2,3,2,2,2,2,2,2,2,5,0.000687,93.305329
2,2,2,1,2,2,2,2,0,1,2,2,1,2,5,0.000687,93.306016
2,2,2,2,1,2,2,4,2,2,2,2,4,2,5,0.000687,93.306703
2,2,2,2,2,2,2,4,2,2,4,2,2,3,5,0.000687,93.307389
0,0,0,2,2,2,2,4,2,2,4,4,2,2,5,0.000687,93.308076
0,0,0,2,2,1,2,4,3,2,2,2,2,2,5,0.000687,93.308763
2,2,2,1,2,2,2,3,1,1,2,2,2,2,5,0.000687,93.309450
1,0,0,2,2,2,2,2,2,3,2,2,2,2,5,0.000687,93.310137
2,2,2,4,2,1,2,2,2,4,3,2,2,2,5,0.000687,93.310824
0,0,0,4,2,2,2,3,4,4,2,4,2,2,5,0.000687,93.311510
0,0,1,2,2,2,2,2,1,1,2,2,2,2,5,0.000687,93.312197
2,2,2,2,1,2,1,4,2,2,2,2,2,1,5,0.000687,93.312884
2,2,2,0,2,2,2,2,2,0,1,2,1,1,5,0.000687,93.313571
0,1,1,2,2,2,3,2,1,2,2,2,2,2,5,0.000687,93.314258
0,0,1,4,2,2,2,2,2,4,2,2,4,2,5,0.000687,93.314945
2,2,2,3,2,2,2,4,2,2,4,2,2,3,5,0.000687,93.315631
0,1,2,3,3,2,2,2,2,2,2,4,2,2,5,0.000687,93.316318
2,2,2,2,2,2,2,3,1,2,2,4,2,2,5,0.000687,93.317005
1,1,0,2,2,2,2,4,2,2,2,4,2,2,5,0.000687,93.317692
2,2,2,2,2,2,2,4,2,2,2,4,3,2,5,0.000687,93.318379
2,2,2,4,2,2,3,4,2,2,2,2,4,2,5,0.000687,93.319066
1,2,2,2,4,2,4,4,2,2,2,2,4,4,5,0.000687,93.319752
1,2,2,2,4,2,3,3,1,2,2,2,2,2,5,0.000687,93.320439
2,2,2,1,2,1,2,2,2,2,1,2,2,2,5,0.000687,93.321126
2,2,2,2,2,1,3,4,1,2,2,2,2,2,5,0.000687,93.321813
2,2,2,2,2,2,2,2,2,1,2,2,4,3,5,0.000687,93.322500
0,0,0,2,2,2,3,3,0,2,2,2,2,2,5,0.000687,93.323187
0,1,2,2,3,2,2,2,1,2,2,2,2,1,5,0.000687,93.323873
1,0,2,2,2,2,2,2,2,3,2,2,2,2,5,0.000687,93.324560
0,2,2,2,4,2,4,4,1,2,2,2,2,1,5,0.000687,93.325247
